Location_ID,Year,Month,Temp_Avg,Rain_mm,Temp_Lag1,Temp_Lag2,Rain_Lag1,Rain_Lag2
1,2016,1,21.9,23.0,22.56,22.54,10.13,36.93
1,2016,2,22.11,70.47,21.9,22.56,23.0,10.13
1,2016,3,21.91,35.6,22.11,21.9,70.47,23.0
1,2016,4,21.77,29.4,21.91,22.11,35.6,70.47
1,2016,5,21.94,37.07,21.77,21.91,29.4,35.6
1,2016,6,21.97,17.87,21.94,21.77,37.07,29.4
1,2016,7,22.1,21.0,21.97,21.94,17.87,37.07
1,2016,8,22.14,26.87,22.1,21.97,21.0,17.87
1,2016,9,22.49,71.47,22.14,22.1,26.87,21.0
1,2016,10,22.65,19.6,22.49,22.14,71.47,26.87
1,2016,11,22.56,15.53,22.65,22.49,19.6,71.47
1,2016,12,22.22,67.73,22.56,22.65,15.53,19.6
1,2017,1,21.11,29.7,22.22,22.56,67.73,15.53
1,2017,2,21.02,33.25,21.11,22.22,29.7,67.73
1,2017,3,20.73,13.6,21.02,21.11,33.25,29.7
1,2017,4,21.05,34.3,20.73,21.02,13.6,33.25
1,2017,5,20.97,28.3,21.05,20.73,34.3,13.6
1,2017,6,21.72,30.9,20.97,21.05,28.3,34.3
1,2017,7,21.43,40.08,21.72,20.97,30.9,28.3
1,2017,8,22.26,41.8,21.43,21.72,40.08,30.9
1,2017,9,22.2,33.4,22.26,21.43,41.8,40.08
1,2017,10,22.31,45.04,22.2,22.26,33.4,41.8
1,2017,11,21.7,99.08,22.31,22.2,45.04,33.4
1,2017,12,21.8,104.88,21.7,22.31,99.08,45.04
1,2018,1,21.41,43.96,21.8,21.7,104.88,99.08
1,2018,2,21.42,58.2,21.41,21.8,43.96,104.88
1,2018,3,21.55,76.72,21.42,21.41,58.2,43.96
1,2018,4,21.51,56.96,21.55,21.42,76.72,58.2
1,2018,5,21.29,60.08,21.51,21.55,56.96,76.72
1,2018,6,21.39,53.88,21.29,21.51,60.08,56.96
1,2018,7,21.41,57.84,21.39,21.29,53.88,60.08
1,2018,8,21.39,91.44,21.41,21.39,57.84,53.88
1,2018,9,21.19,54.32,21.39,21.41,91.44,57.84
1,2018,10,21.13,45.72,21.19,21.39,54.32,91.44
1,2018,11,21.7,12.04,21.13,21.19,45.72,54.32
1,2018,12,22.02,27.64,21.7,21.13,12.04,45.72
1,2019,1,22.76,28.4,22.02,21.7,27.64,12.04
1,2019,2,22.94,52.88,22.76,22.02,28.4,27.64
1,2019,3,22.77,65.76,22.94,22.76,52.88,28.4
1,2019,4,22.32,53.08,22.77,22.94,65.76,52.88
1,2019,5,21.78,71.6,22.32,22.77,53.08,65.76
1,2019,6,21.16,72.0,21.78,22.32,71.6,53.08
1,2019,7,21.05,38.6,21.16,21.78,72.0,71.6
1,2019,8,21.58,53.12,21.05,21.16,38.6,72.0
1,2019,9,22.18,30.96,21.58,21.05,53.12,38.6
1,2019,10,21.89,71.4,22.18,21.58,30.96,53.12
1,2019,11,22.01,48.64,21.89,22.18,71.4,30.96
1,2019,12,22.91,21.32,22.01,21.89,48.64,71.4
1,2020,1,21.62,17.72,22.91,22.01,21.32,48.64
1,2020,2,21.74,39.52,21.62,22.91,17.72,21.32
1,2020,3,21.85,100.04,21.74,21.62,39.52,17.72
1,2020,4,21.78,55.6,21.85,21.74,100.04,39.52
1,2020,5,21.72,113.2,21.78,21.85,55.6,100.04
1,2020,6,21.59,101.76,21.72,21.78,113.2,55.6
1,2020,7,21.44,50.88,21.59,21.72,101.76,113.2
1,2020,8,21.75,62.96,21.44,21.59,50.88,101.76
1,2020,9,21.57,62.44,21.75,21.44,62.96,50.88
1,2020,10,21.85,33.84,21.57,21.75,62.44,62.96
1,2020,11,21.83,48.88,21.85,21.57,33.84,62.44
1,2020,12,21.78,50.28,21.83,21.85,48.88,33.84
1,2021,1,20.96,38.28,21.78,21.83,50.28,48.88
1,2021,2,21.14,17.72,20.96,21.78,38.28,50.28
1,2021,3,21.52,62.16,21.14,20.96,17.72,38.28
1,2021,4,21.28,76.08,21.52,21.14,62.16,17.72
1,2021,5,21.5,40.76,21.28,21.52,76.08,62.16
1,2021,6,21.78,73.48,21.5,21.28,40.76,76.08
1,2021,7,21.74,59.32,21.78,21.5,73.48,40.76
1,2021,8,21.47,104.52,21.74,21.78,59.32,73.48
1,2021,9,21.56,31.52,21.47,21.74,104.52,59.32
1,2021,10,21.35,64.12,21.56,21.47,31.52,104.52
1,2021,11,21.26,60.52,21.35,21.56,64.12,31.52
1,2021,12,21.52,79.12,21.26,21.35,60.52,64.12
1,2022,1,21.41,42.04,21.52,21.26,79.12,60.52
1,2022,2,21.28,53.8,21.41,21.52,42.04,79.12
1,2022,3,21.37,63.64,21.28,21.41,53.8,42.04
1,2022,4,21.33,30.64,21.37,21.28,63.64,53.8
1,2022,5,21.62,17.72,21.33,21.37,30.64,63.64
1,2022,6,21.69,38.56,21.62,21.33,17.72,30.64
1,2022,7,21.68,31.48,21.69,21.62,38.56,17.72
1,2022,8,21.9,77.64,21.68,21.69,31.48,38.56
1,2022,9,21.81,66.44,21.9,21.68,77.64,31.48
1,2022,10,21.62,49.2,21.81,21.9,66.44,77.64
1,2022,11,21.29,52.96,21.62,21.81,49.2,66.44
1,2022,12,21.6,41.84,21.29,21.62,52.96,49.2
1,2023,1,22.34,45.16,21.6,21.29,41.84,52.96
1,2023,2,21.65,49.8,22.34,21.6,45.16,41.84
1,2023,3,21.25,62.96,21.65,22.34,49.8,45.16
1,2023,4,21.75,5.8,21.25,21.65,62.96,49.8
1,2023,5,22.03,24.04,21.75,21.25,5.8,62.96
1,2023,6,22.04,29.48,22.03,21.75,24.04,5.8
1,2023,7,21.83,43.0,22.04,22.03,29.48,24.04
1,2023,8,22.22,14.16,21.83,22.04,43.0,29.48
1,2023,9,22.27,39.2,22.22,21.83,14.16,43.0
1,2023,10,22.98,19.56,22.27,22.22,39.2,14.16
1,2023,11,22.77,48.84,22.98,22.27,19.56,39.2
1,2023,12,22.89,18.12,22.77,22.98,48.84,19.56
1,2024,1,22.36,20.76,22.89,22.77,18.12,48.84
1,2024,2,22.07,94.04,22.36,22.89,20.76,18.12
1,2024,3,22.12,92.84,22.07,22.36,94.04,20.76
1,2024,4,22.43,50.68,22.12,22.07,92.84,94.04
1,2024,5,22.16,89.36,22.43,22.12,50.68,92.84
1,2024,6,22.63,17.52,22.16,22.43,89.36,50.68
1,2024,7,22.5,38.92,22.63,22.16,17.52,89.36
1,2024,8,22.2,39.32,22.5,22.63,38.92,17.52
1,2024,9,22.47,55.16,22.2,22.5,39.32,38.92
1,2024,10,21.72,85.64,22.47,22.2,55.16,39.32
1,2024,11,21.78,80.2,21.72,22.47,85.64,55.16
1,2024,12,22.17,34.0,21.78,21.72,80.2,85.64
1,2025,1,22.29,24.24,22.17,21.78,34.0,80.2
1,2025,2,21.99,41.92,22.29,22.17,24.24,34.0
1,2025,3,21.34,80.92,21.99,22.29,41.92,24.24
1,2025,4,21.51,25.36,21.34,21.99,80.92,41.92
1,2025,5,21.69,34.32,21.51,21.34,25.36,80.92
1,2025,6,21.95,52.28,21.69,21.51,34.32,25.36
1,2025,7,22.45,12.72,21.95,21.69,52.28,34.32
1,2025,8,22.33,24.52,22.45,21.95,12.72,52.28
1,2025,9,22.06,61.96,22.33,22.45,24.52,12.72
1,2025,10,22.12,44.2,22.06,22.33,61.96,24.52
1,2025,11,22.43,19.24,22.12,22.06,44.2,61.96
1,2025,12,22.05,45.72,22.43,22.12,19.24,44.2
2,2016,1,23.87,37.55,24.29,24.34,27.18,37.93
2,2016,2,24.29,18.91,23.87,24.29,37.55,27.18
2,2016,3,23.93,38.28,24.29,23.87,18.91,37.55
2,2016,4,23.59,40.95,23.93,24.29,38.28,18.91
2,2016,5,24.01,46.03,23.59,23.93,40.95,38.28
2,2016,6,24.05,29.08,24.01,23.59,46.03,40.95
2,2016,7,23.94,34.4,24.05,24.01,29.08,46.03
2,2016,8,24.04,45.98,23.94,24.05,34.4,29.08
2,2016,9,24.16,40.07,24.04,23.94,45.98,34.4
2,2016,10,24.44,33.33,24.16,24.04,40.07,45.98
2,2016,11,24.49,24.09,24.44,24.16,33.33,40.07
2,2016,12,23.89,50.04,24.49,24.44,24.09,33.33
2,2017,1,23.09,35.76,23.89,24.49,50.04,24.09
2,2017,2,23.06,37.63,23.09,23.89,35.76,50.04
2,2017,3,23.05,36.91,23.06,23.09,37.63,35.76
2,2017,4,23.28,34.54,23.05,23.06,36.91,37.63
2,2017,5,23.34,57.35,23.28,23.05,34.54,36.91
2,2017,6,23.82,24.67,23.34,23.28,57.35,34.54
2,2017,7,24.2,35.99,23.82,23.34,24.67,57.35
2,2017,8,24.6,35.37,24.2,23.82,35.99,24.67
2,2017,9,24.61,18.91,24.6,24.2,35.37,35.99
2,2017,10,24.19,47.48,24.61,24.6,18.91,35.37
2,2017,11,23.98,76.43,24.19,24.61,47.48,18.91
2,2017,12,24.22,73.14,23.98,24.19,76.43,47.48
2,2018,1,23.69,51.26,24.22,23.98,73.14,76.43
2,2018,2,23.67,70.72,23.69,24.22,51.26,73.14
2,2018,3,23.67,55.54,23.67,23.69,70.72,51.26
2,2018,4,23.29,60.34,23.67,23.67,55.54,70.72
2,2018,5,23.1,52.2,23.29,23.67,60.34,55.54
2,2018,6,23.16,52.51,23.1,23.29,52.2,60.34
2,2018,7,23.37,42.71,23.16,23.1,52.51,52.2
2,2018,8,23.57,67.3,23.37,23.16,42.71,52.51
2,2018,9,23.77,60.04,23.57,23.37,67.3,42.71
2,2018,10,23.41,41.28,23.77,23.57,60.04,67.3
2,2018,11,23.74,42.14,23.41,23.77,41.28,60.04
2,2018,12,23.96,42.16,23.74,23.41,42.14,41.28
2,2019,1,24.99,27.45,23.96,23.74,42.16,42.14
2,2019,2,24.95,52.88,24.99,23.96,27.45,42.16
2,2019,3,24.62,40.27,24.95,24.99,52.88,27.45
2,2019,4,24.23,53.48,24.62,24.95,40.27,52.88
2,2019,5,24.0,42.0,24.23,24.62,53.48,40.27
2,2019,6,23.34,57.52,24.0,24.23,42.0,53.48
2,2019,7,23.5,32.88,23.34,24.0,57.52,42.0
2,2019,8,23.82,37.75,23.5,23.34,32.88,57.52
2,2019,9,24.27,33.35,23.82,23.5,37.75,32.88
2,2019,10,24.05,44.79,24.27,23.82,33.35,37.75
2,2019,11,24.08,41.98,24.05,24.27,44.79,33.35
2,2019,12,24.69,34.16,24.08,24.05,41.98,44.79
2,2020,1,24.64,16.75,24.69,24.08,34.16,41.98
2,2020,2,24.58,30.47,24.64,24.69,16.75,34.16
2,2020,3,24.75,24.28,24.58,24.64,30.47,16.75
2,2020,4,24.68,44.73,24.75,24.58,24.28,30.47
2,2020,5,24.74,43.63,24.68,24.75,44.73,24.28
2,2020,6,24.59,62.58,24.74,24.68,43.63,44.73
2,2020,7,24.28,52.32,24.59,24.74,62.58,43.63
2,2020,8,24.52,51.07,24.28,24.59,52.32,62.58
2,2020,9,24.44,43.38,24.52,24.28,51.07,52.32
2,2020,10,24.49,24.15,24.44,24.52,43.38,51.07
2,2020,11,24.68,36.66,24.49,24.44,24.15,43.38
2,2020,12,24.69,34.76,24.68,24.49,36.66,24.15
2,2021,1,23.97,27.45,24.69,24.68,34.76,36.66
2,2021,2,23.87,34.97,23.97,24.69,27.45,34.76
2,2021,3,24.23,32.28,23.87,23.97,34.97,27.45
2,2021,4,24.3,38.8,24.23,23.87,32.28,34.97
2,2021,5,24.27,25.65,24.3,24.23,38.8,32.28
2,2021,6,24.62,34.76,24.27,24.3,25.65,38.8
2,2021,7,24.25,51.32,24.62,24.27,34.76,25.65
2,2021,8,24.25,26.58,24.25,24.62,51.32,34.76
2,2021,9,24.38,23.8,24.25,24.25,26.58,51.32
2,2021,10,24.38,29.73,24.38,24.25,23.8,26.58
2,2021,11,23.88,64.11,24.38,24.38,29.73,23.8
2,2021,12,24.03,63.44,23.88,24.38,64.11,29.73
2,2022,1,23.62,53.32,24.03,23.88,63.44,64.11
2,2022,2,23.49,41.48,23.62,24.03,53.32,63.44
2,2022,3,23.67,30.75,23.49,23.62,41.48,53.32
2,2022,4,23.65,25.95,23.67,23.49,30.75,41.48
2,2022,5,23.72,20.69,23.65,23.67,25.95,30.75
2,2022,6,23.95,38.82,23.72,23.65,20.69,25.95
2,2022,7,23.94,50.56,23.95,23.72,38.82,20.69
2,2022,8,24.07,48.94,23.94,23.95,50.56,38.82
2,2022,9,24.14,38.59,24.07,23.94,48.94,50.56
2,2022,10,23.54,49.6,24.14,24.07,38.59,48.94
2,2022,11,23.3,38.44,23.54,24.14,49.6,38.59
2,2022,12,23.29,58.16,23.3,23.54,38.44,49.6
2,2023,1,24.52,20.35,23.29,23.3,58.16,38.44
2,2023,2,24.31,25.92,24.52,23.29,20.35,58.16
2,2023,3,23.83,36.33,24.31,24.52,25.92,20.35
2,2023,4,23.92,36.35,23.83,24.31,36.33,25.92
2,2023,5,24.1,23.48,23.92,23.83,36.35,36.33
2,2023,6,24.23,35.5,24.1,23.92,23.48,36.35
2,2023,7,24.19,37.01,24.23,24.1,35.5,23.48
2,2023,8,24.4,32.23,24.19,24.23,37.01,35.5
2,2023,9,24.47,35.66,24.4,24.19,32.23,37.01
2,2023,10,24.98,23.21,24.47,24.4,35.66,32.23
2,2023,11,24.9,41.08,24.98,24.47,23.21,35.66
2,2023,12,25.18,21.65,24.9,24.98,41.08,23.21
2,2024,1,24.86,27.65,25.18,24.9,21.65,41.08
2,2024,2,24.69,39.58,24.86,25.18,27.65,21.65
2,2024,3,24.65,41.36,24.69,24.86,39.58,27.65
2,2024,4,24.67,55.22,24.65,24.69,41.36,39.58
2,2024,5,24.46,53.84,24.67,24.65,55.22,41.36
2,2024,6,25.0,18.06,24.46,24.67,53.84,55.22
2,2024,7,25.14,25.65,25.0,24.46,18.06,53.84
2,2024,8,24.9,40.68,25.14,25.0,25.65,18.06
2,2024,9,24.76,36.4,24.9,25.14,40.68,25.65
2,2024,10,24.14,51.87,24.76,24.9,36.4,40.68
2,2024,11,24.4,36.33,24.14,24.76,51.87,36.4
2,2024,12,24.48,41.08,24.4,24.14,36.33,51.87
2,2025,1,24.56,28.51,24.48,24.4,41.08,36.33
2,2025,2,24.31,52.37,24.56,24.48,28.51,41.08
2,2025,3,23.98,36.46,24.31,24.56,52.37,28.51
2,2025,4,23.96,41.53,23.98,24.31,36.46,52.37
2,2025,5,23.97,32.68,23.96,23.98,41.53,36.46
2,2025,6,24.06,46.14,23.97,23.96,32.68,41.53
2,2025,7,24.6,15.12,24.06,23.97,46.14,32.68
2,2025,8,24.45,37.11,24.6,24.06,15.12,46.14
2,2025,9,24.04,32.5,24.45,24.6,37.11,15.12
2,2025,10,24.21,19.28,24.04,24.45,32.5,37.11
2,2025,11,24.26,23.58,24.21,24.04,19.28,32.5
2,2025,12,24.01,27.07,24.26,24.21,23.58,19.28
3,2016,1,25.32,32.25,25.32,25.78,21.88,30.28
3,2016,2,25.37,39.95,25.32,25.32,32.25,21.88
3,2016,3,25.15,38.76,25.37,25.32,39.95,32.25
3,2016,4,25.0,30.05,25.15,25.37,38.76,39.95
3,2016,5,25.17,47.06,25.0,25.15,30.05,38.76
3,2016,6,25.19,29.79,25.17,25.0,47.06,30.05
3,2016,7,25.14,37.48,25.19,25.17,29.79,47.06
3,2016,8,25.61,24.77,25.14,25.19,37.48,29.79
3,2016,9,25.58,48.41,25.61,25.14,24.77,37.48
3,2016,10,25.59,42.68,25.58,25.61,48.41,24.77
3,2016,11,25.54,32.26,25.59,25.58,42.68,48.41
3,2016,12,25.34,43.16,25.54,25.59,32.26,42.68
3,2017,1,25.02,49.92,25.34,25.54,43.16,32.26
3,2017,2,24.95,38.36,25.02,25.34,49.92,43.16
3,2017,3,24.96,27.12,24.95,25.02,38.36,49.92
3,2017,4,25.24,31.62,24.96,24.95,27.12,38.36
3,2017,5,25.61,26.06,25.24,24.96,31.62,27.12
3,2017,6,25.72,36.82,25.61,25.24,26.06,31.62
3,2017,7,25.61,30.84,25.72,25.61,36.82,26.06
3,2017,8,25.85,29.37,25.61,25.72,30.84,36.82
3,2017,9,25.87,41.62,25.85,25.61,29.37,30.84
3,2017,10,25.58,37.02,25.87,25.85,41.62,29.37
3,2017,11,25.44,60.38,25.58,25.87,37.02,41.62
3,2017,12,25.54,55.22,25.44,25.58,60.38,37.02
3,2018,1,25.16,57.9,25.54,25.44,55.22,60.38
3,2018,2,24.78,40.87,25.16,25.54,57.9,55.22
3,2018,3,24.24,42.72,24.78,25.16,40.87,57.9
3,2018,4,24.17,60.07,24.24,24.78,42.72,40.87
3,2018,5,24.25,43.38,24.17,24.24,60.07,42.72
3,2018,6,24.53,43.25,24.25,24.17,43.38,60.07
3,2018,7,24.79,45.22,24.53,24.25,43.25,43.38
3,2018,8,24.83,52.24,24.79,24.53,45.22,43.25
3,2018,9,24.82,31.18,24.83,24.79,52.24,45.22
3,2018,10,24.42,52.85,24.82,24.83,31.18,52.24
3,2018,11,24.81,46.54,24.42,24.82,52.85,31.18
3,2018,12,25.28,31.87,24.81,24.42,46.54,52.85
3,2019,1,25.76,26.96,25.28,24.81,31.87,46.54
3,2019,2,25.51,38.68,25.76,25.28,26.96,31.87
3,2019,3,25.02,47.02,25.51,25.76,38.68,26.96
3,2019,4,25.11,36.69,25.02,25.51,47.02,38.68
3,2019,5,25.14,40.11,25.11,25.02,36.69,47.02
3,2019,6,24.73,35.22,25.14,25.11,40.11,36.69
3,2019,7,24.75,42.08,24.73,25.14,35.22,40.11
3,2019,8,25.13,29.1,24.75,24.73,42.08,35.22
3,2019,9,25.51,37.17,25.13,24.75,29.1,42.08
3,2019,10,25.38,52.93,25.51,25.13,37.17,29.1
3,2019,11,25.4,54.98,25.38,25.51,52.93,37.17
3,2019,12,25.55,45.04,25.4,25.38,54.98,52.93
3,2020,1,26.14,19.37,25.55,25.4,45.04,54.98
3,2020,2,25.98,18.82,26.14,25.55,19.37,45.04
3,2020,3,25.92,14.16,25.98,26.14,18.82,19.37
3,2020,4,26.16,24.06,25.92,25.98,14.16,18.82
3,2020,5,26.44,22.43,26.16,25.92,24.06,14.16
3,2020,6,26.0,34.51,26.44,26.16,22.43,24.06
3,2020,7,25.62,32.38,26.0,26.44,34.51,22.43
3,2020,8,25.56,40.96,25.62,26.0,32.38,34.51
3,2020,9,25.5,37.89,25.56,25.62,40.96,32.38
3,2020,10,25.9,21.79,25.5,25.56,37.89,40.96
3,2020,11,25.98,40.42,25.9,25.5,21.79,37.89
3,2020,12,26.0,35.3,25.98,25.9,40.42,21.79
3,2021,1,25.55,17.15,26.0,25.98,35.3,40.42
3,2021,2,25.95,15.32,25.55,26.0,17.15,35.3
3,2021,3,25.34,21.36,25.95,25.55,15.32,17.15
3,2021,4,25.69,10.81,25.34,25.95,21.36,15.32
3,2021,5,25.74,18.64,25.69,25.34,10.81,21.36
3,2021,6,25.42,25.21,25.74,25.69,18.64,10.81
3,2021,7,25.25,17.17,25.42,25.74,25.21,18.64
3,2021,8,25.66,19.13,25.25,25.42,17.17,25.21
3,2021,9,25.63,15.64,25.66,25.25,19.13,17.17
3,2021,10,25.52,11.45,25.63,25.66,15.64,19.13
3,2021,11,25.44,22.7,25.52,25.63,11.45,15.64
3,2021,12,24.96,26.83,25.44,25.52,22.7,11.45
3,2022,1,23.48,15.07,24.96,25.44,26.83,22.7
3,2022,2,23.97,8.11,23.48,24.96,15.07,26.83
3,2022,3,24.39,16.03,23.97,23.48,8.11,15.07
3,2022,4,24.61,7.69,24.39,23.97,16.03,8.11
3,2022,5,24.93,14.86,24.61,24.39,7.69,16.03
3,2022,6,25.61,3.68,24.93,24.61,14.86,7.69
3,2022,7,25.78,13.51,25.61,24.93,3.68,14.86
3,2022,8,26.18,12.29,25.78,25.61,13.51,3.68
3,2022,9,25.97,22.52,26.18,25.78,12.29,13.51
3,2022,10,25.39,20.92,25.97,26.18,22.52,12.29
3,2022,11,24.92,19.83,25.39,25.97,20.92,22.52
3,2022,12,24.56,15.67,24.92,25.39,19.83,20.92
3,2023,1,25.8,29.46,24.56,24.92,15.67,19.83
3,2023,2,25.89,31.17,25.8,24.56,29.46,15.67
3,2023,3,25.56,38.23,25.89,25.8,31.17,29.46
3,2023,4,25.37,47.34,25.56,25.89,38.23,31.17
3,2023,5,25.69,26.57,25.37,25.56,47.34,38.23
3,2023,6,25.8,49.15,25.69,25.37,26.57,47.34
3,2023,7,25.85,30.48,25.8,25.69,49.15,26.57
3,2023,8,25.97,39.01,25.85,25.8,30.48,49.15
3,2023,9,26.04,30.93,25.97,25.85,39.01,30.48
3,2023,10,26.14,32.29,26.04,25.97,30.93,39.01
3,2023,11,26.01,41.05,26.14,26.04,32.29,30.93
3,2023,12,26.03,31.21,26.01,26.14,41.05,32.29
3,2024,1,26.28,34.42,26.03,26.01,31.21,41.05
3,2024,2,26.17,37.53,26.28,26.03,34.42,31.21
3,2024,3,25.95,48.39,26.17,26.28,37.53,34.42
3,2024,4,26.09,44.08,25.95,26.17,48.39,37.53
3,2024,5,25.82,61.16,26.09,25.95,44.08,48.39
3,2024,6,26.1,23.73,25.82,26.09,61.16,44.08
3,2024,7,26.29,23.94,26.1,25.82,23.73,61.16
3,2024,8,26.25,33.85,26.29,26.1,23.94,23.73
3,2024,9,25.58,31.33,26.25,26.29,33.85,23.94
3,2024,10,25.24,37.0,25.58,26.25,31.33,33.85
3,2024,11,25.6,39.55,25.24,25.58,37.0,31.33
3,2024,12,25.64,38.04,25.6,25.24,39.55,37.0
3,2025,1,25.54,24.65,25.64,25.6,38.04,39.55
3,2025,2,25.55,24.16,25.54,25.64,24.65,38.04
3,2025,3,25.82,20.23,25.55,25.54,24.16,24.65
3,2025,4,25.68,35.17,25.82,25.55,20.23,24.16
3,2025,5,25.46,34.8,25.68,25.82,35.17,20.23
3,2025,6,25.33,22.37,25.46,25.68,34.8,35.17
3,2025,7,25.55,24.98,25.33,25.46,22.37,34.8
3,2025,8,25.8,37.04,25.55,25.33,24.98,22.37
3,2025,9,25.21,33.51,25.8,25.55,37.04,24.98
3,2025,10,25.33,32.09,25.21,25.8,33.51,37.04
3,2025,11,25.33,25.84,25.33,25.21,32.09,33.51
3,2025,12,25.47,38.18,25.33,25.33,25.84,32.09
4,2016,1,23.27,17.69,23.17,23.93,53.96,53.55
4,2016,2,23.52,45.5,23.27,23.17,17.69,53.96
4,2016,3,22.89,33.24,23.52,23.27,45.5,17.69
4,2016,4,23.0,15.69,22.89,23.52,33.24,45.5
4,2016,5,23.72,33.31,23.0,22.89,15.69,33.24
4,2016,6,23.17,28.36,23.72,23.0,33.31,15.69
4,2016,7,22.71,28.65,23.17,23.72,28.36,33.31
4,2016,8,22.86,32.54,22.71,23.17,28.65,28.36
4,2016,9,23.23,48.94,22.86,22.71,32.54,28.65
4,2016,10,23.58,50.67,23.23,22.86,48.94,32.54
4,2016,11,23.5,33.49,23.58,23.23,50.67,48.94
4,2016,12,23.53,15.79,23.5,23.58,33.49,50.67
4,2017,1,23.18,34.76,23.53,23.5,15.79,33.49
4,2017,2,23.02,55.59,23.18,23.53,34.76,15.79
4,2017,3,23.48,19.59,23.02,23.18,55.59,34.76
4,2017,4,23.87,47.07,23.48,23.02,19.59,55.59
4,2017,5,24.07,50.8,23.87,23.48,47.07,19.59
4,2017,6,24.39,41.79,24.07,23.87,50.8,47.07
4,2017,7,24.83,21.35,24.39,24.07,41.79,50.8
4,2017,8,25.35,33.86,24.83,24.39,21.35,41.79
4,2017,9,25.38,29.27,25.35,24.83,33.86,21.35
4,2017,10,25.21,32.17,25.38,25.35,29.27,33.86
4,2017,11,24.75,12.67,25.21,25.38,32.17,29.27
4,2017,12,24.95,30.24,24.75,25.21,12.67,32.17
4,2018,1,23.91,60.72,24.95,24.75,30.24,12.67
4,2018,2,23.32,45.17,23.91,24.95,60.72,30.24
4,2018,3,23.16,31.5,23.32,23.91,45.17,60.72
4,2018,4,23.1,18.79,23.16,23.32,31.5,45.17
4,2018,5,22.77,25.89,23.1,23.16,18.79,31.5
4,2018,6,22.44,21.12,22.77,23.1,25.89,18.79
4,2018,7,22.92,13.25,22.44,22.77,21.12,25.89
4,2018,8,22.53,52.48,22.92,22.44,13.25,21.12
4,2018,9,22.61,63.81,22.53,22.92,52.48,13.25
4,2018,10,23.18,80.4,22.61,22.53,63.81,52.48
4,2018,11,23.77,53.22,23.18,22.61,80.4,63.81
4,2018,12,24.38,40.7,23.77,23.18,53.22,80.4
4,2019,1,25.58,33.05,24.38,23.77,40.7,53.22
4,2019,2,24.95,23.65,25.58,24.38,33.05,40.7
4,2019,3,24.53,32.85,24.95,25.58,23.65,33.05
4,2019,4,24.49,36.14,24.53,24.95,32.85,23.65
4,2019,5,23.83,70.97,24.49,24.53,36.14,32.85
4,2019,6,22.91,27.28,23.83,24.49,70.97,36.14
4,2019,7,23.87,23.6,22.91,23.83,27.28,70.97
4,2019,8,24.69,14.48,23.87,22.91,23.6,27.28
4,2019,9,25.14,39.83,24.69,23.87,14.48,23.6
4,2019,10,24.89,21.06,25.14,24.69,39.83,14.48
4,2019,11,25.57,26.87,24.89,25.14,21.06,39.83
4,2019,12,25.17,46.1,25.57,24.89,26.87,21.06
4,2020,1,24.85,15.65,25.17,25.57,46.1,26.87
4,2020,2,24.33,12.08,24.85,25.17,15.65,46.1
4,2020,3,23.76,19.2,24.33,24.85,12.08,15.65
4,2020,4,24.13,12.38,23.76,24.33,19.2,12.08
4,2020,5,24.97,16.29,24.13,23.76,12.38,19.2
4,2020,6,24.93,26.44,24.97,24.13,16.29,12.38
4,2020,7,24.01,47.5,24.93,24.97,26.44,16.29
4,2020,8,23.91,6.79,24.01,24.93,47.5,26.44
4,2020,9,24.42,11.57,23.91,24.01,6.79,47.5
4,2020,10,24.95,11.88,24.42,23.91,11.57,6.79
4,2020,11,25.48,14.33,24.95,24.42,11.88,11.57
4,2020,12,25.58,26.0,25.48,24.95,14.33,11.88
4,2021,1,23.83,8.63,25.58,25.48,26.0,14.33
4,2021,2,24.72,11.01,23.83,25.58,8.63,26.0
4,2021,3,25.93,13.57,24.72,23.83,11.01,8.63
4,2021,4,25.17,31.74,25.93,24.72,13.57,11.01
4,2021,5,24.79,18.48,25.17,25.93,31.74,13.57
4,2021,6,25.12,13.99,24.79,25.17,18.48,31.74
4,2021,7,24.59,17.69,25.12,24.79,13.99,18.48
4,2021,8,24.95,9.03,24.59,25.12,17.69,13.99
4,2021,9,24.61,12.36,24.95,24.59,9.03,17.69
4,2021,10,24.64,29.5,24.61,24.95,12.36,9.03
4,2021,11,24.59,13.91,24.64,24.61,29.5,12.36
4,2021,12,24.28,18.69,24.59,24.64,13.91,29.5
4,2022,1,22.68,8.42,24.28,24.59,18.69,13.91
4,2022,2,23.48,8.98,22.68,24.28,8.42,18.69
4,2022,3,23.27,12.02,23.48,22.68,8.98,8.42
4,2022,4,23.33,16.51,23.27,23.48,12.02,8.98
4,2022,5,23.76,8.5,23.33,23.27,16.51,12.02
4,2022,6,24.4,16.02,23.76,23.33,8.5,16.51
4,2022,7,24.44,10.66,24.4,23.76,16.02,8.5
4,2022,8,25.13,9.35,24.44,24.4,10.66,16.02
4,2022,9,25.61,13.01,25.13,24.44,9.35,10.66
4,2022,10,24.74,10.35,25.61,25.13,13.01,9.35
4,2022,11,23.63,36.46,24.74,25.61,10.35,13.01
4,2022,12,23.79,18.75,23.63,24.74,36.46,10.35
4,2023,1,24.75,34.74,23.79,23.63,18.75,36.46
4,2023,2,25.24,30.32,24.75,23.79,34.74,18.75
4,2023,3,24.94,56.18,25.24,24.75,30.32,34.74
4,2023,4,24.27,58.99,24.94,25.24,56.18,30.32
4,2023,5,23.75,24.05,24.27,24.94,58.99,56.18
4,2023,6,24.76,18.22,23.75,24.27,24.05,58.99
4,2023,7,25.43,32.16,24.76,23.75,18.22,24.05
4,2023,8,24.89,53.51,25.43,24.76,32.16,18.22
4,2023,9,24.71,30.13,24.89,25.43,53.51,32.16
4,2023,10,25.05,52.46,24.71,24.89,30.13,53.51
4,2023,11,25.69,20.67,25.05,24.71,52.46,30.13
4,2023,12,25.13,47.07,25.69,25.05,20.67,52.46
4,2024,1,25.42,29.0,25.13,25.69,47.07,20.67
4,2024,2,25.8,39.35,25.42,25.13,29.0,47.07
4,2024,3,25.94,55.28,25.8,25.42,39.35,29.0
4,2024,4,25.99,23.99,25.94,25.8,55.28,39.35
4,2024,5,25.86,33.57,25.99,25.94,23.99,55.28
4,2024,6,25.49,19.09,25.86,25.99,33.57,23.99
4,2024,7,25.91,32.23,25.49,25.86,19.09,33.57
4,2024,8,25.29,44.82,25.91,25.49,32.23,19.09
4,2024,9,24.57,41.03,25.29,25.91,44.82,32.23
4,2024,10,23.98,47.38,24.57,25.29,41.03,44.82
4,2024,11,24.76,42.94,23.98,24.57,47.38,41.03
4,2024,12,24.18,32.93,24.76,23.98,42.94,47.38
4,2025,1,23.62,28.53,24.18,24.76,32.93,42.94
4,2025,2,24.04,27.64,23.62,24.18,28.53,32.93
4,2025,3,24.69,23.34,24.04,23.62,27.64,28.53
4,2025,4,24.9,31.83,24.69,24.04,23.34,27.64
4,2025,5,24.16,43.97,24.9,24.69,31.83,23.34
4,2025,6,24.04,15.22,24.16,24.9,43.97,31.83
4,2025,7,24.29,19.14,24.04,24.16,15.22,43.97
4,2025,8,23.94,42.45,24.29,24.04,19.14,15.22
4,2025,9,23.21,20.82,23.94,24.29,42.45,19.14
4,2025,10,23.23,16.0,23.21,23.94,20.82,42.45
4,2025,11,23.8,15.24,23.23,23.21,16.0,20.82
4,2025,12,23.76,51.48,23.8,23.23,15.24,16.0
5,2016,1,18.48,35.46,18.97,18.98,15.57,62.28
5,2016,2,17.78,40.02,18.48,18.97,35.46,15.57
5,2016,3,17.32,64.0,17.78,18.48,40.02,35.46
5,2016,4,18.09,22.81,17.32,17.78,64.0,40.02
5,2016,5,18.9,49.51,18.09,17.32,22.81,64.0
5,2016,6,18.24,53.14,18.9,18.09,49.51,22.81
5,2016,7,18.07,16.77,18.24,18.9,53.14,49.51
5,2016,8,17.99,29.25,18.07,18.24,16.77,53.14
5,2016,9,17.46,59.8,17.99,18.07,29.25,16.77
5,2016,10,18.43,25.32,17.46,17.99,59.8,29.25
5,2016,11,18.6,54.13,18.43,17.46,25.32,59.8
5,2016,12,18.43,21.82,18.6,18.43,54.13,25.32
5,2017,1,19.01,44.21,18.43,18.6,21.82,54.13
5,2017,2,19.19,34.84,19.01,18.43,44.21,21.82
5,2017,3,19.38,54.04,19.19,19.01,34.84,44.21
5,2017,4,19.53,95.96,19.38,19.19,54.04,34.84
5,2017,5,19.11,67.6,19.53,19.38,95.96,54.04
5,2017,6,18.93,14.6,19.11,19.53,67.6,95.96
5,2017,7,19.52,32.66,18.93,19.11,14.6,67.6
5,2017,8,20.13,81.29,19.52,18.93,32.66,14.6
5,2017,9,19.9,74.55,20.13,19.52,81.29,32.66
5,2017,10,19.37,108.7,19.9,20.13,74.55,81.29
5,2017,11,18.41,72.68,19.37,19.9,108.7,74.55
5,2017,12,18.32,122.71,18.41,19.37,72.68,108.7
5,2018,1,18.81,72.03,18.32,18.41,122.71,72.68
5,2018,2,17.98,63.05,18.81,18.32,72.03,122.71
5,2018,3,17.45,67.38,17.98,18.81,63.05,72.03
5,2018,4,17.72,28.34,17.45,17.98,67.38,63.05
5,2018,5,18.0,7.4,17.72,17.45,28.34,67.38
5,2018,6,17.83,9.16,18.0,17.72,7.4,28.34
5,2018,7,18.1,15.59,17.83,18.0,9.16,7.4
5,2018,8,18.22,13.81,18.1,17.83,15.59,9.16
5,2018,9,18.69,35.7,18.22,18.1,13.81,15.59
5,2018,10,19.56,26.04,18.69,18.22,35.7,13.81
5,2018,11,19.93,35.76,19.56,18.69,26.04,35.7
5,2018,12,18.92,52.59,19.93,19.56,35.76,26.04
5,2019,1,19.77,27.88,18.92,19.93,52.59,35.76
5,2019,2,18.65,52.7,19.77,18.92,27.88,52.59
5,2019,3,17.63,51.49,18.65,19.77,52.7,27.88
5,2019,4,17.19,74.34,17.63,18.65,51.49,52.7
5,2019,5,16.97,73.63,17.19,17.63,74.34,51.49
5,2019,6,17.38,39.09,16.97,17.19,73.63,74.34
5,2019,7,18.52,46.2,17.38,16.97,39.09,73.63
5,2019,8,19.18,35.22,18.52,17.38,46.2,39.09
5,2019,9,19.97,80.01,19.18,18.52,35.22,46.2
5,2019,10,19.89,81.27,19.97,19.18,80.01,35.22
5,2019,11,19.86,49.21,19.89,19.97,81.27,80.01
5,2019,12,19.86,47.82,19.86,19.89,49.21,81.27
5,2020,1,18.62,20.78,19.86,19.86,47.82,49.21
5,2020,2,18.29,28.49,18.62,19.86,20.78,47.82
5,2020,3,16.92,34.91,18.29,18.62,28.49,20.78
5,2020,4,17.71,12.1,16.92,18.29,34.91,28.49
5,2020,5,18.56,66.84,17.71,16.92,12.1,34.91
5,2020,6,18.18,46.94,18.56,17.71,66.84,12.1
5,2020,7,17.87,63.84,18.18,18.56,46.94,66.84
5,2020,8,18.17,28.53,17.87,18.18,63.84,46.94
5,2020,9,18.7,11.13,18.17,17.87,28.53,63.84
5,2020,10,19.08,46.67,18.7,18.17,11.13,28.53
5,2020,11,19.68,24.17,19.08,18.7,46.67,11.13
5,2020,12,19.66,94.42,19.68,19.08,24.17,46.67
5,2021,1,18.28,26.45,19.66,19.68,94.42,24.17
5,2021,2,18.89,14.18,18.28,19.66,26.45,94.42
5,2021,3,18.7,42.42,18.89,18.28,14.18,26.45
5,2021,4,18.74,46.1,18.7,18.89,42.42,14.18
5,2021,5,18.67,49.74,18.74,18.7,46.1,42.42
5,2021,6,18.04,27.86,18.67,18.74,49.74,46.1
5,2021,7,18.1,35.4,18.04,18.67,27.86,49.74
5,2021,8,18.76,42.6,18.1,18.04,35.4,27.86
5,2021,9,18.98,23.4,18.76,18.1,42.6,35.4
5,2021,10,19.07,31.18,18.98,18.76,23.4,42.6
5,2021,11,18.35,37.96,19.07,18.98,31.18,23.4
5,2021,12,17.64,26.43,18.35,19.07,37.96,31.18
5,2022,1,17.1,23.55,17.64,18.35,26.43,37.96
5,2022,2,17.87,42.06,17.1,17.64,23.55,26.43
5,2022,3,17.78,67.51,17.87,17.1,42.06,23.55
5,2022,4,17.99,86.64,17.78,17.87,67.51,42.06
5,2022,5,18.47,26.12,17.99,17.78,86.64,67.51
5,2022,6,18.29,67.82,18.47,17.99,26.12,86.64
5,2022,7,18.26,27.34,18.29,18.47,67.82,26.12
5,2022,8,18.74,9.72,18.26,18.29,27.34,67.82
5,2022,9,18.85,21.08,18.74,18.26,9.72,27.34
5,2022,10,18.09,43.72,18.85,18.74,21.08,9.72
5,2022,11,18.08,41.88,18.09,18.85,43.72,21.08
5,2022,12,17.89,27.39,18.08,18.09,41.88,43.72
5,2023,1,20.05,18.68,17.89,18.08,27.39,41.88
5,2023,2,19.46,95.09,20.05,17.89,18.68,27.39
5,2023,3,19.18,96.23,19.46,20.05,95.09,18.68
5,2023,4,19.07,144.02,19.18,19.46,96.23,95.09
5,2023,5,18.62,46.74,19.07,19.18,144.02,96.23
5,2023,6,19.48,61.46,18.62,19.07,46.74,144.02
5,2023,7,20.16,118.46,19.48,18.62,61.46,46.74
5,2023,8,19.49,67.63,20.16,19.48,118.46,61.46
5,2023,9,19.25,39.41,19.49,20.16,67.63,118.46
5,2023,10,20.08,22.04,19.25,19.49,39.41,67.63
5,2023,11,20.28,104.21,20.08,19.25,22.04,39.41
5,2023,12,18.84,123.62,20.28,20.08,104.21,22.04
5,2024,1,19.97,97.27,18.84,20.28,123.62,104.21
5,2024,2,19.8,123.46,19.97,18.84,97.27,123.62
5,2024,3,19.28,26.51,19.8,19.97,123.46,97.27
5,2024,4,18.49,78.49,19.28,19.8,26.51,123.46
5,2024,5,19.16,36.76,18.49,19.28,78.49,26.51
5,2024,6,19.69,41.83,19.16,18.49,36.76,78.49
5,2024,7,19.64,91.2,19.69,19.16,41.83,36.76
5,2024,8,19.18,53.4,19.64,19.69,91.2,41.83
5,2024,9,18.28,29.14,19.18,19.64,53.4,91.2
5,2024,10,18.92,36.49,18.28,19.18,29.14,53.4
5,2024,11,19.14,57.37,18.92,18.28,36.49,29.14
5,2024,12,18.71,56.05,19.14,18.92,57.37,36.49
5,2025,1,18.82,14.42,18.71,19.14,56.05,57.37
5,2025,2,20.02,28.64,18.82,18.71,14.42,56.05
5,2025,3,20.33,45.98,20.02,18.82,28.64,14.42
5,2025,4,20.08,27.02,20.33,20.02,45.98,28.64
5,2025,5,19.96,15.31,20.08,20.33,27.02,45.98
5,2025,6,19.0,26.11,19.96,20.08,15.31,27.02
5,2025,7,18.58,61.23,19.0,19.96,26.11,15.31
5,2025,8,18.68,63.47,18.58,19.0,61.23,26.11
5,2025,9,17.58,81.32,18.68,18.58,63.47,61.23
5,2025,10,17.84,31.86,17.58,18.68,81.32,63.47
5,2025,11,18.84,26.98,17.84,17.58,31.86,81.32
5,2025,12,20.09,62.02,18.84,17.84,26.98,31.86
6,2016,1,17.5,39.48,18.63,19.17,36.27,63.77
6,2016,2,17.61,35.09,17.5,18.63,39.48,36.27
6,2016,3,17.06,114.62,17.61,17.5,35.09,39.48
6,2016,4,17.52,65.35,17.06,17.61,114.62,35.09
6,2016,5,18.21,20.26,17.52,17.06,65.35,114.62
6,2016,6,17.64,76.07,18.21,17.52,20.26,65.35
6,2016,7,17.14,31.96,17.64,18.21,76.07,20.26
6,2016,8,17.22,38.8,17.14,17.64,31.96,76.07
6,2016,9,17.21,47.47,17.22,17.14,38.8,31.96
6,2016,10,17.6,89.3,17.21,17.22,47.47,38.8
6,2016,11,17.56,47.83,17.6,17.21,89.3,47.47
6,2016,12,17.68,42.42,17.56,17.6,47.83,89.3
6,2017,1,18.04,44.78,17.68,17.56,42.42,47.83
6,2017,2,18.04,34.16,18.04,17.68,44.78,42.42
6,2017,3,18.18,64.05,18.04,18.04,34.16,44.78
6,2017,4,18.72,86.59,18.18,18.04,64.05,34.16
6,2017,5,18.97,105.75,18.72,18.18,86.59,64.05
6,2017,6,18.74,54.72,18.97,18.72,105.75,86.59
6,2017,7,18.82,37.64,18.74,18.97,54.72,105.75
6,2017,8,19.21,50.67,18.82,18.74,37.64,54.72
6,2017,9,19.36,38.45,19.21,18.82,50.67,37.64
6,2017,10,19.02,59.51,19.36,19.21,38.45,50.67
6,2017,11,19.02,33.23,19.02,19.36,59.51,38.45
6,2017,12,18.63,44.26,19.02,19.02,33.23,59.51
6,2018,1,19.02,55.15,18.63,19.02,44.26,33.23
6,2018,2,18.67,76.19,19.02,18.63,55.15,44.26
6,2018,3,17.82,87.22,18.67,19.02,76.19,55.15
6,2018,4,17.55,40.07,17.82,18.67,87.22,76.19
6,2018,5,17.67,15.1,17.55,17.82,40.07,87.22
6,2018,6,17.61,15.35,17.67,17.55,15.1,40.07
6,2018,7,17.52,26.1,17.61,17.67,15.35,15.1
6,2018,8,17.34,15.9,17.52,17.61,26.1,15.35
6,2018,9,17.42,22.97,17.34,17.52,15.9,26.1
6,2018,10,18.16,49.33,17.42,17.34,22.97,15.9
6,2018,11,18.77,48.07,18.16,17.42,49.33,22.97
6,2018,12,18.54,58.92,18.77,18.16,48.07,49.33
6,2019,1,19.67,42.49,18.54,18.77,58.92,48.07
6,2019,2,19.39,47.93,19.67,18.54,42.49,58.92
6,2019,3,18.72,63.54,19.39,19.67,47.93,42.49
6,2019,4,17.84,47.91,18.72,19.39,63.54,47.93
6,2019,5,17.27,85.59,17.84,18.72,47.91,63.54
6,2019,6,17.15,67.42,17.27,17.84,85.59,47.91
6,2019,7,17.8,53.43,17.15,17.27,67.42,85.59
6,2019,8,18.73,22.69,17.8,17.15,53.43,67.42
6,2019,9,19.58,24.98,18.73,17.8,22.69,53.43
6,2019,10,19.81,62.88,19.58,18.73,24.98,22.69
6,2019,11,19.61,61.76,19.81,19.58,62.88,24.98
6,2019,12,19.88,54.14,19.61,19.81,61.76,62.88
6,2020,1,18.44,23.94,19.88,19.61,54.14,61.76
6,2020,2,18.17,29.97,18.44,19.88,23.94,54.14
6,2020,3,16.9,57.77,18.17,18.44,29.97,23.94
6,2020,4,16.94,34.05,16.9,18.17,57.77,29.97
6,2020,5,17.74,44.23,16.94,16.9,34.05,57.77
6,2020,6,18.13,74.3,17.74,16.94,44.23,34.05
6,2020,7,18.01,58.89,18.13,17.74,74.3,44.23
6,2020,8,18.06,43.14,18.01,18.13,58.89,74.3
6,2020,9,18.18,48.59,18.06,18.01,43.14,58.89
6,2020,10,18.47,36.25,18.18,18.06,48.59,43.14
6,2020,11,19.18,59.85,18.47,18.18,36.25,48.59
6,2020,12,19.66,44.02,19.18,18.47,59.85,36.25
6,2021,1,17.6,50.13,19.66,19.18,44.02,59.85
6,2021,2,18.62,18.15,17.6,19.66,50.13,44.02
6,2021,3,18.84,32.49,18.62,17.6,18.15,50.13
6,2021,4,18.85,23.36,18.84,18.62,32.49,18.15
6,2021,5,18.95,40.47,18.85,18.84,23.36,32.49
6,2021,6,18.08,69.54,18.95,18.85,40.47,23.36
6,2021,7,17.65,35.03,18.08,18.95,69.54,40.47
6,2021,8,18.35,40.07,17.65,18.08,35.03,69.54
6,2021,9,18.57,55.2,18.35,17.65,40.07,35.03
6,2021,10,18.64,22.48,18.57,18.35,55.2,40.07
6,2021,11,18.52,17.77,18.64,18.57,22.48,55.2
6,2021,12,18.41,43.6,18.52,18.64,17.77,22.48
6,2022,1,17.09,56.44,18.41,18.52,43.6,17.77
6,2022,2,18.23,50.98,17.09,18.41,56.44,43.6
6,2022,3,18.28,71.05,18.23,17.09,50.98,56.44
6,2022,4,18.18,76.91,18.28,18.23,71.05,50.98
6,2022,5,18.51,41.38,18.18,18.28,76.91,71.05
6,2022,6,18.36,65.4,18.51,18.18,41.38,76.91
6,2022,7,18.02,50.45,18.36,18.51,65.4,41.38
6,2022,8,18.29,22.87,18.02,18.36,50.45,65.4
6,2022,9,18.71,31.52,18.29,18.02,22.87,50.45
6,2022,10,18.38,76.39,18.71,18.29,31.52,22.87
6,2022,11,17.89,61.31,18.38,18.71,76.39,31.52
6,2022,12,18.13,53.58,17.89,18.38,61.31,76.39
6,2023,1,19.38,11.18,18.13,17.89,53.58,61.31
6,2023,2,18.79,64.78,19.38,18.13,11.18,53.58
6,2023,3,19.18,134.58,18.79,19.38,64.78,11.18
6,2023,4,18.85,166.86,19.18,18.79,134.58,64.78
6,2023,5,18.26,41.1,18.85,19.18,166.86,134.58
6,2023,6,18.65,58.48,18.26,18.85,41.1,166.86
6,2023,7,18.98,106.38,18.65,18.26,58.48,41.1
6,2023,8,18.68,85.45,18.98,18.65,106.38,58.48
6,2023,9,18.24,59.66,18.68,18.98,85.45,106.38
6,2023,10,18.72,57.08,18.24,18.68,59.66,85.45
6,2023,11,19.35,111.51,18.72,18.24,57.08,59.66
6,2023,12,19.06,130.5,19.35,18.72,111.51,57.08
6,2024,1,19.61,15.88,19.06,19.35,130.5,111.51
6,2024,2,19.31,97.71,19.61,19.06,15.88,130.5
6,2024,3,19.46,50.17,19.31,19.61,97.71,15.88
6,2024,4,19.36,50.58,19.46,19.31,50.17,97.71
6,2024,5,19.41,55.08,19.36,19.46,50.58,50.17
6,2024,6,19.4,28.39,19.41,19.36,55.08,50.58
6,2024,7,19.39,131.52,19.4,19.41,28.39,55.08
6,2024,8,19.61,52.07,19.39,19.4,131.52,28.39
6,2024,9,18.58,71.58,19.61,19.39,52.07,131.52
6,2024,10,19.01,40.24,18.58,19.61,71.58,52.07
6,2024,11,19.38,76.22,19.01,18.58,40.24,71.58
6,2024,12,18.79,33.93,19.38,19.01,76.22,40.24
6,2025,1,18.53,19.55,18.79,19.38,33.93,76.22
6,2025,2,18.99,29.16,18.53,18.79,19.55,33.93
6,2025,3,19.81,33.54,18.99,18.53,29.16,19.55
6,2025,4,19.68,20.81,19.81,18.99,33.54,29.16
6,2025,5,19.18,32.19,19.68,19.81,20.81,33.54
6,2025,6,18.5,12.92,19.18,19.68,32.19,20.81
6,2025,7,18.04,20.04,18.5,19.18,12.92,32.19
6,2025,8,18.39,52.93,18.04,18.5,20.04,12.92
6,2025,9,17.91,46.39,18.39,18.04,52.93,20.04
6,2025,10,17.43,21.99,17.91,18.39,46.39,52.93
6,2025,11,17.6,16.55,17.43,17.91,21.99,46.39
6,2025,12,17.58,28.98,17.6,17.43,16.55,21.99
7,2016,1,19.52,26.2,20.31,20.99,59.58,71.9
7,2016,2,19.78,30.98,19.52,20.31,26.2,59.58
7,2016,3,19.23,61.36,19.78,19.52,30.98,26.2
7,2016,4,19.49,30.33,19.23,19.78,61.36,30.98
7,2016,5,20.12,22.66,19.49,19.23,30.33,61.36
7,2016,6,19.8,38.59,20.12,19.49,22.66,30.33
7,2016,7,19.23,9.78,19.8,20.12,38.59,22.66
7,2016,8,19.29,34.02,19.23,19.8,9.78,38.59
7,2016,9,19.39,78.28,19.29,19.23,34.02,9.78
7,2016,10,19.7,70.58,19.39,19.29,78.28,34.02
7,2016,11,19.45,56.03,19.7,19.39,70.58,78.28
7,2016,12,19.7,31.21,19.45,19.7,56.03,70.58
7,2017,1,19.72,39.15,19.7,19.45,31.21,56.03
7,2017,2,19.4,41.27,19.72,19.7,39.15,31.21
7,2017,3,19.64,44.51,19.4,19.72,41.27,39.15
7,2017,4,20.37,51.41,19.64,19.4,44.51,41.27
7,2017,5,20.54,92.55,20.37,19.64,51.41,44.51
7,2017,6,20.57,82.37,20.54,20.37,92.55,51.41
7,2017,7,20.67,62.28,20.57,20.54,82.37,92.55
7,2017,8,21.37,50.41,20.67,20.57,62.28,82.37
7,2017,9,21.46,23.2,21.37,20.67,50.41,62.28
7,2017,10,21.29,53.63,21.46,21.37,23.2,50.41
7,2017,11,21.26,25.06,21.29,21.46,53.63,23.2
7,2017,12,21.09,34.72,21.26,21.29,25.06,53.63
7,2018,1,20.62,52.28,21.09,21.26,34.72,25.06
7,2018,2,20.53,85.12,20.62,21.09,52.28,34.72
7,2018,3,20.31,63.44,20.53,20.62,85.12,52.28
7,2018,4,19.97,18.66,20.31,20.53,63.44,85.12
7,2018,5,20.09,9.05,19.97,20.31,18.66,63.44
7,2018,6,19.89,22.73,20.09,19.97,9.05,18.66
7,2018,7,20.01,24.19,19.89,20.09,22.73,9.05
7,2018,8,19.59,33.2,20.01,19.89,24.19,22.73
7,2018,9,19.29,25.32,19.59,20.01,33.2,24.19
7,2018,10,19.73,41.98,19.29,19.59,25.32,33.2
7,2018,11,20.69,20.38,19.73,19.29,41.98,25.32
7,2018,12,20.86,43.48,20.69,19.73,20.38,41.98
7,2019,1,22.21,37.45,20.86,20.69,43.48,20.38
7,2019,2,22.04,39.19,22.21,20.86,37.45,43.48
7,2019,3,21.25,33.0,22.04,22.21,39.19,37.45
7,2019,4,20.61,56.75,21.25,22.04,33.0,39.19
7,2019,5,20.0,72.95,20.61,21.25,56.75,33.0
7,2019,6,19.43,31.9,20.0,20.61,72.95,56.75
7,2019,7,20.06,57.77,19.43,20.0,31.9,72.95
7,2019,8,21.18,37.17,20.06,19.43,57.77,31.9
7,2019,9,21.54,32.15,21.18,20.06,37.17,57.77
7,2019,10,21.68,38.9,21.54,21.18,32.15,37.17
7,2019,11,21.91,41.39,21.68,21.54,38.9,32.15
7,2019,12,21.99,40.92,21.91,21.68,41.39,38.9
7,2020,1,21.31,17.68,21.99,21.91,40.92,41.39
7,2020,2,20.53,45.04,21.31,21.99,17.68,40.92
7,2020,3,19.53,31.38,20.53,21.31,45.04,17.68
7,2020,4,19.55,20.18,19.53,20.53,31.38,45.04
7,2020,5,20.76,26.25,19.55,19.53,20.18,31.38
7,2020,6,21.27,41.55,20.76,19.55,26.25,20.18
7,2020,7,20.64,31.53,21.27,20.76,41.55,26.25
7,2020,8,20.75,20.38,20.64,21.27,31.53,41.55
7,2020,9,20.84,36.72,20.75,20.64,20.38,31.53
7,2020,10,21.16,20.62,20.84,20.75,36.72,20.38
7,2020,11,21.89,27.56,21.16,20.84,20.62,36.72
7,2020,12,22.24,18.27,21.89,21.16,27.56,20.62
7,2021,1,21.09,36.69,22.24,21.89,18.27,27.56
7,2021,2,22.16,17.32,21.09,22.24,36.69,18.27
7,2021,3,22.0,23.26,22.16,21.09,17.32,36.69
7,2021,4,22.03,30.21,22.0,22.16,23.26,17.32
7,2021,5,22.11,21.88,22.03,22.0,30.21,23.26
7,2021,6,21.73,24.51,22.11,22.03,21.88,30.21
7,2021,7,21.53,20.5,21.73,22.11,24.51,21.88
7,2021,8,21.28,19.02,21.53,21.73,20.5,24.51
7,2021,9,21.34,11.04,21.28,21.53,19.02,20.5
7,2021,10,21.58,5.85,21.34,21.28,11.04,19.02
7,2021,11,21.69,10.87,21.58,21.34,5.85,11.04
7,2021,12,22.04,20.07,21.69,21.58,10.87,5.85
7,2022,1,20.01,32.55,22.04,21.69,20.07,10.87
7,2022,2,20.95,31.03,20.01,22.04,32.55,20.07
7,2022,3,20.74,41.36,20.95,20.01,31.03,32.55
7,2022,4,19.91,45.39,20.74,20.95,41.36,31.03
7,2022,5,20.1,33.5,19.91,20.74,45.39,41.36
7,2022,6,20.47,58.96,20.1,19.91,33.5,45.39
7,2022,7,20.54,29.25,20.47,20.1,58.96,33.5
7,2022,8,21.08,11.05,20.54,20.47,29.25,58.96
7,2022,9,21.56,27.83,21.08,20.54,11.05,29.25
7,2022,10,20.83,32.56,21.56,21.08,27.83,11.05
7,2022,11,19.96,70.43,20.83,21.56,32.56,27.83
7,2022,12,19.52,53.7,19.96,20.83,70.43,32.56
7,2023,1,21.31,16.62,19.52,19.96,53.7,70.43
7,2023,2,20.7,70.45,21.31,19.52,16.62,53.7
7,2023,3,21.42,67.87,20.7,21.31,70.45,16.62
7,2023,4,21.17,83.67,21.42,20.7,67.87,70.45
7,2023,5,20.28,34.21,21.17,21.42,83.67,67.87
7,2023,6,20.85,12.29,20.28,21.17,34.21,83.67
7,2023,7,21.36,39.08,20.85,20.28,12.29,34.21
7,2023,8,20.76,79.94,21.36,20.85,39.08,12.29
7,2023,9,20.42,58.69,20.76,21.36,79.94,39.08
7,2023,10,20.74,62.95,20.42,20.76,58.69,79.94
7,2023,11,21.6,44.07,20.74,20.42,62.95,58.69
7,2023,12,21.42,71.08,21.6,20.74,44.07,62.95
7,2024,1,22.46,5.64,21.42,21.6,71.08,44.07
7,2024,2,22.21,52.72,22.46,21.42,5.64,71.08
7,2024,3,22.5,53.24,22.21,22.46,52.72,5.64
7,2024,4,22.38,27.62,22.5,22.21,53.24,52.72
7,2024,5,22.17,17.56,22.38,22.5,27.62,53.24
7,2024,6,21.97,14.11,22.17,22.38,17.56,27.62
7,2024,7,22.17,108.81,21.97,22.17,14.11,17.56
7,2024,8,22.29,78.77,22.17,21.97,108.81,14.11
7,2024,9,21.79,80.3,22.29,22.17,78.77,108.81
7,2024,10,21.55,29.77,21.79,22.29,80.3,78.77
7,2024,11,22.02,43.06,21.55,21.79,29.77,80.3
7,2024,12,21.59,22.84,22.02,21.55,43.06,29.77
7,2025,1,21.14,31.01,21.59,22.02,22.84,43.06
7,2025,2,21.47,41.95,21.14,21.59,31.01,22.84
7,2025,3,22.31,29.79,21.47,21.14,41.95,31.01
7,2025,4,22.32,18.69,22.31,21.47,29.79,41.95
7,2025,5,21.51,37.51,22.32,22.31,18.69,29.79
7,2025,6,21.29,8.22,21.51,22.32,37.51,18.69
7,2025,7,21.18,25.37,21.29,21.51,8.22,37.51
7,2025,8,21.26,57.28,21.18,21.29,25.37,8.22
7,2025,9,20.68,48.48,21.26,21.18,57.28,25.37
7,2025,10,20.16,14.07,20.68,21.26,48.48,57.28
7,2025,11,20.23,16.85,20.16,20.68,14.07,48.48
7,2025,12,19.9,55.03,20.23,20.16,16.85,14.07
8,2016,1,21.1,28.16,21.91,22.33,29.88,61.35
8,2016,2,21.78,38.59,21.1,21.91,28.16,29.88
8,2016,3,21.37,58.53,21.78,21.1,38.59,28.16
8,2016,4,21.49,41.24,21.37,21.78,58.53,38.59
8,2016,5,21.95,40.24,21.49,21.37,41.24,58.53
8,2016,6,22.16,38.91,21.95,21.49,40.24,41.24
8,2016,7,21.56,29.3,22.16,21.95,38.91,40.24
8,2016,8,21.32,23.22,21.56,22.16,29.3,38.91
8,2016,9,21.57,43.16,21.32,21.56,23.22,29.3
8,2016,10,21.92,61.15,21.57,21.32,43.16,23.22
8,2016,11,21.5,82.4,21.92,21.57,61.15,43.16
8,2016,12,21.37,56.87,21.5,21.92,82.4,61.15
8,2017,1,20.82,36.18,21.37,21.5,56.87,82.4
8,2017,2,20.63,52.71,20.82,21.37,36.18,56.87
8,2017,3,20.97,34.09,20.63,20.82,52.71,36.18
8,2017,4,21.3,44.59,20.97,20.63,34.09,52.71
8,2017,5,21.51,66.52,21.3,20.97,44.59,34.09
8,2017,6,21.71,62.03,21.51,21.3,66.52,44.59
8,2017,7,21.75,50.01,21.71,21.51,62.03,66.52
8,2017,8,22.51,23.56,21.75,21.71,50.01,62.03
8,2017,9,22.8,14.85,22.51,21.75,23.56,50.01
8,2017,10,22.66,36.86,22.8,22.51,14.85,23.56
8,2017,11,22.5,39.95,22.66,22.8,36.86,14.85
8,2017,12,22.57,35.95,22.5,22.66,39.95,36.86
8,2018,1,22.15,50.94,22.57,22.5,35.95,39.95
8,2018,2,22.52,37.72,22.15,22.57,50.94,35.95
8,2018,3,22.08,55.94,22.52,22.15,37.72,50.94
8,2018,4,21.43,36.66,22.08,22.52,55.94,37.72
8,2018,5,21.49,15.72,21.43,22.08,36.66,55.94
8,2018,6,21.35,31.73,21.49,21.43,15.72,36.66
8,2018,7,21.18,51.53,21.35,21.49,31.73,15.72
8,2018,8,20.86,55.15,21.18,21.35,51.53,31.73
8,2018,9,21.25,40.31,20.86,21.18,55.15,51.53
8,2018,10,21.3,39.5,21.25,20.86,40.31,55.15
8,2018,11,21.65,28.05,21.3,21.25,39.5,40.31
8,2018,12,22.0,22.42,21.65,21.3,28.05,39.5
8,2019,1,23.05,53.32,22.0,21.65,22.42,28.05
8,2019,2,23.3,30.87,23.05,22.0,53.32,22.42
8,2019,3,22.87,35.23,23.3,23.05,30.87,53.32
8,2019,4,22.0,67.93,22.87,23.3,35.23,30.87
8,2019,5,21.61,86.2,22.0,22.87,67.93,35.23
8,2019,6,21.0,56.88,21.61,22.0,86.2,67.93
8,2019,7,21.49,31.68,21.0,21.61,56.88,86.2
8,2019,8,21.96,41.57,21.49,21.0,31.68,56.88
8,2019,9,22.26,26.94,21.96,21.49,41.57,31.68
8,2019,10,22.62,27.25,22.26,21.96,26.94,41.57
8,2019,11,22.76,34.61,22.62,22.26,27.25,26.94
8,2019,12,23.25,34.16,22.76,22.62,34.61,27.25
8,2020,1,21.57,29.42,23.25,22.76,34.16,34.61
8,2020,2,21.02,42.65,21.57,23.25,29.42,34.16
8,2020,3,20.75,42.54,21.02,21.57,42.65,29.42
8,2020,4,20.58,19.55,20.75,21.02,42.54,42.65
8,2020,5,21.09,26.86,20.58,20.75,19.55,42.54
8,2020,6,21.7,23.92,21.09,20.58,26.86,19.55
8,2020,7,21.33,36.15,21.7,21.09,23.92,26.86
8,2020,8,21.29,26.27,21.33,21.7,36.15,23.92
8,2020,9,21.08,33.55,21.29,21.33,26.27,36.15
8,2020,10,21.08,54.42,21.08,21.29,33.55,26.27
8,2020,11,21.51,21.26,21.08,21.08,54.42,33.55
8,2020,12,21.83,18.69,21.51,21.08,21.26,54.42
8,2021,1,21.79,17.32,21.83,21.51,18.69,21.26
8,2021,2,22.39,13.79,21.79,21.83,17.32,18.69
8,2021,3,22.87,10.38,22.39,21.79,13.79,17.32
8,2021,4,23.16,12.32,22.87,22.39,10.38,13.79
8,2021,5,23.34,19.22,23.16,22.87,12.32,10.38
8,2021,6,23.48,20.1,23.34,23.16,19.22,12.32
8,2021,7,22.87,22.92,23.48,23.34,20.1,19.22
8,2021,8,22.53,12.53,22.87,23.48,22.92,20.1
8,2021,9,22.94,8.55,22.53,22.87,12.53,22.92
8,2021,10,22.82,32.28,22.94,22.53,8.55,12.53
8,2021,11,22.72,21.55,22.82,22.94,32.28,8.55
8,2021,12,22.88,14.39,22.72,22.82,21.55,32.28
8,2022,1,20.68,50.96,22.88,22.72,14.39,21.55
8,2022,2,21.31,25.73,20.68,22.88,50.96,14.39
8,2022,3,21.43,24.67,21.31,20.68,25.73,50.96
8,2022,4,20.63,46.3,21.43,21.31,24.67,25.73
8,2022,5,20.73,26.29,20.63,21.43,46.3,24.67
8,2022,6,21.01,42.87,20.73,20.63,26.29,46.3
8,2022,7,20.96,58.85,21.01,20.73,42.87,26.29
8,2022,8,21.43,16.52,20.96,21.01,58.85,42.87
8,2022,9,21.96,22.0,21.43,20.96,16.52,58.85
8,2022,10,21.69,25.07,21.96,21.43,22.0,16.52
8,2022,11,21.01,27.4,21.69,21.96,25.07,22.0
8,2022,12,20.77,36.98,21.01,21.69,27.4,25.07
8,2023,1,21.73,46.5,20.77,21.01,36.98,27.4
8,2023,2,22.06,35.24,21.73,20.77,46.5,36.98
8,2023,3,22.52,42.55,22.06,21.73,35.24,46.5
8,2023,4,22.28,55.52,22.52,22.06,42.55,35.24
8,2023,5,21.66,57.56,22.28,22.52,55.52,42.55
8,2023,6,21.71,27.51,21.66,22.28,57.56,55.52
8,2023,7,22.05,47.52,21.71,21.66,27.51,57.56
8,2023,8,22.06,52.25,22.05,21.71,47.52,27.51
8,2023,9,22.01,51.44,22.06,22.05,52.25,47.52
8,2023,10,22.08,48.14,22.01,22.06,51.44,52.25
8,2023,11,22.7,45.22,22.08,22.01,48.14,51.44
8,2023,12,22.77,57.55,22.7,22.08,45.22,48.14
8,2024,1,22.83,18.28,22.77,22.7,57.55,45.22
8,2024,2,22.88,33.08,22.83,22.77,18.28,57.55
8,2024,3,23.07,38.68,22.88,22.83,33.08,18.28
8,2024,4,22.98,40.26,23.07,22.88,38.68,33.08
8,2024,5,23.11,18.68,22.98,23.07,40.26,38.68
8,2024,6,23.15,20.94,23.11,22.98,18.68,40.26
8,2024,7,23.6,31.02,23.15,23.11,20.94,18.68
8,2024,8,23.68,47.22,23.6,23.15,31.02,20.94
8,2024,9,23.0,53.14,23.68,23.6,47.22,31.02
8,2024,10,22.49,43.64,23.0,23.68,53.14,47.22
8,2024,11,22.89,23.12,22.49,23.0,43.64,53.14
8,2024,12,23.04,19.6,22.89,22.49,23.12,43.64
8,2025,1,22.08,22.96,23.04,22.89,19.6,23.12
8,2025,2,21.95,43.32,22.08,23.04,22.96,19.6
8,2025,3,22.0,36.6,21.95,22.08,43.32,22.96
8,2025,4,22.08,22.75,22.0,21.95,36.6,43.32
8,2025,5,22.17,26.92,22.08,22.0,22.75,36.6
8,2025,6,22.12,7.62,22.17,22.08,26.92,22.75
8,2025,7,22.19,11.45,22.12,22.17,7.62,26.92
8,2025,8,21.79,44.89,22.19,22.12,11.45,7.62
8,2025,9,21.38,53.34,21.79,22.19,44.89,11.45
8,2025,10,20.94,40.39,21.38,21.79,53.34,44.89
8,2025,11,21.07,12.52,20.94,21.38,40.39,53.34
8,2025,12,21.07,25.22,21.07,20.94,12.52,40.39
9,2016,1,21.55,49.69,23.14,23.35,30.57,25.86
9,2016,2,21.83,36.27,21.55,23.14,49.69,30.57
9,2016,3,21.99,47.89,21.83,21.55,36.27,49.69
9,2016,4,21.68,89.44,21.99,21.83,47.89,36.27
9,2016,5,21.68,57.73,21.68,21.99,89.44,47.89
9,2016,6,22.18,16.45,21.68,21.68,57.73,89.44
9,2016,7,22.32,36.6,22.18,21.68,16.45,57.73
9,2016,8,21.86,22.04,22.32,22.18,36.6,16.45
9,2016,9,22.18,14.39,21.86,22.32,22.04,36.6
9,2016,10,22.34,27.51,22.18,21.86,14.39,22.04
9,2016,11,22.25,32.93,22.34,22.18,27.51,14.39
9,2016,12,22.03,87.48,22.25,22.34,32.93,27.51
9,2017,1,21.16,30.64,22.03,22.25,87.48,32.93
9,2017,2,21.09,47.28,21.16,22.03,30.64,87.48
9,2017,3,20.95,44.83,21.09,21.16,47.28,30.64
9,2017,4,21.51,11.72,20.95,21.09,44.83,47.28
9,2017,5,21.95,37.39,21.51,20.95,11.72,44.83
9,2017,6,21.51,21.32,21.95,21.51,37.39,11.72
9,2017,7,21.37,24.45,21.51,21.95,21.32,37.39
9,2017,8,21.5,55.58,21.37,21.51,24.45,21.32
9,2017,9,22.31,17.64,21.5,21.37,55.58,24.45
9,2017,10,22.43,17.44,22.31,21.5,17.64,55.58
9,2017,11,22.08,51.51,22.43,22.31,17.44,17.64
9,2017,12,21.78,35.16,22.08,22.43,51.51,17.44
9,2018,1,22.25,23.78,21.78,22.08,35.16,51.51
9,2018,2,22.5,32.36,22.25,21.78,23.78,35.16
9,2018,3,22.54,58.09,22.5,22.25,32.36,23.78
9,2018,4,21.73,110.16,22.54,22.5,58.09,32.36
9,2018,5,21.09,60.22,21.73,22.54,110.16,58.09
9,2018,6,21.03,50.97,21.09,21.73,60.22,110.16
9,2018,7,21.1,85.52,21.03,21.09,50.97,60.22
9,2018,8,20.7,150.97,21.1,21.03,85.52,50.97
9,2018,9,21.0,45.86,20.7,21.1,150.97,85.52
9,2018,10,21.74,29.32,21.0,20.7,45.86,150.97
9,2018,11,21.66,52.27,21.74,21.0,29.32,45.86
9,2018,12,22.21,16.19,21.66,21.74,52.27,29.32
9,2019,1,22.91,36.97,22.21,21.66,16.19,52.27
9,2019,2,22.72,62.43,22.91,22.21,36.97,16.19
9,2019,3,22.84,46.63,22.72,22.91,62.43,36.97
9,2019,4,22.26,76.34,22.84,22.72,46.63,62.43
9,2019,5,22.2,91.98,22.26,22.84,76.34,46.63
9,2019,6,21.69,45.32,22.2,22.26,91.98,76.34
9,2019,7,21.72,37.28,21.69,22.2,45.32,91.98
9,2019,8,21.95,53.62,21.72,21.69,37.28,45.32
9,2019,9,21.84,83.05,21.95,21.72,53.62,37.28
9,2019,10,22.3,43.73,21.84,21.95,83.05,53.62
9,2019,11,22.62,61.48,22.3,21.84,43.73,83.05
9,2019,12,22.66,36.88,22.62,22.3,61.48,43.73
9,2020,1,22.44,102.73,22.66,22.62,36.88,61.48
9,2020,2,21.9,56.77,22.44,22.66,102.73,36.88
9,2020,3,21.8,62.1,21.9,22.44,56.77,102.73
9,2020,4,21.57,39.6,21.8,21.9,62.1,56.77
9,2020,5,21.62,38.49,21.57,21.8,39.6,62.1
9,2020,6,22.06,29.35,21.62,21.57,38.49,39.6
9,2020,7,22.16,53.68,22.06,21.62,29.35,38.49
9,2020,8,22.09,60.25,22.16,22.06,53.68,29.35
9,2020,9,22.25,25.48,22.09,22.16,60.25,53.68
9,2020,10,22.22,58.78,22.25,22.09,25.48,60.25
9,2020,11,22.08,55.08,22.22,22.25,58.78,25.48
9,2020,12,22.16,41.8,22.08,22.22,55.08,58.78
9,2021,1,20.83,69.91,22.16,22.08,41.8,55.08
9,2021,2,21.26,35.65,20.83,22.16,69.91,41.8
9,2021,3,21.39,33.65,21.26,20.83,35.65,69.91
9,2021,4,21.73,25.85,21.39,21.26,33.65,35.65
9,2021,5,21.54,35.93,21.73,21.39,25.85,33.65
9,2021,6,21.33,64.69,21.54,21.73,35.93,25.85
9,2021,7,20.86,78.4,21.33,21.54,64.69,35.93
9,2021,8,20.45,54.88,20.86,21.33,78.4,64.69
9,2021,9,20.8,27.43,20.45,20.86,54.88,78.4
9,2021,10,20.95,41.55,20.8,20.45,27.43,54.88
9,2021,11,21.07,53.08,20.95,20.8,41.55,27.43
9,2021,12,21.22,57.12,21.07,20.95,53.08,41.55
9,2022,1,21.9,99.11,21.22,21.07,57.12,53.08
9,2022,2,22.08,103.84,21.9,21.22,99.11,57.12
9,2022,3,21.95,48.06,22.08,21.9,103.84,99.11
9,2022,4,21.83,38.08,21.95,22.08,48.06,103.84
9,2022,5,22.14,28.32,21.83,21.95,38.08,48.06
9,2022,6,21.7,35.7,22.14,21.83,28.32,38.08
9,2022,7,21.62,87.15,21.7,22.14,35.7,28.32
9,2022,8,21.69,61.35,21.62,21.7,87.15,35.7
9,2022,9,21.84,49.67,21.69,21.62,61.35,87.15
9,2022,10,22.29,42.47,21.84,21.69,49.67,61.35
9,2022,11,22.15,51.26,22.29,21.84,42.47,49.67
9,2022,12,22.14,40.87,22.15,22.29,51.26,42.47
9,2023,1,22.31,60.83,22.14,22.15,40.87,51.26
9,2023,2,22.25,27.96,22.31,22.14,60.83,40.87
9,2023,3,22.7,17.41,22.25,22.31,27.96,60.83
9,2023,4,22.94,23.91,22.7,22.25,17.41,27.96
9,2023,5,22.54,43.14,22.94,22.7,23.91,17.41
9,2023,6,22.17,75.22,22.54,22.94,43.14,23.91
9,2023,7,22.3,71.35,22.17,22.54,75.22,43.14
9,2023,8,22.15,90.68,22.3,22.17,71.35,75.22
9,2023,9,22.34,76.69,22.15,22.3,90.68,71.35
9,2023,10,22.35,52.92,22.34,22.15,76.69,90.68
9,2023,11,22.8,49.26,22.35,22.34,52.92,76.69
9,2023,12,23.2,30.3,22.8,22.35,49.26,52.92
9,2024,1,22.78,21.29,23.2,22.8,30.3,49.26
9,2024,2,23.15,10.71,22.78,23.2,21.29,30.3
9,2024,3,23.24,18.4,23.15,22.78,10.71,21.29
9,2024,4,23.06,78.47,23.24,23.15,18.4,10.71
9,2024,5,23.06,31.8,23.06,23.24,78.47,18.4
9,2024,6,23.15,27.79,23.06,23.06,31.8,78.47
9,2024,7,23.49,17.95,23.15,23.06,27.79,31.8
9,2024,8,23.82,26.36,23.49,23.15,17.95,27.79
9,2024,9,23.58,43.16,23.82,23.49,26.36,17.95
9,2024,10,23.0,54.82,23.58,23.82,43.16,26.36
9,2024,11,23.15,23.05,23.0,23.58,54.82,43.16
9,2024,12,23.47,21.07,23.15,23.0,23.05,54.82
9,2025,1,22.26,19.22,23.47,23.15,21.07,23.05
9,2025,2,22.34,37.18,22.26,23.47,19.22,21.07
9,2025,3,22.47,24.52,22.34,22.26,37.18,19.22
9,2025,4,22.34,40.96,22.47,22.34,24.52,37.18
9,2025,5,22.27,74.25,22.34,22.47,40.96,24.52
9,2025,6,22.22,22.6,22.27,22.34,74.25,40.96
9,2025,7,21.95,26.88,22.22,22.27,22.6,74.25
9,2025,8,22.11,37.18,21.95,22.22,26.88,22.6
9,2025,9,22.1,42.41,22.11,21.95,37.18,26.88
9,2025,10,21.82,36.12,22.1,22.11,42.41,37.18
9,2025,11,21.61,27.68,21.82,22.1,36.12,42.41
9,2025,12,21.55,14.15,21.61,21.82,27.68,36.12
10,2016,1,23.37,18.4,24.39,24.4,11.2,3.67
10,2016,2,23.33,32.49,23.37,24.39,18.4,11.2
10,2016,3,23.44,31.84,23.33,23.37,32.49,18.4
10,2016,4,23.46,44.69,23.44,23.33,31.84,32.49
10,2016,5,23.46,37.4,23.46,23.44,44.69,31.84
10,2016,6,23.69,10.07,23.46,23.46,37.4,44.69
10,2016,7,24.35,17.13,23.69,23.46,10.07,37.4
10,2016,8,24.0,14.51,24.35,23.69,17.13,10.07
10,2016,9,24.1,26.29,24.0,24.35,14.51,17.13
10,2016,10,24.0,29.91,24.1,24.0,26.29,14.51
10,2016,11,24.05,14.93,24.0,24.1,29.91,26.29
10,2016,12,23.78,53.56,24.05,24.0,14.93,29.91
10,2017,1,22.14,59.1,23.78,24.05,53.56,14.93
10,2017,2,22.84,35.85,22.14,23.78,59.1,53.56
10,2017,3,23.11,25.26,22.84,22.14,35.85,59.1
10,2017,4,22.94,28.92,23.11,22.84,25.26,35.85
10,2017,5,22.8,47.62,22.94,23.11,28.92,25.26
10,2017,6,22.68,29.32,22.8,22.94,47.62,28.92
10,2017,7,21.88,43.29,22.68,22.8,29.32,47.62
10,2017,8,21.81,28.77,21.88,22.68,43.29,29.32
10,2017,9,22.33,38.26,21.81,21.88,28.77,43.29
10,2017,10,23.38,23.18,22.33,21.81,38.26,28.77
10,2017,11,23.14,51.95,23.38,22.33,23.18,38.26
10,2017,12,23.13,82.88,23.14,23.38,51.95,23.18
10,2018,1,23.31,38.23,23.13,23.14,82.88,51.95
10,2018,2,23.51,46.18,23.31,23.13,38.23,82.88
10,2018,3,23.61,49.23,23.51,23.31,46.18,38.23
10,2018,4,23.3,66.82,23.61,23.51,49.23,46.18
10,2018,5,22.93,64.94,23.3,23.61,66.82,49.23
10,2018,6,22.78,50.63,22.93,23.3,64.94,66.82
10,2018,7,22.69,58.95,22.78,22.93,50.63,64.94
10,2018,8,22.6,108.05,22.69,22.78,58.95,50.63
10,2018,9,22.38,105.71,22.6,22.69,108.05,58.95
10,2018,10,22.58,23.82,22.38,22.6,105.71,108.05
10,2018,11,22.59,38.83,22.58,22.38,23.82,105.71
10,2018,12,22.71,34.31,22.59,22.58,38.83,23.82
10,2019,1,24.36,25.23,22.71,22.59,34.31,38.83
10,2019,2,24.18,31.86,24.36,22.71,25.23,34.31
10,2019,3,24.25,14.35,24.18,24.36,31.86,25.23
10,2019,4,24.25,20.4,24.25,24.18,14.35,31.86
10,2019,5,23.97,45.22,24.25,24.25,20.4,14.35
10,2019,6,23.45,45.94,23.97,24.25,45.22,20.4
10,2019,7,23.04,68.18,23.45,23.97,45.94,45.22
10,2019,8,23.21,29.63,23.04,23.45,68.18,45.94
10,2019,9,23.29,18.91,23.21,23.04,29.63,68.18
10,2019,10,23.61,28.48,23.29,23.21,18.91,29.63
10,2019,11,24.02,16.12,23.61,23.29,28.48,18.91
10,2019,12,23.91,26.22,24.02,23.61,16.12,28.48
10,2020,1,24.25,26.94,23.91,24.02,26.22,16.12
10,2020,2,24.07,68.97,24.25,23.91,26.94,26.22
10,2020,3,24.2,35.49,24.07,24.25,68.97,26.94
10,2020,4,23.69,34.57,24.2,24.07,35.49,68.97
10,2020,5,23.68,33.29,23.69,24.2,34.57,35.49
10,2020,6,23.91,13.14,23.68,23.69,33.29,34.57
10,2020,7,23.89,21.11,23.91,23.68,13.14,33.29
10,2020,8,24.02,20.15,23.89,23.91,21.11,13.14
10,2020,9,24.04,32.42,24.02,23.89,20.15,21.11
10,2020,10,23.79,56.09,24.04,24.02,32.42,20.15
10,2020,11,23.73,27.08,23.79,24.04,56.09,32.42
10,2020,12,23.73,20.71,23.73,23.79,27.08,56.09
10,2021,1,22.62,51.48,23.73,23.73,20.71,27.08
10,2021,2,22.99,43.77,22.62,23.73,51.48,20.71
10,2021,3,23.2,27.95,22.99,22.62,43.77,51.48
10,2021,4,23.5,12.03,23.2,22.99,27.95,43.77
10,2021,5,23.51,19.49,23.5,23.2,12.03,27.95
10,2021,6,23.51,22.05,23.51,23.5,19.49,12.03
10,2021,7,22.84,95.54,23.51,23.51,22.05,19.49
10,2021,8,22.07,83.4,22.84,23.51,95.54,22.05
10,2021,9,22.18,56.94,22.07,22.84,83.4,95.54
10,2021,10,22.64,43.95,22.18,22.07,56.94,83.4
10,2021,11,23.02,77.6,22.64,22.18,43.95,56.94
10,2021,12,23.11,41.15,23.02,22.64,77.6,43.95
10,2022,1,23.01,50.35,23.11,23.02,41.15,77.6
10,2022,2,22.96,82.72,23.01,23.11,50.35,41.15
10,2022,3,22.8,64.23,22.96,23.01,82.72,50.35
10,2022,4,22.75,43.55,22.8,22.96,64.23,82.72
10,2022,5,22.83,29.26,22.75,22.8,43.55,64.23
10,2022,6,22.63,16.66,22.83,22.75,29.26,43.55
10,2022,7,22.65,29.51,22.63,22.83,16.66,29.26
10,2022,8,23.15,37.83,22.65,22.63,29.51,16.66
10,2022,9,23.0,56.98,23.15,22.65,37.83,29.51
10,2022,10,23.51,28.57,23.0,23.15,56.98,37.83
10,2022,11,23.65,19.83,23.51,23.0,28.57,56.98
10,2022,12,23.51,15.34,23.65,23.51,19.83,28.57
10,2023,1,23.27,40.88,23.51,23.65,15.34,19.83
10,2023,2,22.95,28.7,23.27,23.51,40.88,15.34
10,2023,3,23.2,5.0,22.95,23.27,28.7,40.88
10,2023,4,23.57,4.35,23.2,22.95,5.0,28.7
10,2023,5,23.57,15.78,23.57,23.2,4.35,5.0
10,2023,6,23.2,32.8,23.57,23.57,15.78,4.35
10,2023,7,23.09,43.08,23.2,23.57,32.8,15.78
10,2023,8,23.26,30.57,23.09,23.2,43.08,32.8
10,2023,9,23.32,47.5,23.26,23.09,30.57,43.08
10,2023,10,23.43,17.15,23.32,23.26,47.5,30.57
10,2023,11,23.86,6.9,23.43,23.32,17.15,47.5
10,2023,12,24.17,26.12,23.86,23.43,6.9,17.15
10,2024,1,23.66,58.52,24.17,23.86,26.12,6.9
10,2024,2,24.04,33.52,23.66,24.17,58.52,26.12
10,2024,3,24.32,46.52,24.04,23.66,33.52,58.52
10,2024,4,24.39,53.67,24.32,24.04,46.52,33.52
10,2024,5,24.19,38.78,24.39,24.32,53.67,46.52
10,2024,6,24.18,28.58,24.19,24.39,38.78,53.67
10,2024,7,24.17,16.72,24.18,24.19,28.58,38.78
10,2024,8,24.69,14.02,24.17,24.18,16.72,28.58
10,2024,9,24.97,25.28,24.69,24.17,14.02,16.72
10,2024,10,24.28,66.5,24.97,24.69,25.28,14.02
10,2024,11,23.78,67.93,24.28,24.97,66.5,25.28
10,2024,12,24.52,12.63,23.78,24.28,67.93,66.5
10,2025,1,22.83,29.07,24.52,23.78,12.63,67.93
10,2025,2,23.04,32.64,22.83,24.52,29.07,12.63
10,2025,3,22.69,56.6,23.04,22.83,32.64,29.07
10,2025,4,22.7,69.76,22.69,23.04,56.6,32.64
10,2025,5,22.67,56.47,22.7,22.69,69.76,56.6
10,2025,6,22.75,48.29,22.67,22.7,56.47,69.76
10,2025,7,22.61,64.62,22.75,22.67,48.29,56.47
10,2025,8,22.84,40.69,22.61,22.75,64.62,48.29
10,2025,9,23.11,58.73,22.84,22.61,40.69,64.62
10,2025,10,23.01,31.8,23.11,22.84,58.73,40.69
10,2025,11,22.75,25.16,23.01,23.11,31.8,58.73
10,2025,12,22.56,28.93,22.75,23.01,25.16,31.8
11,2016,1,22.19,26.81,22.87,22.83,22.77,34.06
11,2016,2,22.29,18.12,22.19,22.87,26.81,22.77
11,2016,3,22.2,40.54,22.29,22.19,18.12,26.81
11,2016,4,21.92,65.2,22.2,22.29,40.54,18.12
11,2016,5,22.15,48.21,21.92,22.2,65.2,40.54
11,2016,6,22.45,23.1,22.15,21.92,48.21,65.2
11,2016,7,22.66,24.54,22.45,22.15,23.1,48.21
11,2016,8,22.6,26.29,22.66,22.45,24.54,23.1
11,2016,9,22.83,20.18,22.6,22.66,26.29,24.54
11,2016,10,22.86,31.85,22.83,22.6,20.18,26.29
11,2016,11,22.94,33.84,22.86,22.83,31.85,20.18
11,2016,12,22.29,72.69,22.94,22.86,33.84,31.85
11,2017,1,21.34,59.25,22.29,22.94,72.69,33.84
11,2017,2,21.54,39.35,21.34,22.29,59.25,72.69
11,2017,3,21.61,41.04,21.54,21.34,39.35,59.25
11,2017,4,21.75,32.3,21.61,21.54,41.04,39.35
11,2017,5,21.94,37.65,21.75,21.61,32.3,41.04
11,2017,6,22.19,34.89,21.94,21.75,37.65,32.3
11,2017,7,22.01,30.38,22.19,21.94,34.89,37.65
11,2017,8,22.0,34.74,22.01,22.19,30.38,34.89
11,2017,9,22.38,22.57,22.0,22.01,34.74,30.38
11,2017,10,22.66,24.05,22.38,22.0,22.57,34.74
11,2017,11,22.44,49.49,22.66,22.38,24.05,22.57
11,2017,12,22.47,46.65,22.44,22.66,49.49,24.05
11,2018,1,22.09,59.16,22.47,22.44,46.65,49.49
11,2018,2,22.39,53.27,22.09,22.47,59.16,46.65
11,2018,3,22.54,67.91,22.39,22.09,53.27,59.16
11,2018,4,22.02,77.23,22.54,22.39,67.91,53.27
11,2018,5,21.79,56.42,22.02,22.54,77.23,67.91
11,2018,6,21.87,47.92,21.79,22.02,56.42,77.23
11,2018,7,21.95,49.56,21.87,21.79,47.92,56.42
11,2018,8,21.83,63.56,21.95,21.87,49.56,47.92
11,2018,9,21.56,57.69,21.83,21.95,63.56,49.56
11,2018,10,21.76,34.18,21.56,21.83,57.69,63.56
11,2018,11,21.83,36.34,21.76,21.56,34.18,57.69
11,2018,12,22.08,19.96,21.83,21.76,36.34,34.18
11,2019,1,23.12,39.32,22.08,21.83,19.96,36.34
11,2019,2,23.15,35.47,23.12,22.08,39.32,19.96
11,2019,3,23.27,29.21,23.15,23.12,35.47,39.32
11,2019,4,23.02,33.94,23.27,23.15,29.21,35.47
11,2019,5,22.81,34.43,23.02,23.27,33.94,29.21
11,2019,6,22.43,45.48,22.81,23.02,34.43,33.94
11,2019,7,22.22,50.23,22.43,22.81,45.48,34.43
11,2019,8,22.22,36.11,22.22,22.43,50.23,45.48
11,2019,9,22.4,18.81,22.22,22.22,36.11,50.23
11,2019,10,22.58,34.68,22.4,22.22,18.81,36.11
11,2019,11,22.83,33.51,22.58,22.4,34.68,18.81
11,2019,12,23.1,21.65,22.83,22.58,33.51,34.68
11,2020,1,22.36,38.23,23.1,22.83,21.65,33.51
11,2020,2,21.93,56.91,22.36,23.1,38.23,21.65
11,2020,3,22.06,44.83,21.93,22.36,56.91,38.23
11,2020,4,22.12,49.69,22.06,21.93,44.83,56.91
11,2020,5,22.15,47.77,22.12,22.06,49.69,44.83
11,2020,6,22.2,47.73,22.15,22.12,47.77,49.69
11,2020,7,22.39,47.27,22.2,22.15,47.73,47.77
11,2020,8,22.46,41.8,22.39,22.2,47.27,47.73
11,2020,9,22.34,41.15,22.46,22.39,41.8,47.27
11,2020,10,22.26,30.04,22.34,22.46,41.15,41.8
11,2020,11,22.16,39.79,22.26,22.34,30.04,41.15
11,2020,12,22.29,39.14,22.16,22.26,39.79,30.04
11,2021,1,21.7,44.21,22.29,22.16,39.14,39.79
11,2021,2,21.81,30.12,21.7,22.29,44.21,39.14
11,2021,3,22.08,34.3,21.81,21.7,30.12,44.21
11,2021,4,22.25,25.67,22.08,21.81,34.3,30.12
11,2021,5,22.48,28.27,22.25,22.08,25.67,34.3
11,2021,6,22.32,56.95,22.48,22.25,28.27,25.67
11,2021,7,21.92,69.05,22.32,22.48,56.95,28.27
11,2021,8,21.43,52.28,21.92,22.32,69.05,56.95
11,2021,9,21.69,35.79,21.43,21.92,52.28,69.05
11,2021,10,21.73,39.69,21.69,21.43,35.79,52.28
11,2021,11,21.77,57.14,21.73,21.69,39.69,35.79
11,2021,12,21.92,39.35,21.77,21.73,57.14,39.69
11,2022,1,21.68,45.48,21.92,21.77,39.35,57.14
11,2022,2,21.73,53.58,21.68,21.92,45.48,39.35
11,2022,3,21.65,44.91,21.73,21.68,53.58,45.48
11,2022,4,21.53,38.21,21.65,21.73,44.91,53.58
11,2022,5,21.61,38.38,21.53,21.65,38.21,44.91
11,2022,6,21.58,45.25,21.61,21.53,38.38,38.21
11,2022,7,21.59,65.74,21.58,21.61,45.25,38.38
11,2022,8,22.0,54.76,21.59,21.58,65.74,45.25
11,2022,9,22.0,62.2,22.0,21.59,54.76,65.74
11,2022,10,22.15,47.46,22.0,22.0,62.2,54.76
11,2022,11,22.07,38.7,22.15,22.0,47.46,62.2
11,2022,12,22.12,40.14,22.07,22.15,38.7,47.46
11,2023,1,22.45,34.82,22.12,22.07,40.14,38.7
11,2023,2,22.32,34.56,22.45,22.12,34.82,40.14
11,2023,3,22.37,31.97,22.32,22.45,34.56,34.82
11,2023,4,22.52,33.31,22.37,22.32,31.97,34.56
11,2023,5,22.55,29.14,22.52,22.37,33.31,31.97
11,2023,6,22.28,47.67,22.55,22.52,29.14,33.31
11,2023,7,22.19,42.41,22.28,22.55,47.67,29.14
11,2023,8,22.33,43.91,22.19,22.28,42.41,47.67
11,2023,9,22.65,31.74,22.33,22.19,43.91,42.41
11,2023,10,22.92,27.46,22.65,22.33,31.74,43.91
11,2023,11,23.05,24.06,22.92,22.65,27.46,31.74
11,2023,12,23.29,39.42,23.05,22.92,24.06,27.46
11,2024,1,22.64,34.99,23.29,23.05,39.42,24.06
11,2024,2,22.75,39.15,22.64,23.29,34.99,39.42
11,2024,3,22.96,44.63,22.75,22.64,39.15,34.99
11,2024,4,22.99,48.03,22.96,22.75,44.63,39.15
11,2024,5,22.85,33.62,22.99,22.96,48.03,44.63
11,2024,6,23.06,23.63,22.85,22.99,33.62,48.03
11,2024,7,23.14,21.69,23.06,22.85,23.63,33.62
11,2024,8,23.18,31.96,23.14,23.06,21.69,23.63
11,2024,9,23.33,36.76,23.18,23.14,31.96,21.69
11,2024,10,22.78,36.79,23.33,23.18,36.76,31.96
11,2024,11,22.96,28.43,22.78,23.33,36.79,36.76
11,2024,12,23.01,30.61,22.96,22.78,28.43,36.79
11,2025,1,22.39,22.56,23.01,22.96,30.61,28.43
11,2025,2,22.23,38.91,22.39,23.01,22.56,30.61
11,2025,3,21.86,43.02,22.23,22.39,38.91,22.56
11,2025,4,21.91,31.37,21.86,22.23,43.02,38.91
11,2025,5,22.21,24.06,21.91,21.86,31.37,43.02
11,2025,6,22.36,17.65,22.21,21.91,24.06,31.37
11,2025,7,22.43,19.78,22.36,22.21,17.65,24.06
11,2025,8,22.32,38.04,22.43,22.36,19.78,17.65
11,2025,9,22.27,32.34,22.32,22.43,38.04,19.78
11,2025,10,22.26,27.12,22.27,22.32,32.34,38.04
11,2025,11,22.43,14.9,22.26,22.27,27.12,32.34
11,2025,12,22.35,18.87,22.43,22.26,14.9,27.12
12,2016,1,25.45,12.04,25.29,25.33,4.52,14.04
12,2016,2,25.33,17.96,25.45,25.29,12.04,4.52
12,2016,3,25.18,28.03,25.33,25.45,17.96,12.04
12,2016,4,25.34,20.47,25.18,25.33,28.03,17.96
12,2016,5,25.26,28.9,25.34,25.18,20.47,28.03
12,2016,6,25.17,28.45,25.26,25.34,28.9,20.47
12,2016,7,25.27,22.58,25.17,25.26,28.45,28.9
12,2016,8,25.22,37.94,25.27,25.17,22.58,28.45
12,2016,9,25.27,13.67,25.22,25.27,37.94,22.58
12,2016,10,25.36,13.04,25.27,25.22,13.67,37.94
12,2016,11,25.47,17.23,25.36,25.27,13.04,13.67
12,2016,12,25.49,20.95,25.47,25.36,17.23,13.04
12,2017,1,24.76,39.21,25.49,25.47,20.95,17.23
12,2017,2,24.68,49.92,24.76,25.49,39.21,20.95
12,2017,3,24.65,30.9,24.68,24.76,49.92,39.21
12,2017,4,24.82,16.13,24.65,24.68,30.9,49.92
12,2017,5,25.02,14.78,24.82,24.65,16.13,30.9
12,2017,6,25.06,11.95,25.02,24.82,14.78,16.13
12,2017,7,24.82,12.84,25.06,25.02,11.95,14.78
12,2017,8,24.59,21.72,24.82,25.06,12.84,11.95
12,2017,9,24.66,24.95,24.59,24.82,21.72,12.84
12,2017,10,24.86,29.13,24.66,24.59,24.95,21.72
12,2017,11,24.93,18.19,24.86,24.66,29.13,24.95
12,2017,12,24.85,22.97,24.93,24.86,18.19,29.13
12,2018,1,24.86,16.85,24.85,24.93,22.97,18.19
12,2018,2,24.93,28.8,24.86,24.85,16.85,22.97
12,2018,3,24.96,44.07,24.93,24.86,28.8,16.85
12,2018,4,24.9,56.11,24.96,24.93,44.07,28.8
12,2018,5,24.92,37.1,24.9,24.96,56.11,44.07
12,2018,6,24.86,31.68,24.92,24.9,37.1,56.11
12,2018,7,24.83,30.0,24.86,24.92,31.68,37.1
12,2018,8,24.71,37.33,24.83,24.86,30.0,31.68
12,2018,9,24.58,41.23,24.71,24.83,37.33,30.0
12,2018,10,24.47,37.38,24.58,24.71,41.23,37.33
12,2018,11,24.45,42.58,24.47,24.58,37.38,41.23
12,2018,12,24.75,22.93,24.45,24.47,42.58,37.38
12,2019,1,25.68,11.99,24.75,24.45,22.93,42.58
12,2019,2,25.61,16.16,25.68,24.75,11.99,22.93
12,2019,3,25.62,9.65,25.61,25.68,16.16,11.99
12,2019,4,25.79,12.84,25.62,25.61,9.65,16.16
12,2019,5,25.62,23.21,25.79,25.62,12.84,9.65
12,2019,6,25.43,24.05,25.62,25.79,23.21,12.84
12,2019,7,25.38,28.94,25.43,25.62,24.05,23.21
12,2019,8,25.16,28.59,25.38,25.43,28.94,24.05
12,2019,9,25.21,18.54,25.16,25.38,28.59,28.94
12,2019,10,25.17,30.71,25.21,25.16,18.54,28.59
12,2019,11,25.31,20.83,25.17,25.21,30.71,18.54
12,2019,12,25.48,14.24,25.31,25.17,20.83,30.71
12,2020,1,24.63,18.68,25.48,25.31,14.24,20.83
12,2020,2,24.55,28.53,24.63,25.48,18.68,14.24
12,2020,3,24.54,34.84,24.55,24.63,28.53,18.68
12,2020,4,24.53,35.87,24.54,24.55,34.84,28.53
12,2020,5,24.44,39.56,24.53,24.54,35.87,34.84
12,2020,6,24.41,41.61,24.44,24.53,39.56,35.87
12,2020,7,24.59,30.19,24.41,24.44,41.61,39.56
12,2020,8,24.66,23.6,24.59,24.41,30.19,41.61
12,2020,9,24.57,29.92,24.66,24.59,23.6,30.19
12,2020,10,24.75,26.07,24.57,24.66,29.92,23.6
12,2020,11,24.75,34.57,24.75,24.57,26.07,29.92
12,2020,12,24.62,23.22,24.75,24.75,34.57,26.07
12,2021,1,25.45,15.97,24.62,24.75,23.22,34.57
12,2021,2,25.31,24.04,25.45,24.62,15.97,23.22
12,2021,3,25.48,22.59,25.31,25.45,24.04,15.97
12,2021,4,25.26,30.14,25.48,25.31,22.59,24.04
12,2021,5,25.32,37.0,25.26,25.48,30.14,22.59
12,2021,6,25.43,22.62,25.32,25.26,37.0,30.14
12,2021,7,25.78,18.12,25.43,25.32,22.62,37.0
12,2021,8,25.42,33.88,25.78,25.43,18.12,22.62
12,2021,9,25.13,33.54,25.42,25.78,33.88,18.12
12,2021,10,25.38,30.75,25.13,25.42,33.54,33.88
12,2021,11,25.58,20.58,25.38,25.13,30.75,33.54
12,2021,12,25.71,10.89,25.58,25.38,20.58,30.75
12,2022,1,24.56,18.65,25.71,25.58,10.89,20.58
12,2022,2,24.49,36.46,24.56,25.71,18.65,10.89
12,2022,3,24.51,33.77,24.49,24.56,36.46,18.65
12,2022,4,24.13,30.58,24.51,24.49,33.77,36.46
12,2022,5,24.24,20.39,24.13,24.51,30.58,33.77
12,2022,6,24.39,14.28,24.24,24.13,20.39,30.58
12,2022,7,24.6,12.64,24.39,24.24,14.28,20.39
12,2022,8,24.77,14.02,24.6,24.39,12.64,14.28
12,2022,9,24.78,21.5,24.77,24.6,14.02,12.64
12,2022,10,24.94,17.5,24.78,24.77,21.5,14.02
12,2022,11,25.17,5.78,24.94,24.78,17.5,21.5
12,2022,12,25.07,13.59,25.17,24.94,5.78,17.5
12,2023,1,25.43,9.56,25.07,25.17,13.59,5.78
12,2023,2,25.53,18.63,25.43,25.07,9.56,13.59
12,2023,3,25.27,20.35,25.53,25.43,18.63,9.56
12,2023,4,25.38,16.97,25.27,25.53,20.35,18.63
12,2023,5,25.46,12.98,25.38,25.27,16.97,20.35
12,2023,6,25.07,15.3,25.46,25.38,12.98,16.97
12,2023,7,24.98,17.4,25.07,25.46,15.3,12.98
12,2023,8,25.16,12.21,24.98,25.07,17.4,15.3
12,2023,9,25.48,15.53,25.16,24.98,12.21,17.4
12,2023,10,25.52,7.58,25.48,25.16,15.53,12.21
12,2023,11,25.4,12.1,25.52,25.48,7.58,15.53
12,2023,12,25.43,10.79,25.4,25.52,12.1,7.58
12,2024,1,25.53,17.52,25.43,25.4,10.79,12.1
12,2024,2,25.43,31.16,25.53,25.43,17.52,10.79
12,2024,3,25.5,20.91,25.43,25.53,31.16,17.52
12,2024,4,25.44,25.59,25.5,25.43,20.91,31.16
12,2024,5,25.33,34.89,25.44,25.5,25.59,20.91
12,2024,6,25.57,22.45,25.33,25.44,34.89,25.59
12,2024,7,25.55,21.97,25.57,25.33,22.45,34.89
12,2024,8,25.68,15.5,25.55,25.57,21.97,22.45
12,2024,9,25.69,25.83,25.68,25.55,15.5,21.97
12,2024,10,25.59,28.67,25.69,25.68,25.83,15.5
12,2024,11,25.57,30.67,25.59,25.69,28.67,25.83
12,2024,12,25.66,15.54,25.57,25.59,30.67,28.67
12,2025,1,25.39,18.58,25.66,25.57,15.54,30.67
12,2025,2,25.22,19.05,25.39,25.66,18.58,15.54
12,2025,3,25.27,23.64,25.22,25.39,19.05,18.58
12,2025,4,25.45,24.47,25.27,25.22,23.64,19.05
12,2025,5,25.33,17.05,25.45,25.27,24.47,23.64
12,2025,6,25.04,36.3,25.33,25.45,17.05,24.47
12,2025,7,25.35,15.73,25.04,25.33,36.3,17.05
12,2025,8,25.29,15.27,25.35,25.04,15.73,36.3
12,2025,9,25.29,20.06,25.29,25.35,15.27,15.73
12,2025,10,25.69,20.33,25.29,25.29,20.06,15.27
12,2025,11,25.52,36.08,25.69,25.29,20.33,20.06
12,2025,12,25.33,44.48,25.52,25.69,36.08,20.33
13,2016,1,25.68,9.16,25.28,25.27,17.08,53.52
13,2016,2,25.77,8.36,25.68,25.28,9.16,17.08
13,2016,3,25.87,15.16,25.77,25.68,8.36,9.16
13,2016,4,25.78,23.16,25.87,25.77,15.16,8.36
13,2016,5,25.86,18.68,25.78,25.87,23.16,15.16
13,2016,6,25.75,7.76,25.86,25.78,18.68,23.16
13,2016,7,25.74,12.2,25.75,25.86,7.76,18.68
13,2016,8,26.08,2.4,25.74,25.75,12.2,7.76
13,2016,9,25.84,11.64,26.08,25.74,2.4,12.2
13,2016,10,25.7,19.16,25.84,26.08,11.64,2.4
13,2016,11,25.91,7.48,25.7,25.84,19.16,11.64
13,2016,12,26.11,3.12,25.91,25.7,7.48,19.16
13,2017,1,25.34,16.28,26.11,25.91,3.12,7.48
13,2017,2,25.38,14.32,25.34,26.11,16.28,3.12
13,2017,3,25.79,22.53,25.38,25.34,14.32,16.28
13,2017,4,25.27,52.91,25.79,25.38,22.53,14.32
13,2017,5,24.95,90.66,25.27,25.79,52.91,22.53
13,2017,6,24.5,60.06,24.95,25.27,90.66,52.91
13,2017,7,24.12,42.17,24.5,24.95,60.06,90.66
13,2017,8,24.08,34.06,24.12,24.5,42.17,60.06
13,2017,9,24.35,50.34,24.08,24.12,34.06,42.17
13,2017,10,24.84,32.8,24.35,24.08,50.34,34.06
13,2017,11,25.4,12.63,24.84,24.35,32.8,50.34
13,2017,12,25.62,17.46,25.4,24.84,12.63,32.8
13,2018,1,25.02,21.43,25.62,25.4,17.46,12.63
13,2018,2,25.17,17.06,25.02,25.62,21.43,17.46
13,2018,3,25.38,28.23,25.17,25.02,17.06,21.43
13,2018,4,25.45,17.31,25.38,25.17,28.23,17.06
13,2018,5,25.45,6.77,25.45,25.38,17.31,28.23
13,2018,6,25.54,8.29,25.45,25.45,6.77,17.31
13,2018,7,25.35,12.71,25.54,25.45,8.29,6.77
13,2018,8,25.16,24.57,25.35,25.54,12.71,8.29
13,2018,9,25.19,14.71,25.16,25.35,24.57,12.71
13,2018,10,25.18,13.63,25.19,25.16,14.71,24.57
13,2018,11,25.25,5.46,25.18,25.19,13.63,14.71
13,2018,12,25.29,14.74,25.25,25.18,5.46,13.63
13,2019,1,25.62,27.91,25.29,25.25,14.74,5.46
13,2019,2,25.96,9.57,25.62,25.29,27.91,14.74
13,2019,3,25.66,23.31,25.96,25.62,9.57,27.91
13,2019,4,26.01,8.8,25.66,25.96,23.31,9.57
13,2019,5,25.97,8.8,26.01,25.66,8.8,23.31
13,2019,6,25.59,35.54,25.97,26.01,8.8,8.8
13,2019,7,25.75,72.03,25.59,25.97,35.54,8.8
13,2019,8,25.63,40.2,25.75,25.59,72.03,35.54
13,2019,9,25.61,39.26,25.63,25.75,40.2,72.03
13,2019,10,25.68,73.26,25.61,25.63,39.26,40.2
13,2019,11,25.6,66.63,25.68,25.61,73.26,39.26
13,2019,12,25.69,37.49,25.6,25.68,66.63,73.26
13,2020,1,25.76,20.43,25.69,25.6,37.49,66.63
13,2020,2,25.91,18.37,25.76,25.69,20.43,37.49
13,2020,3,26.27,6.37,25.91,25.76,18.37,20.43
13,2020,4,26.36,8.0,26.27,25.91,6.37,18.37
13,2020,5,26.25,14.69,26.36,26.27,8.0,6.37
13,2020,6,26.15,12.34,26.25,26.36,14.69,8.0
13,2020,7,25.81,19.0,26.15,26.25,12.34,14.69
13,2020,8,26.09,10.43,25.81,26.15,19.0,12.34
13,2020,9,26.03,10.71,26.09,25.81,10.43,19.0
13,2020,10,26.26,13.37,26.03,26.09,10.71,10.43
13,2020,11,26.32,7.17,26.26,26.03,13.37,10.71
13,2020,12,25.9,14.23,26.32,26.26,7.17,13.37
13,2021,1,25.89,23.56,25.9,26.32,14.23,7.17
13,2021,2,25.92,13.64,25.89,25.9,23.56,14.23
13,2021,3,25.99,11.84,25.92,25.89,13.64,23.56
13,2021,4,25.87,19.76,25.99,25.92,11.84,13.64
13,2021,5,25.64,32.04,25.87,25.99,19.76,11.84
13,2021,6,25.41,29.9,25.64,25.87,32.04,19.76
13,2021,7,25.76,8.2,25.41,25.64,29.9,32.04
13,2021,8,25.71,19.25,25.76,25.41,8.2,29.9
13,2021,9,25.71,16.6,25.71,25.76,19.25,8.2
13,2021,10,25.79,19.05,25.71,25.71,16.6,19.25
13,2021,11,25.51,11.35,25.79,25.71,19.05,16.6
13,2021,12,25.64,17.35,25.51,25.79,11.35,19.05
13,2022,1,25.31,12.12,25.64,25.51,17.35,11.35
13,2022,2,25.65,6.56,25.31,25.64,12.12,17.35
13,2022,3,25.06,13.76,25.65,25.31,6.56,12.12
13,2022,4,25.02,10.44,25.06,25.65,13.76,6.56
13,2022,5,24.32,6.48,25.02,25.06,10.44,13.76
13,2022,6,24.24,11.04,24.32,25.02,6.48,10.44
13,2022,7,24.95,2.16,24.24,24.32,11.04,6.48
13,2022,8,25.16,15.4,24.95,24.24,2.16,11.04
13,2022,9,25.01,9.16,25.16,24.95,15.4,2.16
13,2022,10,25.18,7.36,25.01,25.16,9.16,15.4
13,2022,11,25.35,8.72,25.18,25.01,7.36,9.16
13,2022,12,25.37,9.8,25.35,25.18,8.72,7.36
13,2023,1,25.8,26.72,25.37,25.35,9.8,8.72
13,2023,2,25.92,14.52,25.8,25.37,26.72,9.8
13,2023,3,26.05,16.52,25.92,25.8,14.52,26.72
13,2023,4,26.23,10.12,26.05,25.92,16.52,14.52
13,2023,5,26.21,14.92,26.23,26.05,10.12,16.52
13,2023,6,25.62,18.72,26.21,26.23,14.92,10.12
13,2023,7,25.67,32.04,25.62,26.21,18.72,14.92
13,2023,8,25.69,20.2,25.67,25.62,32.04,18.72
13,2023,9,25.92,19.2,25.69,25.67,20.2,32.04
13,2023,10,25.8,25.36,25.92,25.69,19.2,20.2
13,2023,11,25.9,12.2,25.8,25.92,25.36,19.2
13,2023,12,25.97,4.0,25.9,25.8,12.2,25.36
13,2024,1,26.03,37.95,25.97,25.9,4.0,12.2
13,2024,2,26.08,33.45,26.03,25.97,37.95,4.0
13,2024,3,26.38,14.3,26.08,26.03,33.45,37.95
13,2024,4,26.28,34.35,26.38,26.08,14.3,33.45
13,2024,5,26.13,39.35,26.28,26.38,34.35,14.3
13,2024,6,26.19,26.45,26.13,26.28,39.35,34.35
13,2024,7,25.99,102.05,26.19,26.13,26.45,39.35
13,2024,8,26.12,32.35,25.99,26.19,102.05,26.45
13,2024,9,26.39,27.3,26.12,25.99,32.35,102.05
13,2024,10,26.21,24.85,26.39,26.12,27.3,32.35
13,2024,11,25.97,43.15,26.21,26.39,24.85,27.3
13,2024,12,26.42,17.15,25.97,26.21,43.15,24.85
13,2025,1,25.83,70.47,26.42,25.97,17.15,43.15
13,2025,2,25.9,93.53,25.83,26.42,70.47,17.15
13,2025,3,25.88,47.0,25.9,25.83,93.53,70.47
13,2025,4,26.05,82.73,25.88,25.9,47.0,93.53
13,2025,5,25.93,47.33,26.05,25.88,82.73,47.0
13,2025,6,25.68,48.67,25.93,26.05,47.33,82.73
13,2025,7,25.74,37.07,25.68,25.93,48.67,47.33
13,2025,8,25.64,21.4,25.74,25.68,37.07,48.67
13,2025,9,25.98,7.47,25.64,25.74,21.4,37.07
13,2025,10,26.04,39.2,25.98,25.64,7.47,21.4
13,2025,11,25.97,51.67,26.04,25.98,39.2,7.47
13,2025,12,25.43,89.53,25.97,26.04,51.67,39.2
14,2016,1,26.14,14.4,26.69,26.68,30.6,19.93
14,2016,2,26.14,37.83,26.14,26.69,14.4,30.6
14,2016,3,26.23,21.77,26.14,26.14,37.83,14.4
14,2016,4,26.28,11.0,26.23,26.14,21.77,37.83
14,2016,5,26.24,28.87,26.28,26.23,11.0,21.77
14,2016,6,26.27,16.53,26.24,26.28,28.87,11.0
14,2016,7,26.44,6.07,26.27,26.24,16.53,28.87
14,2016,8,26.48,3.93,26.44,26.27,6.07,16.53
14,2016,9,26.22,24.43,26.48,26.44,3.93,6.07
14,2016,10,26.25,14.7,26.22,26.48,24.43,3.93
14,2016,11,26.38,30.37,26.25,26.22,14.7,24.43
14,2016,12,26.37,9.2,26.38,26.25,30.37,14.7
14,2017,1,25.69,29.07,26.37,26.38,9.2,30.37
14,2017,2,25.77,22.3,25.69,26.37,29.07,9.2
14,2017,3,25.81,35.03,25.77,25.69,22.3,29.07
14,2017,4,25.79,18.1,25.81,25.77,35.03,22.3
14,2017,5,25.8,24.13,25.79,25.81,18.1,35.03
14,2017,6,25.64,15.03,25.8,25.79,24.13,18.1
14,2017,7,25.55,18.67,25.64,25.8,15.03,24.13
14,2017,8,25.42,10.97,25.55,25.64,18.67,15.03
14,2017,9,25.29,17.94,25.42,25.55,10.97,18.67
14,2017,10,25.88,18.09,25.29,25.42,17.94,10.97
14,2017,11,25.98,18.49,25.88,25.29,18.09,17.94
14,2017,12,26.17,8.63,25.98,25.88,18.49,18.09
14,2018,1,25.6,17.2,26.17,25.98,8.63,18.49
14,2018,2,25.89,18.74,25.6,26.17,17.2,8.63
14,2018,3,26.02,18.86,25.89,25.6,18.74,17.2
14,2018,4,26.02,15.74,26.02,25.89,18.86,18.74
14,2018,5,25.98,7.4,26.02,26.02,15.74,18.86
14,2018,6,26.0,18.54,25.98,26.02,7.4,15.74
14,2018,7,26.06,18.46,26.0,25.98,18.54,7.4
14,2018,8,25.9,17.69,26.06,26.0,18.46,18.54
14,2018,9,25.65,27.31,25.9,26.06,17.69,18.46
14,2018,10,25.71,23.74,25.65,25.9,27.31,17.69
14,2018,11,25.69,18.54,25.71,25.65,23.74,27.31
14,2018,12,25.84,12.71,25.69,25.71,18.54,23.74
14,2019,1,26.16,37.07,25.84,25.69,12.71,18.54
14,2019,2,26.59,15.57,26.16,25.84,37.07,12.71
14,2019,3,26.35,12.53,26.59,26.16,15.57,37.07
14,2019,4,26.45,8.77,26.35,26.59,12.53,15.57
14,2019,5,26.52,9.13,26.45,26.35,8.77,12.53
14,2019,6,26.27,19.63,26.52,26.45,9.13,8.77
14,2019,7,26.16,17.77,26.27,26.52,19.63,9.13
14,2019,8,25.87,38.73,26.16,26.27,17.77,19.63
14,2019,9,26.34,10.87,25.87,26.16,38.73,17.77
14,2019,10,26.28,13.87,26.34,25.87,10.87,38.73
14,2019,11,26.28,18.63,26.28,26.34,13.87,10.87
14,2019,12,26.29,19.0,26.28,26.28,18.63,13.87
14,2020,1,26.27,18.57,26.29,26.28,19.0,18.63
14,2020,2,26.54,17.51,26.27,26.29,18.57,19.0
14,2020,3,26.92,7.69,26.54,26.27,17.51,18.57
14,2020,4,27.15,5.57,26.92,26.54,7.69,17.51
14,2020,5,26.8,14.46,27.15,26.92,5.57,7.69
14,2020,6,26.8,4.09,26.8,27.15,14.46,5.57
14,2020,7,26.65,7.09,26.8,26.8,4.09,14.46
14,2020,8,26.77,3.34,26.65,26.8,7.09,4.09
14,2020,9,26.75,7.89,26.77,26.65,3.34,7.09
14,2020,10,26.9,6.17,26.75,26.77,7.89,3.34
14,2020,11,27.06,6.49,26.9,26.75,6.17,7.89
14,2020,12,26.6,12.66,27.06,26.9,6.49,6.17
14,2021,1,26.4,11.56,26.6,27.06,12.66,6.49
14,2021,2,26.22,14.28,26.4,26.6,11.56,12.66
14,2021,3,26.5,4.6,26.22,26.4,14.28,11.56
14,2021,4,26.03,7.28,26.5,26.22,4.6,14.28
14,2021,5,26.51,4.88,26.03,26.5,7.28,4.6
14,2021,6,26.87,4.8,26.51,26.03,4.88,7.28
14,2021,7,26.99,1.6,26.87,26.51,4.8,4.88
14,2021,8,27.09,2.08,26.99,26.87,1.6,4.8
14,2021,9,26.96,1.48,27.09,26.99,2.08,1.6
14,2021,10,26.9,3.44,26.96,27.09,1.48,2.08
14,2021,11,26.2,9.88,26.9,26.96,3.44,1.48
14,2021,12,26.72,7.96,26.2,26.9,9.88,3.44
14,2022,1,24.8,53.6,26.72,26.2,7.96,9.88
14,2022,2,24.81,64.23,24.8,26.72,53.6,7.96
14,2022,3,24.56,34.0,24.81,24.8,64.23,53.6
14,2022,4,24.36,51.93,24.56,24.81,34.0,64.23
14,2022,5,24.29,43.43,24.36,24.56,51.93,34.0
14,2022,6,24.37,56.33,24.29,24.36,43.43,51.93
14,2022,7,24.64,36.17,24.37,24.29,56.33,43.43
14,2022,8,24.71,31.3,24.64,24.37,36.17,56.33
14,2022,9,24.66,24.57,24.71,24.64,31.3,36.17
14,2022,10,25.01,28.27,24.66,24.71,24.57,31.3
14,2022,11,25.08,18.37,25.01,24.66,28.27,24.57
14,2022,12,25.03,6.23,25.08,25.01,18.37,28.27
14,2023,1,25.91,23.37,25.03,25.08,6.23,18.37
14,2023,2,26.22,14.57,25.91,25.03,23.37,6.23
14,2023,3,26.34,7.77,26.22,25.91,14.57,23.37
14,2023,4,26.15,8.53,26.34,26.22,7.77,14.57
14,2023,5,26.39,5.4,26.15,26.34,8.53,7.77
14,2023,6,25.92,12.2,26.39,26.15,5.4,8.53
14,2023,7,25.9,24.47,25.92,26.39,12.2,5.4
14,2023,8,25.88,22.37,25.9,25.92,24.47,12.2
14,2023,9,26.17,9.47,25.88,25.9,22.37,24.47
14,2023,10,26.08,7.83,26.17,25.88,9.47,22.37
14,2023,11,26.05,4.33,26.08,26.17,7.83,9.47
14,2023,12,26.09,4.5,26.05,26.08,4.33,7.83
14,2024,1,26.25,11.73,26.09,26.05,4.5,4.33
14,2024,2,26.17,21.53,26.25,26.09,11.73,4.5
14,2024,3,26.54,10.43,26.17,26.25,21.53,11.73
14,2024,4,26.46,24.87,26.54,26.17,10.43,21.53
14,2024,5,26.39,19.73,26.46,26.54,24.87,10.43
14,2024,6,26.38,27.93,26.39,26.46,19.73,24.87
14,2024,7,26.19,49.63,26.38,26.39,27.93,19.73
14,2024,8,26.5,21.23,26.19,26.38,49.63,27.93
14,2024,9,26.61,32.6,26.5,26.19,21.23,49.63
14,2024,10,26.44,11.0,26.61,26.5,32.6,21.23
14,2024,11,26.14,16.77,26.44,26.61,11.0,32.6
14,2024,12,26.64,14.83,26.14,26.44,16.77,11.0
14,2025,1,26.12,4.13,26.64,26.14,14.83,16.77
14,2025,2,25.67,17.33,26.12,26.64,4.13,14.83
14,2025,3,26.06,14.03,25.67,26.12,17.33,4.13
14,2025,4,26.1,15.5,26.06,25.67,14.03,17.33
14,2025,5,25.7,26.83,26.1,26.06,15.5,14.03
14,2025,6,25.86,16.0,25.7,26.1,26.83,15.5
14,2025,7,25.93,4.73,25.86,25.7,16.0,26.83
14,2025,8,25.75,10.87,25.93,25.86,4.73,16.0
14,2025,9,26.16,4.37,25.75,25.93,10.87,4.73
14,2025,10,26.32,11.6,26.16,25.75,4.37,10.87
14,2025,11,26.46,10.6,26.32,26.16,11.6,4.37
14,2025,12,26.07,15.93,26.46,26.32,10.6,11.6
15,2016,1,25.62,11.43,25.72,25.74,9.83,6.78
15,2016,2,25.49,11.6,25.62,25.72,11.43,9.83
15,2016,3,25.53,16.47,25.49,25.62,11.6,11.43
15,2016,4,25.8,6.0,25.53,25.49,16.47,11.6
15,2016,5,26.02,7.68,25.8,25.53,6.0,16.47
15,2016,6,25.87,12.87,26.02,25.8,7.68,6.0
15,2016,7,25.96,10.72,25.87,26.02,12.87,7.68
15,2016,8,26.06,10.07,25.96,25.87,10.72,12.87
15,2016,9,25.89,25.57,26.06,25.96,10.07,10.72
15,2016,10,25.85,13.95,25.89,26.06,25.57,10.07
15,2016,11,25.87,14.83,25.85,25.89,13.95,25.57
15,2016,12,25.9,12.4,25.87,25.85,14.83,13.95
15,2017,1,25.32,32.38,25.9,25.87,12.4,14.83
15,2017,2,25.39,28.48,25.32,25.9,32.38,12.4
15,2017,3,25.37,11.02,25.39,25.32,28.48,32.38
15,2017,4,25.34,12.33,25.37,25.39,11.02,28.48
15,2017,5,25.39,13.78,25.34,25.37,12.33,11.02
15,2017,6,25.48,14.93,25.39,25.34,13.78,12.33
15,2017,7,25.4,13.47,25.48,25.39,14.93,13.78
15,2017,8,25.14,11.63,25.4,25.48,13.47,14.93
15,2017,9,25.52,13.51,25.14,25.4,11.63,13.47
15,2017,10,25.64,19.78,25.52,25.14,13.51,11.63
15,2017,11,25.67,15.35,25.64,25.52,19.78,13.51
15,2017,12,25.86,10.38,25.67,25.64,15.35,19.78
15,2018,1,25.37,23.45,25.86,25.67,10.38,15.35
15,2018,2,25.52,34.89,25.37,25.86,23.45,10.38
15,2018,3,25.72,15.17,25.52,25.37,34.89,23.45
15,2018,4,25.66,18.71,25.72,25.52,15.17,34.89
15,2018,5,25.65,8.62,25.66,25.72,18.71,15.17
15,2018,6,25.46,25.66,25.65,25.66,8.62,18.71
15,2018,7,25.3,31.75,25.46,25.65,25.66,8.62
15,2018,8,25.37,12.8,25.3,25.46,31.75,25.66
15,2018,9,25.22,22.12,25.37,25.3,12.8,31.75
15,2018,10,24.99,28.66,25.22,25.37,22.12,12.8
15,2018,11,25.33,10.12,24.99,25.22,28.66,22.12
15,2018,12,25.51,5.28,25.33,24.99,10.12,28.66
15,2019,1,25.66,13.69,25.51,25.33,5.28,10.12
15,2019,2,25.85,10.45,25.66,25.51,13.69,5.28
15,2019,3,25.72,6.88,25.85,25.66,10.45,13.69
15,2019,4,25.64,12.32,25.72,25.85,6.88,10.45
15,2019,5,25.55,13.65,25.64,25.72,12.32,6.88
15,2019,6,25.45,16.72,25.55,25.64,13.65,12.32
15,2019,7,25.4,7.82,25.45,25.55,16.72,13.65
15,2019,8,25.3,11.0,25.4,25.45,7.82,16.72
15,2019,9,25.41,16.6,25.3,25.4,11.0,7.82
15,2019,10,25.37,9.06,25.41,25.3,16.6,11.0
15,2019,11,25.47,7.52,25.37,25.41,9.06,16.6
15,2019,12,25.47,11.46,25.47,25.37,7.52,9.06
15,2020,1,25.12,23.35,25.47,25.47,11.46,7.52
15,2020,2,25.17,24.72,25.12,25.47,23.35,11.46
15,2020,3,25.3,37.51,25.17,25.12,24.72,23.35
15,2020,4,25.35,27.63,25.3,25.17,37.51,24.72
15,2020,5,25.18,17.37,25.35,25.3,27.63,37.51
15,2020,6,25.44,21.62,25.18,25.35,17.37,27.63
15,2020,7,25.34,18.02,25.44,25.18,21.62,17.37
15,2020,8,25.61,7.6,25.34,25.44,18.02,21.62
15,2020,9,25.61,17.09,25.61,25.34,7.6,18.02
15,2020,10,25.68,10.05,25.61,25.61,17.09,7.6
15,2020,11,25.75,6.55,25.68,25.61,10.05,17.09
15,2020,12,25.46,7.83,25.75,25.68,6.55,10.05
15,2021,1,25.81,21.43,25.46,25.75,7.83,6.55
15,2021,2,25.87,14.94,25.81,25.46,21.43,7.83
15,2021,3,25.92,12.95,25.87,25.81,14.94,21.43
15,2021,4,25.67,18.25,25.92,25.87,12.95,14.94
15,2021,5,25.76,17.97,25.67,25.92,18.25,12.95
15,2021,6,26.08,6.82,25.76,25.67,17.97,18.25
15,2021,7,26.33,4.88,26.08,25.76,6.82,17.97
15,2021,8,26.32,3.42,26.33,26.08,4.88,6.82
15,2021,9,26.11,9.15,26.32,26.33,3.42,4.88
15,2021,10,26.07,15.49,26.11,26.32,9.15,3.42
15,2021,11,26.02,24.42,26.07,26.11,15.49,9.15
15,2021,12,26.02,10.88,26.02,26.07,24.42,15.49
15,2022,1,24.38,15.45,26.02,26.02,10.88,24.42
15,2022,2,24.54,40.69,24.38,26.02,15.45,10.88
15,2022,3,24.51,22.0,24.54,24.38,40.69,15.45
15,2022,4,23.92,49.65,24.51,24.54,22.0,40.69
15,2022,5,24.01,21.64,23.92,24.51,49.65,22.0
15,2022,6,24.07,23.76,24.01,23.92,21.64,49.65
15,2022,7,24.18,20.36,24.07,24.01,23.76,21.64
15,2022,8,24.58,2.64,24.18,24.07,20.36,23.76
15,2022,9,24.86,2.64,24.58,24.18,2.64,20.36
15,2022,10,24.96,7.64,24.86,24.58,2.64,2.64
15,2022,11,24.76,8.02,24.96,24.86,7.64,2.64
15,2022,12,24.88,3.18,24.76,24.96,8.02,7.64
15,2023,1,25.15,11.33,24.88,24.76,3.18,8.02
15,2023,2,25.43,15.2,25.15,24.88,11.33,3.18
15,2023,3,25.42,17.8,25.43,25.15,15.2,11.33
15,2023,4,25.28,9.55,25.42,25.43,17.8,15.2
15,2023,5,25.34,16.72,25.28,25.42,9.55,17.8
15,2023,6,25.16,15.07,25.34,25.28,16.72,9.55
15,2023,7,24.99,25.7,25.16,25.34,15.07,16.72
15,2023,8,25.03,18.0,24.99,25.16,25.7,15.07
15,2023,9,25.18,9.57,25.03,24.99,18.0,25.7
15,2023,10,25.37,5.63,25.18,25.03,9.57,18.0
15,2023,11,25.27,4.55,25.37,25.18,5.63,9.57
15,2023,12,25.42,7.07,25.27,25.37,4.55,5.63
15,2024,1,25.29,27.51,25.42,25.27,7.07,4.55
15,2024,2,25.38,16.02,25.29,25.42,27.51,7.07
15,2024,3,25.41,18.98,25.38,25.29,16.02,27.51
15,2024,4,25.54,24.42,25.41,25.38,18.98,16.02
15,2024,5,25.66,13.02,25.54,25.41,24.42,18.98
15,2024,6,25.67,7.87,25.66,25.54,13.02,24.42
15,2024,7,25.61,10.33,25.67,25.66,7.87,13.02
15,2024,8,25.73,11.07,25.61,25.67,10.33,7.87
15,2024,9,25.92,6.38,25.73,25.61,11.07,10.33
15,2024,10,25.85,14.75,25.92,25.73,6.38,11.07
15,2024,11,25.71,16.95,25.85,25.92,14.75,6.38
15,2024,12,25.82,11.29,25.71,25.85,16.95,14.75
15,2025,1,25.46,7.82,25.82,25.71,11.29,16.95
15,2025,2,25.18,22.91,25.46,25.82,7.82,11.29
15,2025,3,25.32,16.33,25.18,25.46,22.91,7.82
15,2025,4,25.31,22.22,25.32,25.18,16.33,22.91
15,2025,5,25.35,33.73,25.31,25.32,22.22,16.33
15,2025,6,25.47,12.76,25.35,25.31,33.73,22.22
15,2025,7,25.49,8.31,25.47,25.35,12.76,33.73
15,2025,8,25.46,6.22,25.49,25.47,8.31,12.76
15,2025,9,25.72,10.69,25.46,25.49,6.22,8.31
15,2025,10,25.51,15.71,25.72,25.46,10.69,6.22
15,2025,11,25.68,19.4,25.51,25.72,15.71,10.69
15,2025,12,25.24,32.51,25.68,25.51,19.4,15.71
16,2016,1,25.65,13.32,25.62,25.67,8.9,7.75
16,2016,2,25.74,12.05,25.65,25.62,13.32,8.9
16,2016,3,25.66,11.62,25.74,25.65,12.05,13.32
16,2016,4,25.67,8.22,25.66,25.74,11.62,12.05
16,2016,5,26.07,6.52,25.67,25.66,8.22,11.62
16,2016,6,25.9,9.35,26.07,25.67,6.52,8.22
16,2016,7,26.11,11.85,25.9,26.07,9.35,6.52
16,2016,8,26.13,10.08,26.11,25.9,11.85,9.35
16,2016,9,25.89,36.38,26.13,26.11,10.08,11.85
16,2016,10,25.74,18.75,25.89,26.13,36.38,10.08
16,2016,11,25.81,35.85,25.74,25.89,18.75,36.38
16,2016,12,25.81,8.72,25.81,25.74,35.85,18.75
16,2017,1,25.96,43.33,25.81,25.81,8.72,35.85
16,2017,2,25.87,31.78,25.96,25.81,43.33,8.72
16,2017,3,26.1,16.98,25.87,25.96,31.78,43.33
16,2017,4,26.09,7.33,26.1,25.87,16.98,31.78
16,2017,5,26.11,10.58,26.09,26.1,7.33,16.98
16,2017,6,26.11,12.71,26.11,26.09,10.58,7.33
16,2017,7,26.12,9.98,26.11,26.11,12.71,10.58
16,2017,8,26.02,16.96,26.12,26.11,9.98,12.71
16,2017,9,26.01,17.87,26.02,26.12,16.96,9.98
16,2017,10,25.96,34.89,26.01,26.02,17.87,16.96
16,2017,11,25.95,15.8,25.96,26.01,34.89,17.87
16,2017,12,26.16,10.11,25.95,25.96,15.8,34.89
16,2018,1,25.62,15.73,26.16,25.95,10.11,15.8
16,2018,2,25.78,15.18,25.62,26.16,15.73,10.11
16,2018,3,25.91,11.33,25.78,25.62,15.18,15.73
16,2018,4,25.96,2.91,25.91,25.78,11.33,15.18
16,2018,5,25.9,10.71,25.96,25.91,2.91,11.33
16,2018,6,25.83,20.29,25.9,25.96,10.71,2.91
16,2018,7,25.81,31.8,25.83,25.9,20.29,10.71
16,2018,8,25.62,34.31,25.81,25.83,31.8,20.29
16,2018,9,25.6,18.11,25.62,25.81,34.31,31.8
16,2018,10,25.38,26.02,25.6,25.62,18.11,34.31
16,2018,11,25.53,18.11,25.38,25.6,26.02,18.11
16,2018,12,25.65,20.38,25.53,25.38,18.11,26.02
16,2019,1,25.89,23.62,25.65,25.53,20.38,18.11
16,2019,2,26.1,9.11,25.89,25.65,23.62,20.38
16,2019,3,25.93,28.51,26.1,25.89,9.11,23.62
16,2019,4,25.9,32.8,25.93,26.1,28.51,9.11
16,2019,5,26.0,19.0,25.9,25.93,32.8,28.51
16,2019,6,25.82,18.18,26.0,25.9,19.0,32.8
16,2019,7,25.83,20.09,25.82,26.0,18.18,19.0
16,2019,8,25.84,15.78,25.83,25.82,20.09,18.18
16,2019,9,26.02,17.82,25.84,25.83,15.78,20.09
16,2019,10,25.92,17.38,26.02,25.84,17.82,15.78
16,2019,11,26.14,10.84,25.92,26.02,17.38,17.82
16,2019,12,25.93,16.58,26.14,25.92,10.84,17.38
16,2020,1,25.33,55.68,25.93,26.14,16.58,10.84
16,2020,2,25.7,27.95,25.33,25.93,55.68,16.58
16,2020,3,25.9,26.35,25.7,25.33,27.95,55.68
16,2020,4,25.97,19.73,25.9,25.7,26.35,27.95
16,2020,5,25.87,16.73,25.97,25.9,19.73,26.35
16,2020,6,25.91,22.0,25.87,25.97,16.73,19.73
16,2020,7,26.05,15.62,25.91,25.87,22.0,16.73
16,2020,8,26.19,1.55,26.05,25.91,15.62,22.0
16,2020,9,25.96,18.2,26.19,26.05,1.55,15.62
16,2020,10,25.87,19.42,25.96,26.19,18.2,1.55
16,2020,11,26.16,10.75,25.87,25.96,19.42,18.2
16,2020,12,25.86,18.05,26.16,25.87,10.75,19.42
16,2021,1,26.3,16.57,25.86,26.16,18.05,10.75
16,2021,2,26.53,6.48,26.3,25.86,16.57,18.05
16,2021,3,26.37,14.98,26.53,26.3,6.48,16.57
16,2021,4,26.3,12.38,26.37,26.53,14.98,6.48
16,2021,5,26.41,8.18,26.3,26.37,12.38,14.98
16,2021,6,26.56,13.22,26.41,26.3,8.18,12.38
16,2021,7,26.61,0.8,26.56,26.41,13.22,8.18
16,2021,8,26.54,7.95,26.61,26.56,0.8,13.22
16,2021,9,26.61,3.65,26.54,26.61,7.95,0.8
16,2021,10,26.68,8.05,26.61,26.54,3.65,7.95
16,2021,11,26.68,11.32,26.68,26.61,8.05,3.65
16,2021,12,26.56,12.52,26.68,26.68,11.32,8.05
16,2022,1,25.85,28.78,26.56,26.68,12.52,11.32
16,2022,2,25.65,41.58,25.85,26.56,28.78,12.52
16,2022,3,25.59,49.95,25.65,25.85,41.58,28.78
16,2022,4,25.33,61.7,25.59,25.65,49.95,41.58
16,2022,5,25.21,62.28,25.33,25.59,61.7,49.95
16,2022,6,25.31,30.08,25.21,25.33,62.28,61.7
16,2022,7,25.32,55.1,25.31,25.21,30.08,62.28
16,2022,8,25.67,24.62,25.32,25.31,55.1,30.08
16,2022,9,25.8,12.35,25.67,25.32,24.62,55.1
16,2022,10,25.97,14.2,25.8,25.67,12.35,24.62
16,2022,11,25.74,19.95,25.97,25.8,14.2,12.35
16,2022,12,25.97,33.6,25.74,25.97,19.95,14.2
16,2023,1,26.03,7.24,25.97,25.74,33.6,19.95
16,2023,2,26.2,11.84,26.03,25.97,7.24,33.6
16,2023,3,26.14,13.11,26.2,26.03,11.84,7.24
16,2023,4,26.14,12.8,26.14,26.2,13.11,11.84
16,2023,5,26.06,25.29,26.14,26.14,12.8,13.11
16,2023,6,25.95,13.04,26.06,26.14,25.29,12.8
16,2023,7,25.89,36.22,25.95,26.06,13.04,25.29
16,2023,8,25.79,39.47,25.89,25.95,36.22,13.04
16,2023,9,25.88,40.24,25.79,25.89,39.47,36.22
16,2023,10,26.06,13.71,25.88,25.79,40.24,39.47
16,2023,11,25.95,15.93,26.06,25.88,13.71,40.24
16,2023,12,26.19,9.82,25.95,26.06,15.93,13.71
16,2024,1,25.94,30.02,26.19,25.95,9.82,15.93
16,2024,2,26.3,19.04,25.94,26.19,30.02,9.82
16,2024,3,26.31,31.33,26.3,25.94,19.04,30.02
16,2024,4,26.24,23.22,26.31,26.3,31.33,19.04
16,2024,5,26.3,22.53,26.24,26.31,23.22,31.33
16,2024,6,26.28,21.98,26.3,26.24,22.53,23.22
16,2024,7,26.42,13.73,26.28,26.3,21.98,22.53
16,2024,8,26.48,15.18,26.42,26.28,13.73,21.98
16,2024,9,26.55,17.64,26.48,26.42,15.18,13.73
16,2024,10,26.53,15.07,26.55,26.48,17.64,15.18
16,2024,11,26.22,40.93,26.53,26.55,15.07,17.64
16,2024,12,26.62,30.76,26.22,26.53,40.93,15.07
16,2025,1,25.92,24.22,26.62,26.22,30.76,40.93
16,2025,2,26.13,18.23,25.92,26.62,24.22,30.76
16,2025,3,26.19,10.58,26.13,25.92,18.23,24.22
16,2025,4,25.99,22.88,26.19,26.13,10.58,18.23
16,2025,5,25.93,49.52,25.99,26.19,22.88,10.58
16,2025,6,26.16,27.82,25.93,25.99,49.52,22.88
16,2025,7,26.22,11.7,26.16,25.93,27.82,49.52
16,2025,8,26.05,5.25,26.22,26.16,11.7,27.82
16,2025,9,26.28,11.75,26.05,26.22,5.25,11.7
16,2025,10,26.39,12.58,26.28,26.05,11.75,5.25
16,2025,11,26.42,9.25,26.39,26.28,12.58,11.75
16,2025,12,26.32,15.7,26.42,26.39,9.25,12.58
17,2016,1,27.93,15.14,27.64,27.77,11.57,12.37
17,2016,2,27.85,10.09,27.93,27.64,15.14,11.57
17,2016,3,27.51,44.97,27.85,27.93,10.09,15.14
17,2016,4,27.64,11.91,27.51,27.85,44.97,10.09
17,2016,5,27.97,4.89,27.64,27.51,11.91,44.97
17,2016,6,27.8,11.09,27.97,27.64,4.89,11.91
17,2016,7,27.9,7.03,27.8,27.97,11.09,4.89
17,2016,8,27.86,14.17,27.9,27.8,7.03,11.09
17,2016,9,27.92,10.91,27.86,27.9,14.17,7.03
17,2016,10,27.81,12.43,27.92,27.86,10.91,14.17
17,2016,11,27.64,42.8,27.81,27.92,12.43,10.91
17,2016,12,27.74,5.2,27.64,27.81,42.8,12.43
17,2017,1,27.66,19.85,27.74,27.64,5.2,42.8
17,2017,2,27.53,17.0,27.66,27.74,19.85,5.2
17,2017,3,27.88,12.0,27.53,27.66,17.0,19.85
17,2017,4,27.96,7.3,27.88,27.53,12.0,17.0
17,2017,5,27.65,15.55,27.96,27.88,7.3,12.0
17,2017,6,27.78,24.9,27.65,27.96,15.55,7.3
17,2017,7,27.75,11.4,27.78,27.65,24.9,15.55
17,2017,8,27.66,8.78,27.75,27.78,11.4,24.9
17,2017,9,27.59,13.2,27.66,27.75,8.78,11.4
17,2017,10,27.67,11.7,27.59,27.66,13.2,8.78
17,2017,11,27.46,43.42,27.67,27.59,11.7,13.2
17,2017,12,27.65,45.38,27.46,27.67,43.42,11.7
17,2018,1,27.36,21.51,27.65,27.46,45.38,43.42
17,2018,2,27.4,13.64,27.36,27.65,21.51,45.38
17,2018,3,27.45,7.8,27.4,27.36,13.64,21.51
17,2018,4,27.61,2.42,27.45,27.4,7.8,13.64
17,2018,5,27.57,1.22,27.61,27.45,2.42,7.8
17,2018,6,27.52,14.31,27.57,27.61,1.22,2.42
17,2018,7,27.51,23.24,27.52,27.57,14.31,1.22
17,2018,8,27.53,25.62,27.51,27.52,23.24,14.31
17,2018,9,27.37,11.0,27.53,27.51,25.62,23.24
17,2018,10,27.04,42.87,27.37,27.53,11.0,25.62
17,2018,11,27.3,26.96,27.04,27.37,42.87,11.0
17,2018,12,27.4,17.02,27.3,27.04,26.96,42.87
17,2019,1,27.45,24.72,27.4,27.3,17.02,26.96
17,2019,2,27.67,15.5,27.45,27.4,24.72,17.02
17,2019,3,27.52,26.33,27.67,27.45,15.5,24.72
17,2019,4,27.6,18.45,27.52,27.67,26.33,15.5
17,2019,5,27.56,15.72,27.6,27.52,18.45,26.33
17,2019,6,27.06,22.02,27.56,27.6,15.72,18.45
17,2019,7,27.2,13.62,27.06,27.56,22.02,15.72
17,2019,8,27.3,21.1,27.2,27.06,13.62,22.02
17,2019,9,27.68,17.1,27.3,27.2,21.1,13.62
17,2019,10,27.45,28.08,27.68,27.3,17.1,21.1
17,2019,11,27.55,23.18,27.45,27.68,28.08,17.1
17,2019,12,27.49,24.72,27.55,27.45,23.18,28.08
17,2020,1,27.78,41.2,27.49,27.55,24.72,23.18
17,2020,2,28.07,16.6,27.78,27.49,41.2,24.72
17,2020,3,28.35,12.97,28.07,27.78,16.6,41.2
17,2020,4,28.18,17.31,28.35,28.07,12.97,16.6
17,2020,5,28.13,30.91,28.18,28.35,17.31,12.97
17,2020,6,28.02,40.0,28.13,28.18,30.91,17.31
17,2020,7,28.13,34.83,28.02,28.13,40.0,30.91
17,2020,8,28.16,22.69,28.13,28.02,34.83,40.0
17,2020,9,27.98,32.6,28.16,28.13,22.69,34.83
17,2020,10,28.49,23.31,27.98,28.16,32.6,22.69
17,2020,11,28.45,24.23,28.49,27.98,23.31,32.6
17,2020,12,28.16,32.8,28.45,28.49,24.23,23.31
17,2021,1,29.5,9.8,28.16,28.45,32.8,24.23
17,2021,2,30.15,0.65,29.5,28.16,9.8,32.8
17,2021,3,29.74,0.75,30.15,29.5,0.65,9.8
17,2021,4,29.59,0.5,29.74,30.15,0.75,0.65
17,2021,5,29.81,5.05,29.59,29.74,0.5,0.75
17,2021,6,29.89,1.75,29.81,29.59,5.05,0.5
17,2021,7,29.98,0.3,29.89,29.81,1.75,5.05
17,2021,8,29.97,1.15,29.98,29.89,0.3,1.75
17,2021,9,30.22,6.5,29.97,29.98,1.15,0.3
17,2021,10,29.91,1.95,30.22,29.97,6.5,1.15
17,2021,11,29.96,4.9,29.91,30.22,1.95,6.5
17,2021,12,29.94,13.45,29.96,29.91,4.9,1.95
17,2022,1,27.73,0.88,29.94,29.96,13.45,4.9
17,2022,2,27.48,9.32,27.73,29.94,0.88,13.45
17,2022,3,27.45,23.9,27.48,27.73,9.32,0.88
17,2022,4,27.25,12.58,27.45,27.48,23.9,9.32
17,2022,5,27.78,6.69,27.25,27.45,12.58,23.9
17,2022,6,28.12,6.03,27.78,27.25,6.69,12.58
17,2022,7,27.86,12.6,28.12,27.78,6.03,6.69
17,2022,8,27.98,8.45,27.86,28.12,12.6,6.03
17,2022,9,27.73,5.15,27.98,27.86,8.45,12.6
17,2022,10,27.91,5.8,27.73,27.98,5.15,8.45
17,2022,11,28.12,4.25,27.91,27.73,5.8,5.15
17,2022,12,28.14,0.42,28.12,27.91,4.25,5.8
17,2023,1,28.15,0.89,28.14,28.12,0.42,4.25
17,2023,2,28.11,14.4,28.15,28.14,0.89,0.42
17,2023,3,28.2,12.66,28.11,28.15,14.4,0.89
17,2023,4,28.42,1.43,28.2,28.11,12.66,14.4
17,2023,5,28.25,9.57,28.42,28.2,1.43,12.66
17,2023,6,28.12,7.91,28.25,28.42,9.57,1.43
17,2023,7,28.07,14.2,28.12,28.25,7.91,9.57
17,2023,8,27.95,8.83,28.07,28.12,14.2,7.91
17,2023,9,27.91,26.09,27.95,28.07,8.83,14.2
17,2023,10,28.08,4.46,27.91,27.95,26.09,8.83
17,2023,11,28.07,2.77,28.08,27.91,4.46,26.09
17,2023,12,28.2,1.23,28.07,28.08,2.77,4.46
17,2024,1,27.33,25.34,28.2,28.07,1.23,2.77
17,2024,2,27.64,3.26,27.33,28.2,25.34,1.23
17,2024,3,27.62,7.06,27.64,27.33,3.26,25.34
17,2024,4,27.6,7.26,27.62,27.64,7.06,3.26
17,2024,5,27.63,2.57,27.6,27.62,7.26,7.06
17,2024,6,27.6,4.11,27.63,27.6,2.57,7.26
17,2024,7,27.77,9.09,27.6,27.63,4.11,2.57
17,2024,8,27.81,3.77,27.77,27.6,9.09,4.11
17,2024,9,28.04,16.6,27.81,27.77,3.77,9.09
17,2024,10,27.79,7.17,28.04,27.81,16.6,3.77
17,2024,11,27.64,2.86,27.79,28.04,7.17,16.6
17,2024,12,27.93,22.03,27.64,27.79,2.86,7.17
17,2025,1,28.04,14.65,27.93,27.64,22.03,2.86
17,2025,2,28.06,26.7,28.04,27.93,14.65,22.03
17,2025,3,28.22,15.8,28.06,28.04,26.7,14.65
17,2025,4,28.24,20.6,28.22,28.06,15.8,26.7
17,2025,5,28.07,21.65,28.24,28.22,20.6,15.8
17,2025,6,28.14,23.15,28.07,28.24,21.65,20.6
17,2025,7,28.41,6.7,28.14,28.07,23.15,21.65
17,2025,8,28.3,11.8,28.41,28.14,6.7,23.15
17,2025,9,28.17,21.9,28.3,28.41,11.8,6.7
17,2025,10,28.1,13.9,28.17,28.3,21.9,11.8
17,2025,11,28.13,20.6,28.1,28.17,13.9,21.9
17,2025,12,28.37,7.15,28.13,28.1,20.6,13.9
18,2016,1,27.66,15.74,27.49,27.59,5.84,8.49
18,2016,2,27.72,16.91,27.66,27.49,15.74,5.84
18,2016,3,27.69,15.74,27.72,27.66,16.91,15.74
18,2016,4,27.86,4.23,27.69,27.72,15.74,16.91
18,2016,5,27.89,5.89,27.86,27.69,4.23,15.74
18,2016,6,27.8,5.71,27.89,27.86,5.89,4.23
18,2016,7,27.94,17.14,27.8,27.89,5.71,5.89
18,2016,8,27.72,24.97,27.94,27.8,17.14,5.71
18,2016,9,27.61,20.81,27.72,27.94,24.97,17.14
18,2016,10,27.79,5.37,27.61,27.72,20.81,24.97
18,2016,11,27.68,19.99,27.79,27.61,5.37,20.81
18,2016,12,27.7,7.11,27.68,27.79,19.99,5.37
18,2017,1,27.03,31.79,27.7,27.68,7.11,19.99
18,2017,2,27.2,19.76,27.03,27.7,31.79,7.11
18,2017,3,27.25,22.61,27.2,27.03,19.76,31.79
18,2017,4,27.38,15.27,27.25,27.2,22.61,19.76
18,2017,5,27.4,21.19,27.38,27.25,15.27,22.61
18,2017,6,27.45,4.53,27.4,27.38,21.19,15.27
18,2017,7,27.55,4.1,27.45,27.4,4.53,21.19
18,2017,8,27.25,27.27,27.55,27.45,4.1,4.53
18,2017,9,27.22,30.24,27.25,27.55,27.27,4.1
18,2017,10,27.22,25.93,27.22,27.25,30.24,27.27
18,2017,11,26.68,78.14,27.22,27.22,25.93,30.24
18,2017,12,27.06,14.94,26.68,27.22,78.14,25.93
18,2018,1,27.13,21.26,27.06,26.68,14.94,78.14
18,2018,2,27.09,24.34,27.13,27.06,21.26,14.94
18,2018,3,26.96,20.15,27.09,27.13,24.34,21.26
18,2018,4,26.79,43.36,26.96,27.09,20.15,24.34
18,2018,5,26.61,22.26,26.79,26.96,43.36,20.15
18,2018,6,26.29,31.52,26.61,26.79,22.26,43.36
18,2018,7,26.45,24.34,26.29,26.61,31.52,22.26
18,2018,8,26.65,25.78,26.45,26.29,24.34,31.52
18,2018,9,26.86,13.02,26.65,26.45,25.78,24.34
18,2018,10,26.63,39.39,26.86,26.65,13.02,25.78
18,2018,11,26.71,27.59,26.63,26.86,39.39,13.02
18,2018,12,26.62,29.26,26.71,26.63,27.59,39.39
18,2019,1,26.63,20.61,26.62,26.71,29.26,27.59
18,2019,2,26.81,10.1,26.63,26.62,20.61,29.26
18,2019,3,26.77,14.15,26.81,26.63,10.1,20.61
18,2019,4,26.74,20.96,26.77,26.81,14.15,10.1
18,2019,5,26.82,19.24,26.74,26.77,20.96,14.15
18,2019,6,26.37,20.29,26.82,26.74,19.24,20.96
18,2019,7,26.53,11.88,26.37,26.82,20.29,19.24
18,2019,8,26.7,11.09,26.53,26.37,11.88,20.29
18,2019,9,26.69,21.01,26.7,26.53,11.09,11.88
18,2019,10,26.84,8.24,26.69,26.7,21.01,11.09
18,2019,11,27.05,25.59,26.84,26.69,8.24,21.01
18,2019,12,27.09,16.92,27.05,26.84,25.59,8.24
18,2020,1,26.16,24.29,27.09,27.05,16.92,25.59
18,2020,2,26.47,24.66,26.16,27.09,24.29,16.92
18,2020,3,26.52,16.27,26.47,26.16,24.66,24.29
18,2020,4,26.3,31.4,26.52,26.47,16.27,24.66
18,2020,5,26.15,26.21,26.3,26.52,31.4,16.27
18,2020,6,26.31,14.27,26.15,26.3,26.21,31.4
18,2020,7,26.19,20.93,26.31,26.15,14.27,26.21
18,2020,8,26.35,16.14,26.19,26.31,20.93,14.27
18,2020,9,26.25,27.66,26.35,26.19,16.14,20.93
18,2020,10,26.23,17.3,26.25,26.35,27.66,16.14
18,2020,11,26.4,13.4,26.23,26.25,17.3,27.66
18,2020,12,26.46,17.13,26.4,26.23,13.4,17.3
18,2021,1,27.23,18.88,26.46,26.4,17.13,13.4
18,2021,2,27.13,12.78,27.23,26.46,18.88,17.13
18,2021,3,27.17,16.92,27.13,27.23,12.78,18.88
18,2021,4,27.01,13.48,27.17,27.13,16.92,12.78
18,2021,5,27.03,20.68,27.01,27.17,13.48,16.92
18,2021,6,27.25,7.42,27.03,27.01,20.68,13.48
18,2021,7,27.33,16.52,27.25,27.03,7.42,20.68
18,2021,8,27.26,10.48,27.33,27.25,16.52,7.42
18,2021,9,26.98,6.58,27.26,27.33,10.48,16.52
18,2021,10,27.31,10.94,26.98,27.26,6.58,10.48
18,2021,11,27.14,9.54,27.31,26.98,10.94,6.58
18,2021,12,27.07,12.08,27.14,27.31,9.54,10.94
18,2022,1,27.04,13.83,27.07,27.14,12.08,9.54
18,2022,2,26.96,30.33,27.04,27.07,13.83,12.08
18,2022,3,26.94,11.97,26.96,27.04,30.33,13.83
18,2022,4,26.85,19.38,26.94,26.96,11.97,30.33
18,2022,5,27.14,16.88,26.85,26.94,19.38,11.97
18,2022,6,26.9,26.38,27.14,26.85,16.88,19.38
18,2022,7,26.83,32.3,26.9,27.14,26.38,16.88
18,2022,8,27.16,6.57,26.83,26.9,32.3,26.38
18,2022,9,27.09,6.08,27.16,26.83,6.57,32.3
18,2022,10,27.15,6.03,27.09,27.16,6.08,6.57
18,2022,11,27.09,20.57,27.15,27.09,6.03,6.08
18,2022,12,27.02,6.7,27.09,27.15,20.57,6.03
18,2023,1,26.83,27.51,27.02,27.09,6.7,20.57
18,2023,2,26.9,25.71,26.83,27.02,27.51,6.7
18,2023,3,26.71,40.77,26.9,26.83,25.71,27.51
18,2023,4,26.99,8.86,26.71,26.9,40.77,25.71
18,2023,5,26.94,10.96,26.99,26.71,8.86,40.77
18,2023,6,26.92,9.87,26.94,26.99,10.96,8.86
18,2023,7,27.05,9.77,26.92,26.94,9.87,10.96
18,2023,8,27.16,17.9,27.05,26.92,9.77,9.87
18,2023,9,27.14,12.44,27.16,27.05,17.9,9.77
18,2023,10,26.92,18.4,27.14,27.16,12.44,17.9
18,2023,11,27.01,8.19,26.92,27.14,18.4,12.44
18,2023,12,27.02,5.87,27.01,26.92,8.19,18.4
18,2024,1,26.57,22.65,27.02,27.01,5.87,8.19
18,2024,2,27.6,9.45,26.57,27.02,22.65,5.87
18,2024,3,27.43,38.96,27.6,26.57,9.45,22.65
18,2024,4,27.33,18.35,27.43,27.6,38.96,9.45
18,2024,5,27.04,13.53,27.33,27.43,18.35,38.96
18,2024,6,27.08,11.9,27.04,27.33,13.53,18.35
18,2024,7,27.47,11.95,27.08,27.04,11.9,13.53
18,2024,8,27.19,17.95,27.47,27.08,11.95,11.9
18,2024,9,27.28,13.08,27.19,27.47,17.95,11.95
18,2024,10,27.05,45.55,27.28,27.19,13.08,17.95
18,2024,11,27.07,12.45,27.05,27.28,45.55,13.08
18,2024,12,27.05,29.27,27.07,27.05,12.45,45.55
18,2025,1,29.72,3.63,27.05,27.07,29.27,12.45
18,2025,2,29.91,2.7,29.72,27.05,3.63,29.27
18,2025,3,30.16,4.6,29.91,29.72,2.7,3.63
18,2025,4,29.64,20.6,30.16,29.91,4.6,2.7
18,2025,5,29.52,1.9,29.64,30.16,20.6,4.6
18,2025,6,29.09,4.97,29.52,29.64,1.9,20.6
18,2025,7,28.95,4.07,29.09,29.52,4.97,1.9
18,2025,8,29.7,2.4,28.95,29.09,4.07,4.97
18,2025,9,29.59,7.67,29.7,28.95,2.4,4.07
18,2025,10,29.64,5.97,29.59,29.7,7.67,2.4
18,2025,11,29.79,3.97,29.64,29.59,5.97,7.67
18,2025,12,29.61,14.3,29.79,29.64,3.97,5.97
19,2016,1,28.52,14.61,28.42,28.58,6.49,8.16
19,2016,2,28.51,13.19,28.52,28.42,14.61,6.49
19,2016,3,28.54,14.21,28.51,28.52,13.19,14.61
19,2016,4,28.68,11.95,28.54,28.51,14.21,13.19
19,2016,5,28.77,3.46,28.68,28.54,11.95,14.21
19,2016,6,28.39,30.72,28.77,28.68,3.46,11.95
19,2016,7,28.47,18.09,28.39,28.77,30.72,3.46
19,2016,8,28.32,39.32,28.47,28.39,18.09,30.72
19,2016,9,28.42,18.99,28.32,28.47,39.32,18.09
19,2016,10,28.51,20.45,28.42,28.32,18.99,39.32
19,2016,11,28.63,17.12,28.51,28.42,20.45,18.99
19,2016,12,28.63,17.63,28.63,28.51,17.12,20.45
19,2017,1,27.59,26.02,28.63,28.63,17.63,17.12
19,2017,2,27.85,33.45,27.59,28.63,26.02,17.63
19,2017,3,28.12,16.77,27.85,27.59,33.45,26.02
19,2017,4,28.26,11.46,28.12,27.85,16.77,33.45
19,2017,5,28.4,8.11,28.26,28.12,11.46,16.77
19,2017,6,28.44,6.28,28.4,28.26,8.11,11.46
19,2017,7,28.21,17.08,28.44,28.4,6.28,8.11
19,2017,8,27.5,30.0,28.21,28.44,17.08,6.28
19,2017,9,27.44,25.55,27.5,28.21,30.0,17.08
19,2017,10,27.53,66.21,27.44,27.5,25.55,30.0
19,2017,11,27.52,40.48,27.53,27.44,66.21,25.55
19,2017,12,27.79,19.14,27.52,27.53,40.48,66.21
19,2018,1,27.64,15.22,27.79,27.52,19.14,40.48
19,2018,2,27.54,18.51,27.64,27.79,15.22,19.14
19,2018,3,27.26,32.2,27.54,27.64,18.51,15.22
19,2018,4,27.04,49.78,27.26,27.54,32.2,18.51
19,2018,5,26.87,36.68,27.04,27.26,49.78,32.2
19,2018,6,26.55,51.11,26.87,27.04,36.68,49.78
19,2018,7,26.85,30.67,26.55,26.87,51.11,36.68
19,2018,8,27.27,33.75,26.85,26.55,30.67,51.11
19,2018,9,27.42,32.84,27.27,26.85,33.75,30.67
19,2018,10,27.37,31.13,27.42,27.27,32.84,33.75
19,2018,11,27.38,33.91,27.37,27.42,31.13,32.84
19,2018,12,27.23,46.58,27.38,27.37,33.91,31.13
19,2019,1,27.77,19.64,27.23,27.38,46.58,33.91
19,2019,2,27.75,18.58,27.77,27.23,19.64,46.58
19,2019,3,27.84,35.56,27.75,27.77,18.58,19.64
19,2019,4,27.71,26.87,27.84,27.75,35.56,18.58
19,2019,5,27.43,47.8,27.71,27.84,26.87,35.56
19,2019,6,27.43,28.39,27.43,27.71,47.8,26.87
19,2019,7,27.45,19.31,27.43,27.43,28.39,47.8
19,2019,8,27.63,10.68,27.45,27.43,19.31,28.39
19,2019,9,27.53,20.68,27.63,27.45,10.68,19.31
19,2019,10,27.53,16.83,27.53,27.63,20.68,10.68
19,2019,11,27.95,11.74,27.53,27.53,16.83,20.68
19,2019,12,27.99,26.33,27.95,27.53,11.74,16.83
19,2020,1,26.89,13.93,27.99,27.95,26.33,11.74
19,2020,2,27.02,25.28,26.89,27.99,13.93,26.33
19,2020,3,26.92,24.63,27.02,26.89,25.28,13.93
19,2020,4,26.83,37.77,26.92,27.02,24.63,25.28
19,2020,5,26.67,46.16,26.83,26.92,37.77,24.63
19,2020,6,26.7,22.7,26.67,26.83,46.16,37.77
19,2020,7,26.84,47.3,26.7,26.67,22.7,46.16
19,2020,8,27.08,26.43,26.84,26.7,47.3,22.7
19,2020,9,27.03,37.28,27.08,26.84,26.43,47.3
19,2020,10,27.0,30.4,27.03,27.08,37.28,26.43
19,2020,11,26.93,34.93,27.0,27.03,30.4,37.28
19,2020,12,27.15,7.24,26.93,27.0,34.93,30.4
19,2021,1,27.96,11.61,27.15,26.93,7.24,34.93
19,2021,2,27.55,17.9,27.96,27.15,11.61,7.24
19,2021,3,27.78,25.49,27.55,27.96,17.9,11.61
19,2021,4,27.55,37.16,27.78,27.55,25.49,17.9
19,2021,5,27.77,16.41,27.55,27.78,37.16,25.49
19,2021,6,28.25,4.51,27.77,27.55,16.41,37.16
19,2021,7,28.19,10.07,28.25,27.77,4.51,16.41
19,2021,8,27.78,26.49,28.19,28.25,10.07,4.51
19,2021,9,27.55,28.11,27.78,28.19,26.49,10.07
19,2021,10,27.59,22.01,27.55,27.78,28.11,26.49
19,2021,11,27.67,12.03,27.59,27.55,22.01,28.11
19,2021,12,28.03,12.3,27.67,27.59,12.03,22.01
19,2022,1,27.52,25.5,28.03,27.67,12.3,12.03
19,2022,2,27.34,13.46,27.52,28.03,25.5,12.3
19,2022,3,27.6,20.87,27.34,27.52,13.46,25.5
19,2022,4,27.05,28.86,27.6,27.34,20.87,13.46
19,2022,5,27.5,25.6,27.05,27.6,28.86,20.87
19,2022,6,27.49,22.04,27.5,27.05,25.6,28.86
19,2022,7,27.46,12.05,27.49,27.5,22.04,25.6
19,2022,8,27.68,10.24,27.46,27.49,12.05,22.04
19,2022,9,27.75,10.74,27.68,27.46,10.24,12.05
19,2022,10,27.65,12.32,27.75,27.68,10.74,10.24
19,2022,11,27.83,7.76,27.65,27.75,12.32,10.74
19,2022,12,27.94,14.63,27.83,27.65,7.76,12.32
19,2023,1,27.73,23.35,27.94,27.83,14.63,7.76
19,2023,2,27.67,19.88,27.73,27.94,23.35,14.63
19,2023,3,27.33,33.22,27.67,27.73,19.88,23.35
19,2023,4,27.51,20.06,27.33,27.67,33.22,19.88
19,2023,5,27.76,22.5,27.51,27.33,20.06,33.22
19,2023,6,27.51,33.03,27.76,27.51,22.5,20.06
19,2023,7,27.68,11.54,27.51,27.76,33.03,22.5
19,2023,8,28.02,10.78,27.68,27.51,11.54,33.03
19,2023,9,28.1,17.46,28.02,27.68,10.78,11.54
19,2023,10,28.03,12.83,28.1,28.02,17.46,10.78
19,2023,11,27.87,13.34,28.03,28.1,12.83,17.46
19,2023,12,27.97,17.29,27.87,28.03,13.34,12.83
19,2024,1,27.66,25.01,27.97,27.87,17.29,13.34
19,2024,2,27.55,36.76,27.66,27.97,25.01,17.29
19,2024,3,27.39,48.9,27.55,27.66,36.76,25.01
19,2024,4,27.55,40.84,27.39,27.55,48.9,36.76
19,2024,5,27.76,14.51,27.55,27.39,40.84,48.9
19,2024,6,27.85,23.23,27.76,27.55,14.51,40.84
19,2024,7,27.76,19.21,27.85,27.76,23.23,14.51
19,2024,8,27.95,23.73,27.76,27.85,19.21,23.23
19,2024,9,27.99,17.98,27.95,27.76,23.73,19.21
19,2024,10,27.86,42.92,27.99,27.95,17.98,23.73
19,2024,11,27.41,44.84,27.86,27.99,42.92,17.98
19,2024,12,27.67,19.01,27.41,27.86,44.84,42.92
19,2025,1,28.43,6.27,27.67,27.41,19.01,44.84
19,2025,2,28.38,6.15,28.43,27.67,6.27,19.01
19,2025,3,28.36,13.8,28.38,28.43,6.15,6.27
19,2025,4,28.34,19.58,28.36,28.38,13.8,6.15
19,2025,5,27.99,11.09,28.34,28.36,19.58,13.8
19,2025,6,27.74,25.0,27.99,28.34,11.09,19.58
19,2025,7,27.75,7.95,27.74,27.99,25.0,11.09
19,2025,8,28.2,9.98,27.75,27.74,7.95,25.0
19,2025,9,27.85,19.89,28.2,27.75,9.98,7.95
19,2025,10,28.09,17.62,27.85,28.2,19.89,9.98
19,2025,11,28.14,20.78,28.09,27.85,17.62,19.89
19,2025,12,27.68,38.89,28.14,28.09,20.78,17.62
20,2016,1,27.66,34.16,27.62,27.67,18.27,16.48
20,2016,2,27.78,26.65,27.66,27.62,34.16,18.27
20,2016,3,27.89,24.68,27.78,27.66,26.65,34.16
20,2016,4,28.07,23.02,27.89,27.78,24.68,26.65
20,2016,5,28.16,12.76,28.07,27.89,23.02,24.68
20,2016,6,27.92,25.18,28.16,28.07,12.76,23.02
20,2016,7,27.82,25.51,27.92,28.16,25.18,12.76
20,2016,8,27.58,38.85,27.82,27.92,25.51,25.18
20,2016,9,27.56,24.01,27.58,27.82,38.85,25.51
20,2016,10,27.7,34.4,27.56,27.58,24.01,38.85
20,2016,11,27.82,45.96,27.7,27.56,34.4,24.01
20,2016,12,27.78,21.75,27.82,27.7,45.96,34.4
20,2017,1,26.99,73.28,27.78,27.82,21.75,45.96
20,2017,2,27.22,42.15,26.99,27.78,73.28,21.75
20,2017,3,27.26,35.85,27.22,26.99,42.15,73.28
20,2017,4,27.48,37.44,27.26,27.22,35.85,42.15
20,2017,5,27.58,18.65,27.48,27.26,37.44,35.85
20,2017,6,27.59,10.54,27.58,27.48,18.65,37.44
20,2017,7,27.47,27.81,27.59,27.58,10.54,18.65
20,2017,8,27.12,41.06,27.47,27.59,27.81,10.54
20,2017,9,27.03,44.6,27.12,27.47,41.06,27.81
20,2017,10,27.0,54.47,27.03,27.12,44.6,41.06
20,2017,11,26.89,69.0,27.0,27.03,54.47,44.6
20,2017,12,27.19,29.4,26.89,27.0,69.0,54.47
20,2018,1,27.05,30.04,27.19,26.89,29.4,69.0
20,2018,2,26.96,28.58,27.05,27.19,30.04,29.4
20,2018,3,27.03,42.33,26.96,27.05,28.58,30.04
20,2018,4,26.84,76.66,27.03,26.96,42.33,28.58
20,2018,5,26.63,41.71,26.84,27.03,76.66,42.33
20,2018,6,26.5,37.64,26.63,26.84,41.71,76.66
20,2018,7,26.53,70.31,26.5,26.63,37.64,41.71
20,2018,8,26.96,20.82,26.53,26.5,70.31,37.64
20,2018,9,26.92,34.74,26.96,26.53,20.82,70.31
20,2018,10,26.64,55.61,26.92,26.96,34.74,20.82
20,2018,11,26.92,23.53,26.64,26.92,55.61,34.74
20,2018,12,26.77,33.64,26.92,26.64,23.53,55.61
20,2019,1,27.03,56.11,26.77,26.92,33.64,23.53
20,2019,2,27.1,29.39,27.03,26.77,56.11,33.64
20,2019,3,27.29,29.65,27.1,27.03,29.39,56.11
20,2019,4,27.26,62.28,27.29,27.1,29.65,29.39
20,2019,5,27.06,50.61,27.26,27.29,62.28,29.65
20,2019,6,27.01,33.76,27.06,27.26,50.61,62.28
20,2019,7,26.97,48.7,27.01,27.06,33.76,50.61
20,2019,8,26.83,33.33,26.97,27.01,48.7,33.76
20,2019,9,26.96,31.62,26.83,26.97,33.33,48.7
20,2019,10,27.1,22.36,26.96,26.83,31.62,33.33
20,2019,11,27.29,25.13,27.1,26.96,22.36,31.62
20,2019,12,27.23,40.28,27.29,27.1,25.13,22.36
20,2020,1,26.97,18.24,27.23,27.29,40.28,25.13
20,2020,2,26.99,31.65,26.97,27.23,18.24,40.28
20,2020,3,26.98,30.96,26.99,26.97,31.65,18.24
20,2020,4,26.72,59.34,26.98,26.99,30.96,31.65
20,2020,5,26.71,38.84,26.72,26.98,59.34,30.96
20,2020,6,26.71,33.88,26.71,26.72,38.84,59.34
20,2020,7,26.95,37.05,26.71,26.71,33.88,38.84
20,2020,8,26.92,39.94,26.95,26.71,37.05,33.88
20,2020,9,26.83,53.12,26.92,26.95,39.94,37.05
20,2020,10,26.82,33.84,26.83,26.92,53.12,39.94
20,2020,11,26.96,28.34,26.82,26.83,33.84,53.12
20,2020,12,27.11,18.47,26.96,26.82,28.34,33.84
20,2021,1,27.01,58.6,27.11,26.96,18.47,28.34
20,2021,2,27.0,30.0,27.01,27.11,58.6,18.47
20,2021,3,27.05,27.44,27.0,27.01,30.0,58.6
20,2021,4,26.73,31.24,27.05,27.0,27.44,30.0
20,2021,5,26.56,13.92,26.73,27.05,31.24,27.44
20,2021,6,27.2,37.56,26.56,26.73,13.92,31.24
20,2021,7,27.34,28.32,27.2,26.56,37.56,13.92
20,2021,8,27.35,8.88,27.34,27.2,28.32,37.56
20,2021,9,26.8,36.16,27.35,27.34,8.88,28.32
20,2021,10,26.75,38.56,26.8,27.35,36.16,8.88
20,2021,11,27.0,34.56,26.75,26.8,38.56,36.16
20,2021,12,27.15,14.92,27.0,26.75,34.56,38.56
20,2022,1,27.1,29.13,27.15,27.0,14.92,34.56
20,2022,2,27.16,14.84,27.1,27.15,29.13,14.92
20,2022,3,27.27,26.32,27.16,27.1,14.84,29.13
20,2022,4,26.82,61.87,27.27,27.16,26.32,14.84
20,2022,5,27.08,24.21,26.82,27.27,61.87,26.32
20,2022,6,27.35,27.63,27.08,26.82,24.21,61.87
20,2022,7,27.26,18.6,27.35,27.08,27.63,24.21
20,2022,8,27.16,27.05,27.26,27.35,18.6,27.63
20,2022,9,27.14,31.29,27.16,27.26,27.05,18.6
20,2022,10,27.06,28.47,27.14,27.16,31.29,27.05
20,2022,11,27.33,15.41,27.06,27.14,28.47,31.29
20,2022,12,27.57,15.44,27.33,27.06,15.41,28.47
20,2023,1,27.48,39.75,27.57,27.33,15.44,15.41
20,2023,2,27.48,25.28,27.48,27.57,39.75,15.44
20,2023,3,27.32,42.51,27.48,27.48,25.28,39.75
20,2023,4,27.55,26.96,27.32,27.48,42.51,25.28
20,2023,5,27.57,27.29,27.55,27.32,26.96,42.51
20,2023,6,27.3,25.75,27.57,27.55,27.29,26.96
20,2023,7,27.44,24.04,27.3,27.57,25.75,27.29
20,2023,8,27.55,30.37,27.44,27.3,24.04,25.75
20,2023,9,27.71,14.93,27.55,27.44,30.37,24.04
20,2023,10,27.65,20.91,27.71,27.55,14.93,30.37
20,2023,11,27.47,24.35,27.65,27.71,20.91,14.93
20,2023,12,27.75,14.65,27.47,27.65,24.35,20.91
20,2024,1,27.51,34.46,27.75,27.47,14.65,24.35
20,2024,2,27.51,36.55,27.51,27.75,34.46,14.65
20,2024,3,27.48,66.12,27.51,27.51,36.55,34.46
20,2024,4,27.62,57.8,27.48,27.51,66.12,36.55
20,2024,5,27.7,19.31,27.62,27.48,57.8,66.12
20,2024,6,27.42,36.63,27.7,27.62,19.31,57.8
20,2024,7,27.54,56.21,27.42,27.7,36.63,19.31
20,2024,8,27.47,32.7,27.54,27.42,56.21,36.63
20,2024,9,27.91,26.06,27.47,27.54,32.7,56.21
20,2024,10,27.79,45.91,27.91,27.47,26.06,32.7
20,2024,11,27.26,59.53,27.79,27.91,45.91,26.06
20,2024,12,27.55,26.93,27.26,27.79,59.53,45.91
20,2025,1,27.0,33.83,27.55,27.26,26.93,59.53
20,2025,2,27.17,37.17,27.0,27.55,33.83,26.93
20,2025,3,27.12,27.87,27.17,27.0,37.17,33.83
20,2025,4,27.12,25.95,27.12,27.17,27.87,37.17
20,2025,5,27.16,24.03,27.12,27.12,25.95,27.87
20,2025,6,27.12,60.2,27.16,27.12,24.03,25.95
20,2025,7,27.15,61.15,27.12,27.16,60.2,24.03
20,2025,8,27.43,35.33,27.15,27.12,61.15,60.2
20,2025,9,27.44,35.3,27.43,27.15,35.33,61.15
20,2025,10,27.15,43.82,27.44,27.43,35.3,35.33
20,2025,11,27.08,49.32,27.15,27.44,43.82,35.3
20,2025,12,27.09,51.73,27.08,27.15,49.32,43.82
21,2016,1,26.8,26.4,26.92,27.07,48.39,40.09
21,2016,2,26.91,9.69,26.8,26.92,26.4,48.39
21,2016,3,27.14,20.79,26.91,26.8,9.69,26.4
21,2016,4,26.98,17.09,27.14,26.91,20.79,9.69
21,2016,5,26.86,30.24,26.98,27.14,17.09,20.79
21,2016,6,27.11,22.58,26.86,26.98,30.24,17.09
21,2016,7,26.98,28.28,27.11,26.86,22.58,30.24
21,2016,8,26.85,47.72,26.98,27.11,28.28,22.58
21,2016,9,26.65,49.21,26.85,26.98,47.72,28.28
21,2016,10,26.54,38.06,26.65,26.85,49.21,47.72
21,2016,11,26.74,32.64,26.54,26.65,38.06,49.21
21,2016,12,26.58,63.03,26.74,26.54,32.64,38.06
21,2017,1,25.71,65.6,26.58,26.74,63.03,32.64
21,2017,2,25.92,56.15,25.71,26.58,65.6,63.03
21,2017,3,25.95,37.21,25.92,25.71,56.15,65.6
21,2017,4,26.21,40.39,25.95,25.92,37.21,56.15
21,2017,5,26.52,20.07,26.21,25.95,40.39,37.21
21,2017,6,26.72,23.83,26.52,26.21,20.07,40.39
21,2017,7,26.48,59.14,26.72,26.52,23.83,20.07
21,2017,8,26.26,40.31,26.48,26.72,59.14,23.83
21,2017,9,26.18,43.57,26.26,26.48,40.31,59.14
21,2017,10,26.16,51.48,26.18,26.26,43.57,40.31
21,2017,11,25.93,80.39,26.16,26.18,51.48,43.57
21,2017,12,26.33,38.7,25.93,26.16,80.39,51.48
21,2018,1,25.87,51.74,26.33,25.93,38.7,80.39
21,2018,2,25.82,48.84,25.87,26.33,51.74,38.7
21,2018,3,25.86,64.49,25.82,25.87,48.84,51.74
21,2018,4,25.95,60.78,25.86,25.82,64.49,48.84
21,2018,5,25.55,106.69,25.95,25.86,60.78,64.49
21,2018,6,25.48,61.75,25.55,25.95,106.69,60.78
21,2018,7,25.75,23.34,25.48,25.55,61.75,106.69
21,2018,8,26.04,44.03,25.75,25.48,23.34,61.75
21,2018,9,25.6,100.81,26.04,25.75,44.03,23.34
21,2018,10,25.77,30.73,25.6,26.04,100.81,44.03
21,2018,11,26.06,50.95,25.77,25.6,30.73,100.81
21,2018,12,26.05,36.03,26.06,25.77,50.95,30.73
21,2019,1,26.22,43.3,26.05,26.06,36.03,50.95
21,2019,2,26.43,26.29,26.22,26.05,43.3,36.03
21,2019,3,26.41,47.02,26.43,26.22,26.29,43.3
21,2019,4,26.38,52.55,26.41,26.43,47.02,26.29
21,2019,5,26.07,57.27,26.38,26.41,52.55,47.02
21,2019,6,25.82,28.11,26.07,26.38,57.27,52.55
21,2019,7,26.03,30.49,25.82,26.07,28.11,57.27
21,2019,8,26.1,28.75,26.03,25.82,30.49,28.11
21,2019,9,25.91,43.08,26.1,26.03,28.75,30.49
21,2019,10,25.69,57.57,25.91,26.1,43.08,28.75
21,2019,11,26.44,18.46,25.69,25.91,57.57,43.08
21,2019,12,26.93,19.36,26.44,25.69,18.46,57.57
21,2020,1,26.22,19.19,26.93,26.44,19.36,18.46
21,2020,2,26.12,40.49,26.22,26.93,19.19,19.36
21,2020,3,26.11,33.32,26.12,26.22,40.49,19.19
21,2020,4,26.22,37.6,26.11,26.12,33.32,40.49
21,2020,5,26.34,38.83,26.22,26.11,37.6,33.32
21,2020,6,25.87,75.76,26.34,26.22,38.83,37.6
21,2020,7,26.06,28.71,25.87,26.34,75.76,38.83
21,2020,8,26.26,46.68,26.06,25.87,28.71,75.76
21,2020,9,26.14,44.87,26.26,26.06,46.68,28.71
21,2020,10,26.26,41.63,26.14,26.26,44.87,46.68
21,2020,11,26.36,38.28,26.26,26.14,41.63,44.87
21,2020,12,26.08,46.21,26.36,26.26,38.28,41.63
21,2021,1,26.51,33.03,26.08,26.36,46.21,38.28
21,2021,2,26.19,29.61,26.51,26.08,33.03,46.21
21,2021,3,26.43,15.13,26.19,26.51,29.61,33.03
21,2021,4,26.66,23.77,26.43,26.19,15.13,29.61
21,2021,5,27.33,19.31,26.66,26.43,23.77,15.13
21,2021,6,27.09,35.72,27.33,26.66,19.31,23.77
21,2021,7,26.96,25.36,27.09,27.33,35.72,19.31
21,2021,8,27.05,22.31,26.96,27.09,25.36,35.72
21,2021,9,26.8,38.52,27.05,26.96,22.31,25.36
21,2021,10,26.76,22.85,26.8,27.05,38.52,22.31
21,2021,11,26.7,22.03,26.76,26.8,22.85,38.52
21,2021,12,26.81,21.68,26.7,26.76,22.03,22.85
21,2022,1,26.41,45.41,26.81,26.7,21.68,22.03
21,2022,2,26.32,49.78,26.41,26.81,45.41,21.68
21,2022,3,26.69,18.68,26.32,26.41,49.78,45.41
21,2022,4,26.64,36.96,26.69,26.32,18.68,49.78
21,2022,5,26.92,36.12,26.64,26.69,36.96,18.68
21,2022,6,26.84,31.66,26.92,26.64,36.12,36.96
21,2022,7,26.93,21.43,26.84,26.92,31.66,36.12
21,2022,8,27.02,31.27,26.93,26.84,21.43,31.66
21,2022,9,26.9,22.97,27.02,26.93,31.27,21.43
21,2022,10,26.66,21.41,26.9,27.02,22.97,31.27
21,2022,11,27.11,11.34,26.66,26.9,21.41,22.97
21,2022,12,26.6,53.91,27.11,26.66,11.34,21.41
21,2023,1,26.76,24.92,26.6,27.11,53.91,11.34
21,2023,2,26.71,23.87,26.76,26.6,24.92,53.91
21,2023,3,26.31,43.27,26.71,26.76,23.87,24.92
21,2023,4,26.45,37.14,26.31,26.71,43.27,23.87
21,2023,5,26.55,26.91,26.45,26.31,37.14,43.27
21,2023,6,26.38,41.38,26.55,26.45,26.91,37.14
21,2023,7,26.35,32.12,26.38,26.55,41.38,26.91
21,2023,8,26.57,20.65,26.35,26.38,32.12,41.38
21,2023,9,27.06,14.68,26.57,26.35,20.65,32.12
21,2023,10,27.31,26.08,27.06,26.57,14.68,20.65
21,2023,11,26.81,22.18,27.31,27.06,26.08,14.68
21,2023,12,27.18,16.29,26.81,27.31,22.18,26.08
21,2024,1,26.51,36.27,27.18,26.81,16.29,22.18
21,2024,2,26.53,43.27,26.51,27.18,36.27,16.29
21,2024,3,26.4,44.8,26.53,26.51,43.27,36.27
21,2024,4,26.35,66.31,26.4,26.53,44.8,43.27
21,2024,5,26.23,35.86,26.35,26.4,66.31,44.8
21,2024,6,26.41,47.95,26.23,26.35,35.86,66.31
21,2024,7,26.67,25.95,26.41,26.23,47.95,35.86
21,2024,8,26.64,34.24,26.67,26.41,25.95,47.95
21,2024,9,27.1,20.73,26.64,26.67,34.24,25.95
21,2024,10,26.42,63.46,27.1,26.64,20.73,34.24
21,2024,11,26.34,54.99,26.42,27.1,63.46,20.73
21,2024,12,26.85,14.77,26.34,26.42,54.99,63.46
21,2025,1,26.05,38.02,26.85,26.34,14.77,54.99
21,2025,2,25.98,43.18,26.05,26.85,38.02,14.77
21,2025,3,26.35,8.91,25.98,26.05,43.18,38.02
21,2025,4,25.92,39.32,26.35,25.98,8.91,43.18
21,2025,5,26.07,24.02,25.92,26.35,39.32,8.91
21,2025,6,25.72,52.66,26.07,25.92,24.02,39.32
21,2025,7,26.26,9.94,25.72,26.07,52.66,24.02
21,2025,8,26.24,33.01,26.26,25.72,9.94,52.66
21,2025,9,26.09,30.79,26.24,26.26,33.01,9.94
21,2025,10,26.29,27.75,26.09,26.24,30.79,33.01
21,2025,11,26.07,33.71,26.29,26.09,27.75,30.79
21,2025,12,26.13,35.58,26.07,26.29,33.71,27.75
22,2016,1,26.51,92.6,27.0,26.86,6.5,8.8
22,2016,2,26.65,49.5,26.51,27.0,92.6,6.5
22,2016,3,26.69,30.9,26.65,26.51,49.5,92.6
22,2016,4,27.03,54.7,26.69,26.65,30.9,49.5
22,2016,5,26.94,27.8,27.03,26.69,54.7,30.9
22,2016,6,26.98,16.2,26.94,27.03,27.8,54.7
22,2016,7,27.08,27.6,26.98,26.94,16.2,27.8
22,2016,8,27.06,57.4,27.08,26.98,27.6,16.2
22,2016,9,27.06,50.8,27.06,27.08,57.4,27.6
22,2016,10,26.82,110.5,27.06,27.06,50.8,57.4
22,2016,11,26.6,122.6,26.82,27.06,110.5,50.8
22,2016,12,26.89,28.5,26.6,26.82,122.6,110.5
22,2017,1,26.16,48.1,26.89,26.6,28.5,122.6
22,2017,2,26.49,38.0,26.16,26.89,48.1,28.5
22,2017,3,26.37,76.9,26.49,26.16,38.0,48.1
22,2017,4,26.56,26.6,26.37,26.49,76.9,38.0
22,2017,5,26.35,124.0,26.56,26.37,26.6,76.9
22,2017,6,26.43,53.1,26.35,26.56,124.0,26.6
22,2017,7,26.51,45.3,26.43,26.35,53.1,124.0
22,2017,8,26.91,61.07,26.51,26.43,45.3,53.1
22,2017,9,26.83,61.33,26.91,26.51,61.07,45.3
22,2017,10,26.81,39.6,26.83,26.91,61.33,61.07
22,2017,11,26.74,27.6,26.81,26.83,39.6,61.33
22,2017,12,26.36,108.47,26.74,26.81,27.6,39.6
22,2018,1,26.56,17.47,26.36,26.74,108.47,27.6
22,2018,2,26.48,62.8,26.56,26.36,17.47,108.47
22,2018,3,26.05,96.53,26.48,26.56,62.8,17.47
22,2018,4,26.48,42.0,26.05,26.48,96.53,62.8
22,2018,5,26.45,27.8,26.48,26.05,42.0,96.53
22,2018,6,26.61,23.73,26.45,26.48,27.8,42.0
22,2018,7,26.4,88.2,26.61,26.45,23.73,27.8
22,2018,8,26.33,61.47,26.4,26.61,88.2,23.73
22,2018,9,26.26,50.67,26.33,26.4,61.47,88.2
22,2018,10,26.38,111.93,26.26,26.33,50.67,61.47
22,2018,11,26.43,35.53,26.38,26.26,111.93,50.67
22,2018,12,26.56,82.2,26.43,26.38,35.53,111.93
22,2019,1,26.61,29.45,26.56,26.43,82.2,35.53
22,2019,2,26.17,75.35,26.61,26.56,29.45,82.2
22,2019,3,26.08,58.7,26.17,26.61,75.35,29.45
22,2019,4,26.61,22.3,26.08,26.17,58.7,75.35
22,2019,5,26.29,64.15,26.61,26.08,22.3,58.7
22,2019,6,26.31,49.35,26.29,26.61,64.15,22.3
22,2019,7,26.39,49.65,26.31,26.29,49.35,64.15
22,2019,8,26.11,64.65,26.39,26.31,49.65,49.35
22,2019,9,25.7,67.65,26.11,26.39,64.65,49.65
22,2019,10,26.14,62.7,25.7,26.11,67.65,64.65
22,2019,11,26.33,75.6,26.14,25.7,62.7,67.65
22,2019,12,26.65,47.35,26.33,26.14,75.6,62.7
22,2020,1,26.75,74.6,26.65,26.33,47.35,75.6
22,2020,2,26.81,81.5,26.75,26.65,74.6,47.35
22,2020,3,26.78,98.7,26.81,26.75,81.5,74.6
22,2020,4,26.7,149.0,26.78,26.81,98.7,81.5
22,2020,5,26.87,73.1,26.7,26.78,149.0,98.7
22,2020,6,26.82,39.8,26.87,26.7,73.1,149.0
22,2020,7,26.71,63.6,26.82,26.87,39.8,73.1
22,2020,8,26.78,86.0,26.71,26.82,63.6,39.8
22,2020,9,26.78,44.5,26.78,26.71,86.0,63.6
22,2020,10,26.63,56.3,26.78,26.78,44.5,86.0
22,2020,11,26.81,35.6,26.63,26.78,56.3,44.5
22,2020,12,26.83,65.4,26.81,26.63,35.6,56.3
22,2021,1,25.88,91.8,26.83,26.81,65.4,35.6
22,2021,2,25.62,65.1,25.88,26.83,91.8,65.4
22,2021,3,25.88,17.9,25.62,25.88,65.1,91.8
22,2021,4,26.09,36.3,25.88,25.62,17.9,65.1
22,2021,5,26.53,58.4,26.09,25.88,36.3,17.9
22,2021,6,26.38,28.9,26.53,26.09,58.4,36.3
22,2021,7,26.26,40.5,26.38,26.53,28.9,58.4
22,2021,8,26.12,67.1,26.26,26.38,40.5,28.9
22,2021,9,26.11,55.1,26.12,26.26,67.1,40.5
22,2021,10,25.09,78.3,26.11,26.12,55.1,67.1
22,2021,11,25.31,76.9,25.09,26.11,78.3,55.1
22,2021,12,26.06,39.7,25.31,25.09,76.9,78.3
22,2022,1,26.33,21.6,26.06,25.31,39.7,76.9
22,2022,2,25.78,55.5,26.33,26.06,21.6,39.7
22,2022,3,25.77,34.0,25.78,26.33,55.5,21.6
22,2022,4,25.81,75.95,25.77,25.78,34.0,55.5
22,2022,5,25.65,39.75,25.81,25.77,75.95,34.0
22,2022,6,25.7,35.1,25.65,25.81,39.75,75.95
22,2022,7,25.87,38.9,25.7,25.65,35.1,39.75
22,2022,8,25.77,53.6,25.87,25.7,38.9,35.1
22,2022,9,26.11,26.25,25.77,25.87,53.6,38.9
22,2022,10,25.96,78.67,26.11,25.77,26.25,53.6
22,2022,11,26.25,17.93,25.96,26.11,78.67,26.25
22,2022,12,26.42,45.2,26.25,25.96,17.93,78.67
22,2023,1,27.14,39.95,26.42,26.25,45.2,17.93
22,2023,2,27.44,43.0,27.14,26.42,39.95,45.2
22,2023,3,27.34,31.05,27.44,27.14,43.0,39.95
22,2023,4,26.7,74.7,27.34,27.44,31.05,43.0
22,2023,5,26.76,26.8,26.7,27.34,74.7,31.05
22,2023,6,27.3,23.75,26.76,26.7,26.8,74.7
22,2023,7,27.48,36.75,27.3,26.76,23.75,26.8
22,2023,8,27.13,13.7,27.48,27.3,36.75,23.75
22,2023,9,26.95,20.25,27.13,27.48,13.7,36.75
22,2023,10,27.35,35.1,26.95,27.13,20.25,13.7
22,2023,11,26.89,48.25,27.35,26.95,35.1,20.25
22,2023,12,27.02,20.75,26.89,27.35,48.25,35.1
22,2024,1,27.32,29.5,27.02,26.89,20.75,48.25
22,2024,2,27.23,59.65,27.32,27.02,29.5,20.75
22,2024,3,26.98,71.25,27.23,27.32,59.65,29.5
22,2024,4,27.08,71.25,26.98,27.23,71.25,59.65
22,2024,5,26.94,99.2,27.08,26.98,71.25,71.25
22,2024,6,27.09,91.65,26.94,27.08,99.2,71.25
22,2024,7,27.06,83.65,27.09,26.94,91.65,99.2
22,2024,8,27.02,87.15,27.06,27.09,83.65,91.65
22,2024,9,27.1,74.55,27.02,27.06,87.15,83.65
22,2024,10,26.99,73.6,27.1,27.02,74.55,87.15
22,2024,11,26.81,96.05,26.99,27.1,73.6,74.55
22,2024,12,26.62,117.85,26.81,26.99,96.05,73.6
22,2025,1,26.63,55.13,26.62,26.81,117.85,96.05
22,2025,2,26.45,48.6,26.63,26.62,55.13,117.85
22,2025,3,26.42,71.47,26.45,26.63,48.6,55.13
22,2025,4,26.38,100.67,26.42,26.45,71.47,48.6
22,2025,5,26.33,57.8,26.38,26.42,100.67,71.47
22,2025,6,26.33,52.2,26.33,26.38,57.8,100.67
22,2025,7,26.3,69.07,26.33,26.33,52.2,57.8
22,2025,8,26.36,66.73,26.3,26.33,69.07,52.2
22,2025,9,26.36,83.33,26.36,26.3,66.73,69.07
22,2025,10,26.22,53.93,26.36,26.36,83.33,66.73
22,2025,11,26.48,100.6,26.22,26.36,53.93,83.33
22,2025,12,26.46,113.47,26.48,26.22,100.6,53.93
23,2016,1,26.84,41.7,27.03,26.95,30.52,37.98
23,2016,2,26.84,53.36,26.84,27.03,41.7,30.52
23,2016,3,26.86,49.53,26.84,26.84,53.36,41.7
23,2016,4,27.08,33.28,26.86,26.84,49.53,53.36
23,2016,5,27.07,42.69,27.08,26.86,33.28,49.53
23,2016,6,26.97,36.25,27.07,27.08,42.69,33.28
23,2016,7,26.96,35.75,26.97,27.07,36.25,42.69
23,2016,8,26.85,46.23,26.96,26.97,35.75,36.25
23,2016,9,26.96,39.5,26.85,26.96,46.23,35.75
23,2016,10,26.92,53.93,26.96,26.85,39.5,46.23
23,2016,11,26.9,37.27,26.92,26.96,53.93,39.5
23,2016,12,26.8,42.7,26.9,26.92,37.27,53.93
23,2017,1,26.48,47.26,26.8,26.9,42.7,37.27
23,2017,2,26.6,64.02,26.48,26.8,47.26,42.7
23,2017,3,26.54,67.19,26.6,26.48,64.02,47.26
23,2017,4,26.79,33.97,26.54,26.6,67.19,64.02
23,2017,5,26.84,44.0,26.79,26.54,33.97,67.19
23,2017,6,26.88,36.06,26.84,26.79,44.0,33.97
23,2017,7,26.77,39.5,26.88,26.84,36.06,44.0
23,2017,8,26.62,40.06,26.77,26.88,39.5,36.06
23,2017,9,26.59,63.72,26.62,26.77,40.06,39.5
23,2017,10,26.59,63.14,26.59,26.62,63.72,40.06
23,2017,11,26.58,79.47,26.59,26.59,63.14,63.72
23,2017,12,26.71,65.99,26.58,26.59,79.47,63.14
23,2018,1,26.62,38.7,26.71,26.58,65.99,79.47
23,2018,2,26.48,42.42,26.62,26.71,38.7,65.99
23,2018,3,26.34,70.94,26.48,26.62,42.42,38.7
23,2018,4,26.14,80.35,26.34,26.48,70.94,42.42
23,2018,5,26.08,67.64,26.14,26.34,80.35,70.94
23,2018,6,26.21,64.3,26.08,26.14,67.64,80.35
23,2018,7,26.11,61.75,26.21,26.08,64.3,67.64
23,2018,8,26.22,64.68,26.11,26.21,61.75,64.3
23,2018,9,26.08,65.03,26.22,26.11,64.68,61.75
23,2018,10,26.22,50.84,26.08,26.22,65.03,64.68
23,2018,11,26.35,39.26,26.22,26.08,50.84,65.03
23,2018,12,26.13,63.72,26.35,26.22,39.26,50.84
23,2019,1,26.49,62.48,26.13,26.35,63.72,39.26
23,2019,2,26.67,60.67,26.49,26.13,62.48,63.72
23,2019,3,26.68,53.08,26.67,26.49,60.67,62.48
23,2019,4,26.69,53.83,26.68,26.67,53.08,60.67
23,2019,5,26.52,59.26,26.69,26.68,53.83,53.08
23,2019,6,26.45,61.21,26.52,26.69,59.26,53.83
23,2019,7,26.31,84.48,26.45,26.52,61.21,59.26
23,2019,8,26.37,60.66,26.31,26.45,84.48,61.21
23,2019,9,26.27,68.51,26.37,26.31,60.66,84.48
23,2019,10,26.35,85.83,26.27,26.37,68.51,60.66
23,2019,11,26.46,54.59,26.35,26.27,85.83,68.51
23,2019,12,26.54,48.36,26.46,26.35,54.59,85.83
23,2020,1,26.33,46.41,26.54,26.46,48.36,54.59
23,2020,2,26.49,50.18,26.33,26.54,46.41,48.36
23,2020,3,26.32,84.18,26.49,26.33,50.18,46.41
23,2020,4,26.42,61.94,26.32,26.49,84.18,50.18
23,2020,5,26.44,53.21,26.42,26.32,61.94,84.18
23,2020,6,26.37,61.98,26.44,26.42,53.21,61.94
23,2020,7,26.41,60.62,26.37,26.44,61.98,53.21
23,2020,8,26.39,53.11,26.41,26.37,60.62,61.98
23,2020,9,26.45,69.78,26.39,26.41,53.11,60.62
23,2020,10,26.4,43.09,26.45,26.39,69.78,53.11
23,2020,11,26.35,60.67,26.4,26.45,43.09,69.78
23,2020,12,26.2,61.01,26.35,26.4,60.67,43.09
23,2021,1,26.21,76.1,26.2,26.35,61.01,60.67
23,2021,2,26.31,46.69,26.21,26.2,76.1,61.01
23,2021,3,26.41,48.64,26.31,26.21,46.69,76.1
23,2021,4,26.39,35.52,26.41,26.31,48.64,46.69
23,2021,5,26.25,27.05,26.39,26.41,35.52,48.64
23,2021,6,26.75,30.32,26.25,26.39,27.05,35.52
23,2021,7,26.73,31.27,26.75,26.25,30.32,27.05
23,2021,8,26.56,45.97,26.73,26.75,31.27,30.32
23,2021,9,26.09,59.16,26.56,26.73,45.97,31.27
23,2021,10,26.23,57.71,26.09,26.56,59.16,45.97
23,2021,11,26.21,50.41,26.23,26.09,57.71,59.16
23,2021,12,26.15,43.87,26.21,26.23,50.41,57.71
23,2022,1,25.93,40.82,26.15,26.21,43.87,50.41
23,2022,2,25.35,33.86,25.93,26.15,40.82,43.87
23,2022,3,26.34,43.61,25.35,25.93,33.86,40.82
23,2022,4,26.12,49.49,26.34,25.35,43.61,33.86
23,2022,5,26.22,34.63,26.12,26.34,49.49,43.61
23,2022,6,26.21,40.9,26.22,26.12,34.63,49.49
23,2022,7,26.41,40.83,26.21,26.22,40.9,34.63
23,2022,8,26.5,43.23,26.41,26.21,40.83,40.9
23,2022,9,26.2,34.01,26.5,26.41,43.23,40.83
23,2022,10,25.22,37.4,26.2,26.5,34.01,43.23
23,2022,11,26.02,25.87,25.22,26.2,37.4,34.01
23,2022,12,25.55,27.07,26.02,25.22,25.87,37.4
23,2023,1,27.19,52.95,25.55,26.02,27.07,25.87
23,2023,2,27.17,56.72,27.19,25.55,52.95,27.07
23,2023,3,27.11,37.48,27.17,27.19,56.72,52.95
23,2023,4,27.02,45.75,27.11,27.17,37.48,56.72
23,2023,5,27.11,32.62,27.02,27.11,45.75,37.48
23,2023,6,27.04,39.87,27.11,27.02,32.62,45.75
23,2023,7,26.79,50.88,27.04,27.11,39.87,32.62
23,2023,8,27.16,26.28,26.79,27.04,50.88,39.87
23,2023,9,27.36,31.58,27.16,26.79,26.28,50.88
23,2023,10,27.41,39.72,27.36,27.16,31.58,26.28
23,2023,11,27.2,45.25,27.41,27.36,39.72,31.58
23,2023,12,27.32,34.62,27.2,27.41,45.25,39.72
23,2024,1,27.27,56.36,27.32,27.2,34.62,45.25
23,2024,2,27.25,67.66,27.27,27.32,56.36,34.62
23,2024,3,27.18,58.19,27.25,27.27,67.66,56.36
23,2024,4,27.13,45.7,27.18,27.25,58.19,67.66
23,2024,5,27.13,52.16,27.13,27.18,45.7,58.19
23,2024,6,27.16,52.0,27.13,27.13,52.16,45.7
23,2024,7,27.24,50.66,27.16,27.13,52.0,52.16
23,2024,8,27.32,43.67,27.24,27.16,50.66,52.0
23,2024,9,27.59,41.3,27.32,27.24,43.67,50.66
23,2024,10,27.45,52.16,27.59,27.32,41.3,43.67
23,2024,11,27.17,44.67,27.45,27.59,52.16,41.3
23,2024,12,27.27,46.0,27.17,27.45,44.67,52.16
23,2025,1,26.65,40.15,27.27,27.17,46.0,44.67
23,2025,2,26.66,51.8,26.65,27.27,40.15,46.0
23,2025,3,26.71,42.26,26.66,26.65,51.8,40.15
23,2025,4,26.69,48.87,26.71,26.66,42.26,51.8
23,2025,5,26.65,52.2,26.69,26.71,48.87,42.26
23,2025,6,26.6,47.68,26.65,26.69,52.2,48.87
23,2025,7,26.74,56.26,26.6,26.65,47.68,52.2
23,2025,8,26.5,62.06,26.74,26.6,56.26,47.68
23,2025,9,26.45,58.13,26.5,26.74,62.06,56.26
23,2025,10,26.56,55.75,26.45,26.5,58.13,62.06
23,2025,11,26.65,53.05,26.56,26.45,55.75,58.13
23,2025,12,26.5,55.68,26.65,26.56,53.05,55.75
24,2016,1,27.61,111.2,28.34,28.74,0.0,0.0
24,2016,2,27.99,40.2,27.61,28.34,111.2,0.0
24,2016,3,27.83,22.8,27.99,27.61,40.2,111.2
24,2016,4,28.05,70.2,27.83,27.99,22.8,40.2
24,2016,5,27.95,29.6,28.05,27.83,70.2,22.8
24,2016,6,28.05,24.6,27.95,28.05,29.6,70.2
24,2016,7,28.25,89.8,28.05,27.95,24.6,29.6
24,2016,8,28.14,76.4,28.25,28.05,89.8,24.6
24,2016,9,28.44,8.6,28.14,28.25,76.4,89.8
24,2016,10,28.21,36.2,28.44,28.14,8.6,76.4
24,2016,11,28.08,31.8,28.21,28.44,36.2,8.6
24,2016,12,28.1,15.0,28.08,28.21,31.8,36.2
24,2017,1,25.92,37.6,28.1,28.08,15.0,31.8
24,2017,2,25.9,34.07,25.92,28.1,37.6,15.0
24,2017,3,25.85,44.07,25.9,25.92,34.07,37.6
24,2017,4,26.16,47.73,25.85,25.9,44.07,34.07
24,2017,5,26.3,9.4,26.16,25.85,47.73,44.07
24,2017,6,26.05,9.07,26.3,26.16,9.4,47.73
24,2017,7,25.57,30.2,26.05,26.3,9.07,9.4
24,2017,8,25.0,52.33,25.57,26.05,30.2,9.07
24,2017,9,25.14,34.6,25.0,25.57,52.33,30.2
24,2017,10,25.52,18.87,25.14,25.0,34.6,52.33
24,2017,11,25.59,15.13,25.52,25.14,18.87,34.6
24,2017,12,25.56,18.67,25.59,25.52,15.13,18.87
24,2018,1,27.11,31.0,25.56,25.59,18.67,15.13
24,2018,2,26.81,63.0,27.11,25.56,31.0,18.67
24,2018,3,26.52,84.0,26.81,27.11,63.0,31.0
24,2018,4,26.5,40.5,26.52,26.81,84.0,63.0
24,2018,5,26.36,58.1,26.5,26.52,40.5,84.0
24,2018,6,26.76,18.6,26.36,26.5,58.1,40.5
24,2018,7,17.65,60.53,26.76,26.36,18.6,58.1
24,2018,8,26.41,74.0,17.65,26.76,60.53,18.6
24,2018,9,26.56,86.8,26.41,17.65,74.0,60.53
24,2018,10,26.68,55.7,26.56,26.41,86.8,74.0
24,2018,11,26.96,27.2,26.68,26.56,55.7,86.8
24,2018,12,26.76,57.4,26.96,26.68,27.2,55.7
24,2019,1,28.17,29.4,26.76,26.96,57.4,27.2
24,2019,2,27.86,48.8,28.17,26.76,29.4,57.4
24,2019,3,27.85,45.4,27.86,28.17,48.8,29.4
24,2019,4,27.81,39.2,27.85,27.86,45.4,48.8
24,2019,5,27.59,149.6,27.81,27.85,39.2,45.4
24,2019,6,27.77,54.8,27.59,27.81,149.6,39.2
24,2019,7,27.79,64.2,27.77,27.59,54.8,149.6
24,2019,8,27.49,55.6,27.79,27.77,64.2,54.8
24,2019,9,27.25,47.4,27.49,27.79,55.6,64.2
24,2019,10,27.33,145.4,27.25,27.49,47.4,55.6
24,2019,11,27.65,152.2,27.33,27.25,145.4,47.4
24,2019,12,27.53,59.2,27.65,27.33,152.2,145.4
24,2020,1,27.75,12.0,27.53,27.65,59.2,152.2
24,2020,2,27.53,10.4,27.75,27.53,12.0,59.2
24,2020,3,27.49,38.6,27.53,27.75,10.4,12.0
24,2020,4,27.79,10.2,27.49,27.53,38.6,10.4
24,2020,5,27.88,20.4,27.79,27.49,10.2,38.6
24,2020,6,27.42,36.0,27.88,27.79,20.4,10.2
24,2020,7,26.73,70.2,27.42,27.88,36.0,20.4
24,2020,8,26.78,107.4,26.73,27.42,70.2,36.0
24,2020,9,27.28,36.8,26.78,26.73,107.4,70.2
24,2020,10,27.61,38.4,27.28,26.78,36.8,107.4
24,2020,11,27.52,35.8,27.61,27.28,38.4,36.8
24,2020,12,27.24,72.2,27.52,27.61,35.8,38.4
24,2021,1,29.83,0.0,27.24,27.52,72.2,35.8
24,2021,2,29.62,3.0,29.83,27.24,0.0,72.2
24,2021,3,28.65,0.0,29.62,29.83,3.0,0.0
24,2021,4,29.52,0.0,28.65,29.62,0.0,3.0
24,2021,5,29.67,0.2,29.52,28.65,0.0,0.0
24,2021,6,30.29,0.0,29.67,29.52,0.2,0.0
24,2021,7,30.62,0.0,30.29,29.67,0.0,0.2
24,2021,8,26.81,0.4,30.62,30.29,0.0,0.0
24,2021,9,26.84,0.4,26.81,30.62,0.4,0.0
24,2021,10,26.5,19.8,26.84,26.81,0.4,0.4
24,2021,11,27.72,0.0,26.5,26.84,19.8,0.4
24,2021,12,28.54,0.2,27.72,26.5,0.0,19.8
24,2022,1,26.96,,28.54,27.72,0.2,0.0
24,2022,2,26.7,0.0,26.96,28.54,,0.2
24,2022,3,26.05,0.4,26.7,26.96,0.0,
24,2022,4,25.93,8.2,26.05,26.7,0.4,0.0
24,2022,5,26.33,0.0,25.93,26.05,8.2,0.4
24,2022,6,26.34,4.2,26.33,25.93,0.0,8.2
24,2022,7,27.09,4.8,26.34,26.33,4.2,0.0
24,2022,8,27.02,21.8,27.09,26.34,4.8,4.2
24,2022,9,27.17,0.2,27.02,27.09,21.8,4.8
24,2022,10,27.3,0.6,27.17,27.02,0.2,21.8
24,2022,11,27.07,0.6,27.3,27.17,0.6,0.2
24,2022,12,27.07,2.4,27.07,27.3,0.6,0.6
24,2023,1,27.74,68.4,27.07,27.07,2.4,0.6
24,2023,2,27.72,13.0,27.74,27.07,68.4,2.4
24,2023,3,27.32,66.6,27.72,27.74,13.0,68.4
24,2023,4,27.28,37.2,27.32,27.72,66.6,13.0
24,2023,5,27.22,40.0,27.28,27.32,37.2,66.6
24,2023,6,27.18,65.6,27.22,27.28,40.0,37.2
24,2023,7,27.26,29.2,27.18,27.22,65.6,40.0
24,2023,8,27.28,65.0,27.26,27.18,29.2,65.6
24,2023,9,27.4,31.8,27.28,27.26,65.0,29.2
24,2023,10,27.65,51.6,27.4,27.28,31.8,65.0
24,2023,11,27.79,30.0,27.65,27.4,51.6,31.8
24,2023,12,27.96,45.2,27.79,27.65,30.0,51.6
24,2024,1,29.76,6.8,27.96,27.79,45.2,30.0
24,2024,2,29.58,19.0,29.76,27.96,6.8,45.2
24,2024,3,29.6,38.4,29.58,29.76,19.0,6.8
24,2024,4,29.63,20.4,29.6,29.58,38.4,19.0
24,2024,5,29.22,56.0,29.63,29.6,20.4,38.4
24,2024,6,29.03,38.4,29.22,29.63,56.0,20.4
24,2024,7,29.22,11.0,29.03,29.22,38.4,56.0
24,2024,8,29.68,49.6,29.22,29.03,11.0,38.4
24,2024,9,29.55,52.6,29.68,29.22,49.6,11.0
24,2024,10,29.84,18.2,29.55,29.68,52.6,49.6
24,2024,11,30.01,40.8,29.84,29.55,18.2,52.6
24,2024,12,29.85,20.8,30.01,29.84,40.8,18.2
24,2025,1,29.1,0.4,29.85,30.01,20.8,40.8
24,2025,2,29.42,1.0,29.1,29.85,0.4,20.8
24,2025,3,28.77,14.4,29.42,29.1,1.0,0.4
24,2025,4,28.4,11.0,28.77,29.42,14.4,1.0
24,2025,5,28.83,9.8,28.4,28.77,11.0,14.4
24,2025,6,28.43,0.2,28.83,28.4,9.8,11.0
24,2025,7,27.95,5.2,28.43,28.83,0.2,9.8
24,2025,8,27.0,17.4,27.95,28.43,5.2,0.2
24,2025,9,27.62,1.4,27.0,27.95,17.4,5.2
24,2025,10,28.43,3.6,27.62,27.0,1.4,17.4
24,2025,11,29.01,0.6,28.43,27.62,3.6,1.4
24,2025,12,28.16,0.6,29.01,28.43,0.6,3.6
25,2016,1,26.98,68.87,26.96,27.09,53.9,55.73
25,2016,2,27.06,48.6,26.98,26.96,68.87,53.9
25,2016,3,26.83,93.81,27.06,26.98,48.6,68.87
25,2016,4,26.89,38.37,26.83,27.06,93.81,48.6
25,2016,5,26.83,71.08,26.89,26.83,38.37,93.81
25,2016,6,27.0,59.5,26.83,26.89,71.08,38.37
25,2016,7,27.3,36.01,27.0,26.83,59.5,71.08
25,2016,8,27.51,39.3,27.3,27.0,36.01,59.5
25,2016,9,27.36,46.07,27.51,27.3,39.3,36.01
25,2016,10,27.42,56.96,27.36,27.51,46.07,39.3
25,2016,11,27.27,63.97,27.42,27.36,56.96,46.07
25,2016,12,26.71,86.03,27.27,27.42,63.97,56.96
25,2017,1,26.66,68.61,26.71,27.27,86.03,63.97
25,2017,2,27.1,44.44,26.66,26.71,68.61,86.03
25,2017,3,27.08,41.57,27.1,26.66,44.44,68.61
25,2017,4,27.11,45.41,27.08,27.1,41.57,44.44
25,2017,5,26.89,67.15,27.11,27.08,45.41,41.57
25,2017,6,26.76,69.17,26.89,27.11,67.15,45.41
25,2017,7,26.69,66.04,26.76,26.89,69.17,67.15
25,2017,8,26.5,87.5,26.69,26.76,66.04,69.17
25,2017,9,26.89,48.2,26.5,26.69,87.5,66.04
25,2017,10,26.91,43.04,26.89,26.5,48.2,87.5
25,2017,11,26.99,67.62,26.91,26.89,43.04,48.2
25,2017,12,26.58,78.55,26.99,26.91,67.62,43.04
25,2018,1,27.07,35.86,26.58,26.99,78.55,67.62
25,2018,2,27.02,48.76,27.07,26.58,35.86,78.55
25,2018,3,26.69,42.85,27.02,27.07,48.76,35.86
25,2018,4,26.67,36.49,26.69,27.02,42.85,48.76
25,2018,5,26.69,46.78,26.67,26.69,36.49,42.85
25,2018,6,26.41,28.87,26.69,26.67,46.78,36.49
25,2018,7,26.41,49.9,26.41,26.69,28.87,46.78
25,2018,8,26.55,41.65,26.41,26.41,49.9,28.87
25,2018,9,26.81,48.95,26.55,26.41,41.65,49.9
25,2018,10,26.74,53.09,26.81,26.55,48.95,41.65
25,2018,11,26.41,39.23,26.74,26.81,53.09,48.95
25,2018,12,26.66,46.26,26.41,26.74,39.23,53.09
25,2019,1,27.05,36.6,26.66,26.41,46.26,39.23
25,2019,2,27.0,65.61,27.05,26.66,36.6,46.26
25,2019,3,27.0,39.79,27.0,27.05,65.61,36.6
25,2019,4,26.77,65.53,27.0,27.0,39.79,65.61
25,2019,5,26.89,33.6,26.77,27.0,65.53,39.79
25,2019,6,26.73,55.31,26.89,26.77,33.6,65.53
25,2019,7,26.34,72.23,26.73,26.89,55.31,33.6
25,2019,8,26.34,78.27,26.34,26.73,72.23,55.31
25,2019,9,26.36,90.51,26.34,26.34,78.27,72.23
25,2019,10,26.27,109.26,26.36,26.34,90.51,78.27
25,2019,11,26.5,74.24,26.27,26.36,109.26,90.51
25,2019,12,26.45,96.53,26.5,26.27,74.24,109.26
25,2020,1,27.1,31.01,26.45,26.5,96.53,74.24
25,2020,2,27.19,35.27,27.1,26.45,31.01,96.53
25,2020,3,27.56,23.38,27.19,27.1,35.27,31.01
25,2020,4,27.58,31.05,27.56,27.19,23.38,35.27
25,2020,5,27.71,31.42,27.58,27.56,31.05,23.38
25,2020,6,27.8,24.42,27.71,27.58,31.42,31.05
25,2020,7,27.86,22.8,27.8,27.71,24.42,31.42
25,2020,8,27.21,37.56,27.86,27.8,22.8,24.42
25,2020,9,27.33,24.87,27.21,27.86,37.56,22.8
25,2020,10,27.16,32.35,27.33,27.21,24.87,37.56
25,2020,11,27.02,34.79,27.16,27.33,32.35,24.87
25,2020,12,27.27,23.39,27.02,27.16,34.79,32.35
25,2021,1,26.7,26.2,27.27,27.02,23.39,34.79
25,2021,2,26.9,35.38,26.7,27.27,26.2,23.39
25,2021,3,26.84,43.82,26.9,26.7,35.38,26.2
25,2021,4,27.02,12.25,26.84,26.9,43.82,35.38
25,2021,5,27.78,22.58,27.02,26.84,12.25,43.82
25,2021,6,27.66,12.96,27.78,27.02,22.58,12.25
25,2021,7,27.68,23.89,27.66,27.78,12.96,22.58
25,2021,8,27.56,19.53,27.68,27.66,23.89,12.96
25,2021,9,26.52,52.3,27.56,27.68,19.53,23.89
25,2021,10,26.91,24.75,26.52,27.56,52.3,19.53
25,2021,11,26.9,47.15,26.91,26.52,24.75,52.3
25,2021,12,27.18,30.5,26.9,26.91,47.15,24.75
25,2022,1,26.6,53.36,27.18,26.9,30.5,47.15
25,2022,2,25.84,73.96,26.6,27.18,53.36,30.5
25,2022,3,26.05,41.92,25.84,26.6,73.96,53.36
25,2022,4,26.25,52.91,26.05,25.84,41.92,73.96
25,2022,5,26.36,45.58,26.25,26.05,52.91,41.92
25,2022,6,26.85,28.09,26.36,26.25,45.58,52.91
25,2022,7,26.92,28.04,26.85,26.36,28.09,45.58
25,2022,8,26.72,43.82,26.92,26.85,28.04,28.09
25,2022,9,26.97,26.56,26.72,26.92,43.82,28.04
25,2022,10,26.93,31.09,26.97,26.72,26.56,43.82
25,2022,11,26.79,39.86,26.93,26.97,31.09,26.56
25,2022,12,26.83,23.96,26.79,26.93,39.86,31.09
25,2023,1,27.18,71.36,26.83,26.79,23.96,39.86
25,2023,2,27.01,87.75,27.18,26.83,71.36,23.96
25,2023,3,27.11,59.42,27.01,27.18,87.75,71.36
25,2023,4,27.2,46.95,27.11,27.01,59.42,87.75
25,2023,5,27.02,71.05,27.2,27.11,46.95,59.42
25,2023,6,27.09,67.39,27.02,27.2,71.05,46.95
25,2023,7,26.93,86.02,27.09,27.02,67.39,71.05
25,2023,8,27.0,63.95,26.93,27.09,86.02,67.39
25,2023,9,27.3,56.04,27.0,26.93,63.95,86.02
25,2023,10,27.27,56.96,27.3,27.0,56.04,63.95
25,2023,11,27.3,61.21,27.27,27.3,56.96,56.04
25,2023,12,27.29,68.08,27.3,27.27,61.21,56.96
25,2024,1,27.31,78.21,27.29,27.3,68.08,61.21
25,2024,2,27.48,42.26,27.31,27.29,78.21,68.08
25,2024,3,27.77,30.3,27.48,27.31,42.26,78.21
25,2024,4,27.58,61.31,27.77,27.48,30.3,42.26
25,2024,5,27.59,37.99,27.58,27.77,61.31,30.3
25,2024,6,27.35,72.35,27.59,27.58,37.99,61.31
25,2024,7,27.56,42.82,27.35,27.59,72.35,37.99
25,2024,8,27.81,26.12,27.56,27.35,42.82,72.35
25,2024,9,27.93,48.21,27.81,27.56,26.12,42.82
25,2024,10,27.47,61.39,27.93,27.81,48.21,26.12
25,2024,11,27.33,61.3,27.47,27.93,61.39,48.21
25,2024,12,27.55,67.1,27.33,27.47,61.3,61.39
25,2025,1,26.74,59.37,27.55,27.33,67.1,61.3
25,2025,2,26.66,55.37,26.74,27.55,59.37,67.1
25,2025,3,26.72,80.63,26.66,26.74,55.37,59.37
25,2025,4,26.3,108.18,26.72,26.66,80.63,55.37
25,2025,5,26.54,58.92,26.3,26.72,108.18,80.63
25,2025,6,26.67,44.35,26.54,26.3,58.92,108.18
25,2025,7,26.51,67.62,26.67,26.54,44.35,58.92
25,2025,8,26.21,107.98,26.51,26.67,67.62,44.35
25,2025,9,26.81,36.63,26.21,26.51,107.98,67.62
25,2025,10,26.75,85.9,26.81,26.21,36.63,107.98
25,2025,11,26.88,51.87,26.75,26.81,85.9,36.63
25,2025,12,26.58,80.22,26.88,26.75,51.87,85.9
26,2016,1,25.25,52.43,25.35,25.73,140.5,82.5
26,2016,2,25.47,34.03,25.25,25.35,52.43,140.5
26,2016,3,25.35,70.9,25.47,25.25,34.03,52.43
26,2016,4,25.29,23.5,25.35,25.47,70.9,34.03
26,2016,5,25.66,39.57,25.29,25.35,23.5,70.9
26,2016,6,25.79,91.47,25.66,25.29,39.57,23.5
26,2016,7,25.58,58.1,25.79,25.66,91.47,39.57
26,2016,8,25.66,55.53,25.58,25.79,58.1,91.47
26,2016,9,25.83,55.47,25.66,25.58,55.53,58.1
26,2016,10,25.53,73.37,25.83,25.66,55.47,55.53
26,2016,11,25.08,85.43,25.53,25.83,73.37,55.47
26,2016,12,25.25,42.07,25.08,25.53,85.43,73.37
26,2017,1,25.91,38.7,25.25,25.08,42.07,85.43
26,2017,2,25.81,19.07,25.91,25.25,38.7,42.07
26,2017,3,26.03,34.4,25.81,25.91,19.07,38.7
26,2017,4,25.37,50.3,26.03,25.81,34.4,19.07
26,2017,5,25.71,43.07,25.37,26.03,50.3,34.4
26,2017,6,25.2,56.73,25.71,25.37,43.07,50.3
26,2017,7,25.44,32.93,25.2,25.71,56.73,43.07
26,2017,8,25.82,29.9,25.44,25.2,32.93,56.73
26,2017,9,26.02,30.03,25.82,25.44,29.9,32.93
26,2017,10,25.61,51.97,26.02,25.82,30.03,29.9
26,2017,11,25.5,57.67,25.61,26.02,51.97,30.03
26,2017,12,25.55,40.83,25.5,25.61,57.67,51.97
26,2018,1,25.71,39.53,25.55,25.5,40.83,57.67
26,2018,2,25.87,46.2,25.71,25.55,39.53,40.83
26,2018,3,25.11,36.37,25.87,25.71,46.2,39.53
26,2018,4,25.07,49.77,25.11,25.87,36.37,46.2
26,2018,5,24.55,73.07,25.07,25.11,49.77,36.37
26,2018,6,24.6,33.73,24.55,25.07,73.07,49.77
26,2018,7,25.03,30.9,24.6,24.55,33.73,73.07
26,2018,8,25.53,58.63,25.03,24.6,30.9,33.73
26,2018,9,25.72,30.67,25.53,25.03,58.63,30.9
26,2018,10,25.27,95.67,25.72,25.53,30.67,58.63
26,2018,11,25.24,22.43,25.27,25.72,95.67,30.67
26,2018,12,25.38,61.1,25.24,25.27,22.43,95.67
26,2019,1,25.74,64.37,25.38,25.24,61.1,22.43
26,2019,2,25.6,59.94,25.74,25.38,64.37,61.1
26,2019,3,25.38,68.97,25.6,25.74,59.94,64.37
26,2019,4,24.86,48.49,25.38,25.6,68.97,59.94
26,2019,5,25.0,38.83,24.86,25.38,48.49,68.97
26,2019,6,24.1,70.26,25.0,24.86,38.83,48.49
26,2019,7,23.94,59.29,24.1,25.0,70.26,38.83
26,2019,8,25.04,18.46,23.94,24.1,59.29,70.26
26,2019,9,25.72,26.37,25.04,23.94,18.46,59.29
26,2019,10,25.51,54.09,25.72,25.04,26.37,18.46
26,2019,11,25.31,76.0,25.51,25.72,54.09,26.37
26,2019,12,25.5,45.63,25.31,25.51,76.0,54.09
26,2020,1,25.48,52.91,25.5,25.31,45.63,76.0
26,2020,2,25.68,41.8,25.48,25.5,52.91,45.63
26,2020,3,25.71,37.06,25.68,25.48,41.8,52.91
26,2020,4,25.79,51.97,25.71,25.68,37.06,41.8
26,2020,5,26.06,33.0,25.79,25.71,51.97,37.06
26,2020,6,26.08,42.23,26.06,25.79,33.0,51.97
26,2020,7,25.9,35.51,26.08,26.06,42.23,33.0
26,2020,8,25.85,12.83,25.9,26.08,35.51,42.23
26,2020,9,26.0,17.77,25.85,25.9,12.83,35.51
26,2020,10,25.85,24.69,26.0,25.85,17.77,12.83
26,2020,11,25.7,23.34,25.85,26.0,24.69,17.77
26,2020,12,25.87,25.46,25.7,25.85,23.34,24.69
26,2021,1,24.96,102.9,25.87,25.7,25.46,23.34
26,2021,2,25.7,8.6,24.96,25.87,102.9,25.46
26,2021,3,25.71,64.1,25.7,24.96,8.6,102.9
26,2021,4,26.04,14.8,25.71,25.7,64.1,8.6
26,2021,5,25.21,83.6,26.04,25.71,14.8,64.1
26,2021,6,25.23,98.8,25.21,26.04,83.6,14.8
26,2021,7,25.13,47.0,25.23,25.21,98.8,83.6
26,2021,8,25.87,44.9,25.13,25.23,47.0,98.8
26,2021,9,25.75,119.6,25.87,25.13,44.9,47.0
26,2021,10,25.47,183.5,25.75,25.87,119.6,44.9
26,2021,11,26.17,26.6,25.47,25.75,183.5,119.6
26,2021,12,25.74,72.0,26.17,25.47,26.6,183.5
26,2022,1,24.35,52.5,25.74,26.17,72.0,26.6
26,2022,2,23.93,124.5,24.35,25.74,52.5,72.0
26,2022,3,24.65,10.9,23.93,24.35,124.5,52.5
26,2022,4,25.03,20.5,24.65,23.93,10.9,124.5
26,2022,5,24.92,23.9,25.03,24.65,20.5,10.9
26,2022,6,25.27,22.8,24.92,25.03,23.9,20.5
26,2022,7,25.47,39.8,25.27,24.92,22.8,23.9
26,2022,8,25.89,76.0,25.47,25.27,39.8,22.8
26,2022,9,26.49,22.6,25.89,25.47,76.0,39.8
26,2022,10,26.4,24.9,26.49,25.89,22.6,76.0
26,2022,11,25.42,44.5,26.4,26.49,24.9,22.6
26,2022,12,25.2,64.4,25.42,26.4,44.5,24.9
26,2023,1,25.38,51.7,25.2,25.42,64.4,44.5
26,2023,2,25.72,19.8,25.38,25.2,51.7,64.4
26,2023,3,26.22,3.5,25.72,25.38,19.8,51.7
26,2023,4,25.75,64.6,26.22,25.72,3.5,19.8
26,2023,5,24.97,137.8,25.75,26.22,64.6,3.5
26,2023,6,25.41,58.6,24.97,25.75,137.8,64.6
26,2023,7,26.07,64.2,25.41,24.97,58.6,137.8
26,2023,8,25.67,79.1,26.07,25.41,64.2,58.6
26,2023,9,27.44,65.93,25.67,26.07,79.1,64.2
26,2023,10,26.16,11.6,27.44,25.67,65.93,79.1
26,2023,11,26.32,33.65,26.16,27.44,11.6,65.93
26,2023,12,26.54,35.08,26.32,26.16,33.65,11.6
26,2024,1,25.69,16.1,26.54,26.32,35.08,33.65
26,2024,2,26.19,9.8,25.69,26.54,16.1,35.08
26,2024,3,26.48,58.1,26.19,25.69,9.8,16.1
26,2024,4,26.05,122.8,26.48,26.19,58.1,9.8
26,2024,5,26.13,39.2,26.05,26.48,122.8,58.1
26,2024,6,25.98,81.1,26.13,26.05,39.2,122.8
26,2024,7,26.1,55.15,25.98,26.13,81.1,39.2
26,2024,8,26.24,37.45,26.1,25.98,55.15,81.1
26,2024,9,25.84,65.7,26.24,26.1,37.45,55.15
26,2024,10,25.5,36.3,25.84,26.24,65.7,37.45
26,2024,11,25.76,24.9,25.5,25.84,36.3,65.7
26,2024,12,25.96,88.9,25.76,25.5,24.9,36.3
26,2025,1,25.1,45.53,25.96,25.76,88.9,24.9
26,2025,2,24.61,29.53,25.1,25.96,45.53,88.9
26,2025,3,24.77,97.8,24.61,25.1,29.53,45.53
26,2025,4,25.33,42.13,24.77,24.61,97.8,29.53
26,2025,5,25.21,76.33,25.33,24.77,42.13,97.8
26,2025,6,25.05,63.07,25.21,25.33,76.33,42.13
26,2025,7,25.38,17.53,25.05,25.21,63.07,76.33
26,2025,8,25.55,110.93,25.38,25.05,17.53,63.07
26,2025,9,25.17,108.93,25.55,25.38,110.93,17.53
26,2025,10,24.91,77.13,25.17,25.55,108.93,110.93
26,2025,11,24.95,39.53,24.91,25.17,77.13,108.93
26,2025,12,25.18,50.2,24.95,24.91,39.53,77.13
27,2016,1,26.17,65.7,26.4,26.68,25.1,24.0
27,2016,2,26.1,50.5,26.17,26.4,65.7,25.1
27,2016,3,26.04,45.3,26.1,26.17,50.5,65.7
27,2016,4,25.89,27.4,26.04,26.1,45.3,50.5
27,2016,5,25.46,98.5,25.89,26.04,27.4,45.3
27,2016,6,25.75,70.8,25.46,25.89,98.5,27.4
27,2016,7,26.23,30.25,25.75,25.46,70.8,98.5
27,2016,8,26.3,63.6,26.23,25.75,30.25,70.8
27,2016,9,26.57,37.45,26.3,26.23,63.6,30.25
27,2016,10,26.16,86.95,26.57,26.3,37.45,63.6
27,2016,11,26.07,57.3,26.16,26.57,86.95,37.45
27,2016,12,26.3,71.95,26.07,26.16,57.3,86.95
27,2017,1,26.3,19.27,26.3,26.07,71.95,57.3
27,2017,2,26.17,42.93,26.3,26.3,19.27,71.95
27,2017,3,26.03,46.6,26.17,26.3,42.93,19.27
27,2017,4,26.11,52.83,26.03,26.17,46.6,42.93
27,2017,5,26.58,30.9,26.11,26.03,52.83,46.6
27,2017,6,26.31,44.63,26.58,26.11,30.9,52.83
27,2017,7,26.53,24.73,26.31,26.58,44.63,30.9
27,2017,8,26.5,35.23,26.53,26.31,24.73,44.63
27,2017,9,26.44,38.9,26.5,26.53,35.23,24.73
27,2017,10,25.99,56.2,26.44,26.5,38.9,35.23
27,2017,11,25.82,39.43,25.99,26.44,56.2,38.9
27,2017,12,26.02,57.77,25.82,25.99,39.43,56.2
27,2018,1,26.55,37.8,26.02,25.82,57.77,39.43
27,2018,2,25.38,38.2,26.55,26.02,37.8,57.77
27,2018,3,24.81,52.86,25.38,26.55,38.2,37.8
27,2018,4,24.96,54.4,24.81,25.38,52.86,38.2
27,2018,5,25.25,24.89,24.96,24.81,54.4,52.86
27,2018,6,25.38,56.74,25.25,24.96,24.89,54.4
27,2018,7,25.4,57.09,25.38,25.25,56.74,24.89
27,2018,8,25.97,21.86,25.4,25.38,57.09,56.74
27,2018,9,25.95,41.43,25.97,25.4,21.86,57.09
27,2018,10,25.18,40.66,25.95,25.97,41.43,21.86
27,2018,11,25.83,39.51,25.18,25.95,40.66,41.43
27,2018,12,26.07,29.11,25.83,25.18,39.51,40.66
27,2019,1,25.95,115.05,26.07,25.83,29.11,39.51
27,2019,2,25.92,70.25,25.95,26.07,115.05,29.11
27,2019,3,25.46,64.25,25.92,25.95,70.25,115.05
27,2019,4,25.65,67.8,25.46,25.92,64.25,70.25
27,2019,5,25.9,32.15,25.65,25.46,67.8,64.25
27,2019,6,25.31,111.95,25.9,25.65,32.15,67.8
27,2019,7,25.42,22.4,25.31,25.9,111.95,32.15
27,2019,8,25.96,52.15,25.42,25.31,22.4,111.95
27,2019,9,25.97,87.05,25.96,25.42,52.15,22.4
27,2019,10,25.98,86.0,25.97,25.96,87.05,52.15
27,2019,11,25.84,112.9,25.98,25.97,86.0,87.05
27,2019,12,26.13,30.15,25.84,25.98,112.9,86.0
27,2020,1,26.47,64.93,26.13,25.84,30.15,112.9
27,2020,2,26.36,33.93,26.47,26.13,64.93,30.15
27,2020,3,26.37,75.73,26.36,26.47,33.93,64.93
27,2020,4,26.41,65.13,26.37,26.36,75.73,33.93
27,2020,5,26.57,56.4,26.41,26.37,65.13,75.73
27,2020,6,26.13,73.27,26.57,26.41,56.4,65.13
27,2020,7,25.91,50.6,26.13,26.57,73.27,56.4
27,2020,8,25.7,25.33,25.91,26.13,50.6,73.27
27,2020,9,26.0,25.2,25.7,25.91,25.33,50.6
27,2020,10,26.15,66.4,26.0,25.7,25.2,25.33
27,2020,11,26.2,61.4,26.15,26.0,66.4,25.2
27,2020,12,26.04,69.6,26.2,26.15,61.4,66.4
27,2021,1,25.51,27.1,26.04,26.2,69.6,61.4
27,2021,2,25.47,29.6,25.51,26.04,27.1,69.6
27,2021,3,25.66,29.3,25.47,25.51,29.6,27.1
27,2021,4,25.68,24.0,25.66,25.47,29.3,29.6
27,2021,5,25.41,27.0,25.68,25.66,24.0,29.3
27,2021,6,25.65,31.6,25.41,25.68,27.0,24.0
27,2021,7,25.59,14.3,25.65,25.41,31.6,27.0
27,2021,8,25.52,27.6,25.59,25.65,14.3,31.6
27,2021,9,26.13,2.7,25.52,25.59,27.6,14.3
27,2021,10,25.58,30.2,26.13,25.52,2.7,27.6
27,2021,11,25.85,18.8,25.58,26.13,30.2,2.7
27,2021,12,25.23,41.8,25.85,25.58,18.8,30.2
27,2022,1,25.12,33.5,25.23,25.85,41.8,18.8
27,2022,2,25.32,71.9,25.12,25.23,33.5,41.8
27,2022,3,27.71,58.27,25.32,25.12,71.9,33.5
27,2022,4,27.05,32.0,27.71,25.32,58.27,71.9
27,2022,5,25.38,37.9,27.05,27.71,32.0,58.27
27,2022,6,25.69,73.6,25.38,27.05,37.9,32.0
27,2022,7,26.32,4.6,25.69,25.38,73.6,37.9
27,2022,8,26.04,54.1,26.32,25.69,4.6,73.6
27,2022,9,25.65,29.9,26.04,26.32,54.1,4.6
27,2022,10,25.16,54.5,25.65,26.04,29.9,54.1
27,2022,11,24.89,62.7,25.16,25.65,54.5,29.9
27,2022,12,25.15,17.1,24.89,25.16,62.7,54.5
27,2023,1,26.35,47.65,25.15,24.89,17.1,62.7
27,2023,2,26.65,15.05,26.35,25.15,47.65,17.1
27,2023,3,27.18,21.65,26.65,26.35,15.05,47.65
27,2023,4,26.69,40.0,27.18,26.65,21.65,15.05
27,2023,5,26.84,7.35,26.69,27.18,40.0,21.65
27,2023,6,27.22,8.95,26.84,26.69,7.35,40.0
27,2023,7,27.28,20.45,27.22,26.84,8.95,7.35
27,2023,8,27.17,47.05,27.28,27.22,20.45,8.95
27,2023,9,27.15,13.9,27.17,27.28,47.05,20.45
27,2023,10,27.16,8.5,27.15,27.17,13.9,47.05
27,2023,11,27.39,10.8,27.16,27.15,8.5,13.9
27,2023,12,27.04,33.9,27.39,27.16,10.8,8.5
27,2024,1,26.5,110.45,27.04,27.39,33.9,10.8
27,2024,2,27.0,17.8,26.5,27.04,110.45,33.9
27,2024,3,27.23,30.75,27.0,26.5,17.8,110.45
27,2024,4,26.86,52.9,27.23,27.0,30.75,17.8
27,2024,5,26.82,50.1,26.86,27.23,52.9,30.75
27,2024,6,27.06,43.1,26.82,26.86,50.1,52.9
27,2024,7,26.87,79.45,27.06,26.82,43.1,50.1
27,2024,8,27.09,14.85,26.87,27.06,79.45,43.1
27,2024,9,26.81,32.7,27.09,26.87,14.85,79.45
27,2024,10,26.47,39.25,26.81,27.09,32.7,14.85
27,2024,11,26.75,82.6,26.47,26.81,39.25,32.7
27,2024,12,26.94,49.85,26.75,26.47,82.6,39.25
27,2025,1,25.32,17.67,26.94,26.75,49.85,82.6
27,2025,2,26.93,49.73,25.32,26.94,17.67,49.85
27,2025,3,26.65,15.2,26.93,25.32,49.73,17.67
27,2025,4,25.64,26.33,26.65,26.93,15.2,49.73
27,2025,5,26.1,44.33,25.64,26.65,26.33,15.2
27,2025,6,26.02,18.0,26.1,25.64,44.33,26.33
27,2025,7,25.91,22.47,26.02,26.1,18.0,44.33
27,2025,8,25.39,15.4,25.91,26.02,22.47,18.0
27,2025,9,25.36,29.07,25.39,25.91,15.4,22.47
27,2025,10,25.08,23.27,25.36,25.39,29.07,15.4
27,2025,11,26.65,33.07,25.08,25.36,23.27,29.07
27,2025,12,25.86,12.93,26.65,25.08,33.07,23.27
