Term,Coef,SE,IRR,IRR_CI_L,IRR_CI_U,z,p_value,Significant,Virus,Location_Name,Model,Spec,AIC,n,dispersion,alpha,overdispersion
Intercept,-6.721188908536012,0.23279722242283993,0.0012051046027616026,0.0007635961832526056,0.0019018915173345903,-28.871430846919722,2.7277373047038696e-183,True,Dengue,Acre,poisson,lagged,79020.63023188504,120,999.1395528101756,,999.1395528101756
Temp_Avg,-0.3014690921801009,0.009725567937615033,0.739730689464237,0.7257634052630462,0.7539667734237819,-30.99758226089047,5.810478920934106e-211,True,Dengue,Acre,poisson,lagged,79020.63023188504,120,999.1395528101756,,999.1395528101756
Temp_Lag1,0.035680020683584,0.011533808012901138,1.0363241911260632,1.01315959219409,1.0600184190008144,3.0935160914482123,0.001977998259860423,True,Dengue,Acre,poisson,lagged,79020.63023188504,120,999.1395528101756,,999.1395528101756
Temp_Lag2,0.25568687984131616,0.009284583335573908,1.2913483174383955,1.2680611704149238,1.3150631182920964,27.538864222549563,6.01637745245275e-167,True,Dengue,Acre,poisson,lagged,79020.63023188504,120,999.1395528101756,,999.1395528101756
Rain_mm,-0.0025303232514647875,0.0001406656673209158,0.99747287531804,0.9971979052572753,0.9977479211997966,-17.98820778130663,2.4102787020193015e-72,True,Dengue,Acre,poisson,lagged,79020.63023188504,120,999.1395528101756,,999.1395528101756
Rain_Lag1,-0.0024873840828524268,0.00013946370715768673,0.997515706893589,0.9972430743698567,0.997788413951299,-17.835350382877955,3.75687242381101e-71,True,Dengue,Acre,poisson,lagged,79020.63023188504,120,999.1395528101756,,999.1395528101756
Rain_Lag2,-0.001647804268272022,0.00013514502265932348,0.9983535526157858,0.9980891395103237,0.9986180357693905,-12.192859461985831,3.3930303282756912e-34,True,Dengue,Acre,poisson,lagged,79020.63023188504,120,999.1395528101756,,999.1395528101756
Intercept,-14.948139672672452,0.1818749871215708,3.2218508040115517e-07,2.25574659750848e-07,4.601723710799418e-07,-82.18908993066023,0.0,True,Dengue,Alagoas,poisson,lagged,109820.5703408352,120,1187.0704535489006,,1187.0704535489006
Temp_Avg,0.37268567160048305,0.010681360044844221,1.4516279802134238,1.421553383734293,1.4823388393638912,34.891218911806504,1.0102621715475686e-266,True,Dengue,Alagoas,poisson,lagged,109820.5703408352,120,1187.0704535489006,,1187.0704535489006
Temp_Lag1,0.2656126056346664,0.012739447440716516,1.30422970956796,1.2720671935629808,1.337205411732448,20.849617447750724,1.5364595792880875e-96,True,Dengue,Alagoas,poisson,lagged,109820.5703408352,120,1187.0704535489006,,1187.0704535489006
Temp_Lag2,-0.4268305894402995,0.009915028196292938,0.652574095806828,0.6400147572411019,0.665379892729059,-43.048852811118,0.0,True,Dengue,Alagoas,poisson,lagged,109820.5703408352,120,1187.0704535489006,,1187.0704535489006
Rain_mm,0.031209092749513556,0.0003037165982421322,1.031701202576344,1.0310872295706799,1.032315541179448,102.7572840277656,0.0,True,Dengue,Alagoas,poisson,lagged,109820.5703408352,120,1187.0704535489006,,1187.0704535489006
Rain_Lag1,0.02431405603903844,0.0002772350371284267,1.0246120529694616,1.024055449820181,1.0251689586483226,87.70195964724027,0.0,True,Dengue,Alagoas,poisson,lagged,109820.5703408352,120,1187.0704535489006,,1187.0704535489006
Rain_Lag2,0.011052275636959664,0.0002885428986281668,1.0111135776694984,1.010541910036974,1.0116855686967074,38.3037520226837,0.0,True,Dengue,Alagoas,poisson,lagged,109820.5703408352,120,1187.0704535489006,,1187.0704535489006
Intercept,-86.91237342742689,0.7274079605745234,1.796535532921429e-38,4.3177118458221003e-39,7.475116534634686e-38,-119.48229623275158,0.0,True,Dengue,Amapa,poisson,lagged,22472.851907763965,120,221.7925435526017,,221.7925435526017
Temp_Avg,1.2663185923354794,0.03626023667361148,3.547767712551401,3.304378900643917,3.8090836797709446,34.92306472607906,3.3209065444469647e-267,True,Dengue,Amapa,poisson,lagged,22472.851907763965,120,221.7925435526017,,221.7925435526017
Temp_Lag1,0.42791126242667676,0.04696549263885736,1.534049947057914,1.3991415876027646,1.6819664720998382,9.111184369279673,8.148747042142646e-20,True,Dengue,Amapa,poisson,lagged,22472.851907763965,120,221.7925435526017,,221.7925435526017
Temp_Lag2,1.2069296790087911,0.03524009021944712,3.343204168495665,3.1200814341774517,3.58228281794619,34.248768135751,4.549497648708611e-257,True,Dengue,Amapa,poisson,lagged,22472.851907763965,120,221.7925435526017,,221.7925435526017
Rain_mm,0.008476674002604493,0.00029255536832658154,1.0085127027329932,1.0079345787212395,1.009091158341043,28.974597359437016,1.3752184268892122e-184,True,Dengue,Amapa,poisson,lagged,22472.851907763965,120,221.7925435526017,,221.7925435526017
Rain_Lag1,0.0019730356587134915,0.0003356947609380631,1.001974983374329,1.001315939016169,1.0026344615011418,5.877469321237109,4.165858886452962e-09,True,Dengue,Amapa,poisson,lagged,22472.851907763965,120,221.7925435526017,,221.7925435526017
Rain_Lag2,0.00323865739971798,0.0003131343755685917,1.0032439075168413,1.0026283621267507,1.0038598308097937,10.342707963113925,4.515929280827674e-25,True,Dengue,Amapa,poisson,lagged,22472.851907763965,120,221.7925435526017,,221.7925435526017
Intercept,-19.95904499972228,0.3456102269326134,2.1473206103850216e-09,1.090705563111702e-09,4.227525704214344e-09,-57.75015738644177,0.0,True,Dengue,Amazonas,poisson,lagged,29015.81667418591,120,293.0133433070684,,293.0133433070684
Temp_Avg,0.6615339643524969,0.021040289389809223,1.9377625143651662,1.859476501210896,2.0193444550837802,31.441295891724195,5.520668373289529e-217,True,Dengue,Amazonas,poisson,lagged,29015.81667418591,120,293.0133433070684,,293.0133433070684
Temp_Lag1,-0.05475889835697867,0.026039794572007634,0.9467133745895536,0.8996073436256786,0.9962860129782041,-2.102892870585224,0.035475135193567646,True,Dengue,Amazonas,poisson,lagged,29015.81667418591,120,293.0133433070684,,293.0133433070684
Temp_Lag2,-0.222638052065248,0.019389536010249182,0.8004045016281905,0.7705570819691286,0.8314080568690936,-11.48238162829492,1.617622907659846e-30,True,Dengue,Amazonas,poisson,lagged,29015.81667418591,120,293.0133433070684,,293.0133433070684
Rain_mm,0.0005642743477620605,0.00028611440972126133,1.0005644335804806,1.0000034901107988,1.0011256917066407,1.972198283587983,0.04858697554658344,True,Dengue,Amazonas,poisson,lagged,29015.81667418591,120,293.0133433070684,,293.0133433070684
Rain_Lag1,0.006560326981649309,0.00027146584272171514,1.0065818930610866,1.0060464604186967,1.0071176106685609,24.16630731835543,5.031994910577076e-129,True,Dengue,Amazonas,poisson,lagged,29015.81667418591,120,293.0133433070684,,293.0133433070684
Rain_Lag2,0.0024891595715865675,0.0002611182008167586,1.0024922601013104,1.0019793241791044,1.0030054586070387,9.53269271847255,1.532554824755892e-21,True,Dengue,Amazonas,poisson,lagged,29015.81667418591,120,293.0133433070684,,293.0133433070684
Intercept,-33.66986206519362,0.11258199261643105,2.3843208615356573e-15,1.9121984941806745e-15,2.973010379442853e-15,-299.0696938533276,0.0,True,Dengue,Bahia,poisson,lagged,987153.3291657662,120,17017.77340090936,,17017.77340090936
Temp_Avg,0.2649168481569759,0.006699218818763527,1.3033225975964633,1.2863212230570231,1.3205486801878654,39.54443873589899,0.0,True,Dengue,Bahia,poisson,lagged,987153.3291657662,120,17017.77340090936,,17017.77340090936
Temp_Lag1,0.4792224873519073,0.008343971658842228,1.6148183722577854,1.5886241114512747,1.6414445409613583,57.43337908441579,0.0,True,Dengue,Bahia,poisson,lagged,987153.3291657662,120,17017.77340090936,,17017.77340090936
Temp_Lag2,0.2617137365367823,0.0063378058041174724,1.2991545887017237,1.2831161828696027,1.3153934677763073,41.294060535391466,0.0,True,Dengue,Bahia,poisson,lagged,987153.3291657662,120,17017.77340090936,,17017.77340090936
Rain_mm,0.01712887034479696,0.00017690214411083196,1.0172764106401542,1.0169237533605362,1.0176291902171977,96.82681027351174,0.0,True,Dengue,Bahia,poisson,lagged,987153.3291657662,120,17017.77340090936,,17017.77340090936
Rain_Lag1,0.017869593648542362,0.00021641829510471954,1.0180302101278236,1.017598473790842,1.0184621296375098,82.56969975618605,0.0,True,Dengue,Bahia,poisson,lagged,987153.3291657662,120,17017.77340090936,,17017.77340090936
Rain_Lag2,-0.021143732092466894,0.00019974348327885414,0.9790782294930146,0.9786949981028383,0.9794616109465902,-105.85442761578834,0.0,True,Dengue,Bahia,poisson,lagged,987153.3291657662,120,17017.77340090936,,17017.77340090936
Intercept,-2.8569655453865717,0.08933846837745377,0.05744280364908637,0.04821577914205577,0.06843559825811003,-31.97911937907792,2.1279790312980967e-224,True,Dengue,Ceara,poisson,lagged,282875.6960637794,120,3376.7930826828133,,3376.7930826828133
Temp_Avg,-0.2133006919165129,0.007238079725449138,0.8079131677300581,0.796532514951474,0.819456424363771,-29.46923769940613,7.138345226972605e-191,True,Dengue,Ceara,poisson,lagged,282875.6960637794,120,3376.7930826828133,,3376.7930826828133
Temp_Lag1,0.012266258578035094,0.009726250496181798,1.0123417976725035,0.9932258562661155,1.0318256505801349,1.2611497701864063,0.20725489185829682,False,Dengue,Ceara,poisson,lagged,282875.6960637794,120,3376.7930826828133,,3376.7930826828133
Temp_Lag2,0.01156813233769105,0.007113903084151838,1.0116353019396505,0.9976277006530611,1.0258395827026374,1.6261301567998903,0.10392196997424061,False,Dengue,Ceara,poisson,lagged,282875.6960637794,120,3376.7930826828133,,3376.7930826828133
Rain_mm,-0.016101184902972934,0.0002502860051641533,0.9840277462656594,0.9835451394370545,0.9845105899002244,-64.33114345491576,0.0,True,Dengue,Ceara,poisson,lagged,282875.6960637794,120,3376.7930826828133,,3376.7930826828133
Rain_Lag1,-0.006365026512060196,0.0002330922156833237,0.9936551873591755,0.9932013289951805,0.9941092531206118,-27.30690294997944,3.51209736365706e-164,True,Dengue,Ceara,poisson,lagged,282875.6960637794,120,3376.7930826828133,,3376.7930826828133
Rain_Lag2,-0.0001379021593725313,0.00021655555257782557,0.9998621073486932,0.999437807047287,1.000286587782114,-0.6367980766642874,0.5242563790684985,False,Dengue,Ceara,poisson,lagged,282875.6960637794,120,3376.7930826828133,,3376.7930826828133
Intercept,-46.04745978217626,0.08563916118002679,1.0042510880526385e-20,8.490725199758205e-21,1.1877904703400701e-20,-537.6916255097053,0.0,True,Dengue,Distrito Federal,poisson,lagged,923475.2946590099,120,14247.319189907243,,14247.319189907243
Temp_Avg,0.46977368560106814,0.004603418128750567,1.599632132464554,1.5852640492939536,1.614130441141807,102.04888464662916,0.0,True,Dengue,Distrito Federal,poisson,lagged,923475.2946590099,120,14247.319189907243,,14247.319189907243
Temp_Lag1,-0.1175374665005533,0.005403163768361545,0.8891071993870254,0.8797410576452573,0.8985730575287098,-21.75345252142808,6.407187864898368e-105,True,Dengue,Distrito Federal,poisson,lagged,923475.2946590099,120,14247.319189907243,,14247.319189907243
Temp_Lag2,1.3856130207848663,0.004113738120531704,3.9972755668983795,3.965175411442871,4.029635589793117,336.8257726152424,0.0,True,Dengue,Distrito Federal,poisson,lagged,923475.2946590099,120,14247.319189907243,,14247.319189907243
Rain_mm,0.018565118251209163,5.622146198248433e-05,1.0187385214806577,1.018626268726216,1.018850786605368,330.21407833529986,0.0,True,Dengue,Distrito Federal,poisson,lagged,923475.2946590099,120,14247.319189907243,,14247.319189907243
Rain_Lag1,0.005404699633830318,5.837762088952409e-05,1.005419331371068,1.0053042977346947,1.0055343781703587,92.58170428113824,0.0,True,Dengue,Distrito Federal,poisson,lagged,923475.2946590099,120,14247.319189907243,,14247.319189907243
Rain_Lag2,0.0010263569084238864,6.308474548608815e-05,1.0010268837929175,1.0009031183733008,1.0011506645165917,16.269494320940474,1.6249412895216988e-59,True,Dengue,Distrito Federal,poisson,lagged,923475.2946590099,120,14247.319189907243,,14247.319189907243
Intercept,-25.07020618332526,0.07007593857050819,1.2946363431426857e-11,1.1284906140061477e-11,1.485243421773586e-11,-357.75769393513605,0.0,True,Dengue,Espirito Santo,poisson,lagged,624734.4024567979,120,8288.017546772855,,8288.017546772855
Temp_Avg,0.3262684775207353,0.004100896796531375,1.3857873716911708,1.3746933936259904,1.3969708797925624,79.56027515657064,0.0,True,Dengue,Espirito Santo,poisson,lagged,624734.4024567979,120,8288.017546772855,,8288.017546772855
Temp_Lag1,0.030272410327761623,0.005187093298797656,1.0307352786479955,1.0203091886213598,1.0412679082946366,5.8361029162090885,5.343589680787597e-09,True,Dengue,Espirito Santo,poisson,lagged,624734.4024567979,120,8288.017546772855,,8288.017546772855
Temp_Lag2,0.43396716290399817,0.003956657926918889,1.5433681875550493,1.5314455807630978,1.5553836141993689,109.68023289340435,0.0,True,Dengue,Espirito Santo,poisson,lagged,624734.4024567979,120,8288.017546772855,,8288.017546772855
Rain_mm,-0.005653568650634602,9.767343709444514e-05,0.9943623826937784,0.9941720402423283,0.9945527615878635,-57.88235592823354,0.0,True,Dengue,Espirito Santo,poisson,lagged,624734.4024567979,120,8288.017546772855,,8288.017546772855
Rain_Lag1,-0.0024375742427606116,0.0001071702837519261,0.9975653942288873,0.9973558738768594,0.9977749585960748,-22.744870662123287,1.612966651007821e-114,True,Dengue,Espirito Santo,poisson,lagged,624734.4024567979,120,8288.017546772855,,8288.017546772855
Rain_Lag2,-0.0033583333205727366,9.663777927252695e-05,0.9966472995732972,0.996458542437883,0.9968360924645956,-34.751764225685946,1.3035067540631597e-264,True,Dengue,Espirito Santo,poisson,lagged,624734.4024567979,120,8288.017546772855,,8288.017546772855
Intercept,-14.930642297827381,0.05737186995302526,3.278720822310597e-07,2.930006050438766e-07,3.6689378948699683e-07,-260.243257018679,0.0,True,Dengue,Goias,poisson,lagged,1218566.1327568283,120,15285.200193894932,,15285.200193894932
Temp_Avg,-0.1373403419092667,0.0033374347032318957,0.871673508616091,0.8659901765778754,0.8773941393026404,-41.15146935347362,0.0,True,Dengue,Goias,poisson,lagged,1218566.1327568283,120,15285.200193894932,,15285.200193894932
Temp_Lag1,-0.2746273709183864,0.004585742566085633,0.7598552146284343,0.75305619459698,0.7667156200833399,-59.88721934576606,0.0,True,Dengue,Goias,poisson,lagged,1218566.1327568283,120,15285.200193894932,,15285.200193894932
Temp_Lag2,0.7524427142855588,0.003369562441424351,2.122177563855618,2.108208156771055,2.136239535013452,223.305763690639,0.0,True,Dengue,Goias,poisson,lagged,1218566.1327568283,120,15285.200193894932,,15285.200193894932
Rain_mm,0.0029270749339317947,8.291319749930654e-05,1.0029313630005763,1.0027683900007849,1.0030943624872404,35.30288328292099,5.303619834008564e-273,True,Dengue,Goias,poisson,lagged,1218566.1327568283,120,15285.200193894932,,15285.200193894932
Rain_Lag1,-0.0020621349786497933,8.756500601629152e-05,0.9979399897609345,0.9977687306001717,0.9981112783169861,-23.549761171330612,1.2624491791706292e-122,True,Dengue,Goias,poisson,lagged,1218566.1327568283,120,15285.200193894932,,15285.200193894932
Rain_Lag2,0.002903493468821572,8.046610401777063e-05,1.0029077126884873,1.0027495530111727,1.0030658973116955,36.08343543239457,4.125566606335855e-285,True,Dengue,Goias,poisson,lagged,1218566.1327568283,120,15285.200193894932,,15285.200193894932
Intercept,-76.18686022626959,0.3627268242011736,8.174609397569315e-34,4.015204821194396e-34,1.6642797012519648e-33,-210.0392227513211,0.0,True,Dengue,Maranhao,poisson,lagged,65578.28358895677,120,624.8848618149619,,624.8848618149619
Temp_Avg,2.3651156138017178,0.02272188750637486,10.64526948644312,10.181585181644193,11.130070653762084,104.08975104458906,0.0,True,Dengue,Maranhao,poisson,lagged,65578.28358895677,120,624.8848618149619,,624.8848618149619
Temp_Lag1,-0.19660568818999824,0.027564367900762485,0.8215145023261281,0.7783088537898144,0.8671185921192177,-7.132602818893581,9.848845331259866e-13,True,Dengue,Maranhao,poisson,lagged,65578.28358895677,120,624.8848618149619,,624.8848618149619
Temp_Lag2,0.2412653574876561,0.020971901705295695,1.2728587530991387,1.2215987237010724,1.3262697266353338,11.504219353971761,1.2562082808228366e-30,True,Dengue,Maranhao,poisson,lagged,65578.28358895677,120,624.8848618149619,,624.8848618149619
Rain_mm,0.016914985465461337,0.00030394776893691067,1.0170588538646952,1.0164531340794043,1.017664934607561,55.65096109974184,0.0,True,Dengue,Maranhao,poisson,lagged,65578.28358895677,120,624.8848618149619,,624.8848618149619
Rain_Lag1,0.010510621640521182,0.0003191808205902818,1.010566052257351,1.0099340454963435,1.0111984545219537,32.92999128545133,8.182468293002704e-238,True,Dengue,Maranhao,poisson,lagged,65578.28358895677,120,624.8848618149619,,624.8848618149619
Rain_Lag2,-0.0018540722161523165,0.0003217840561999776,0.9981476455139765,0.9975183155168321,0.998777372552698,-5.761852336773563,8.319577120969972e-09,True,Dengue,Maranhao,poisson,lagged,65578.28358895677,120,624.8848618149619,,624.8848618149619
Intercept,-12.079062824706961,0.11303710445878411,5.677140842830229e-06,4.548943501453471e-06,7.085145845190882e-06,-106.859273178846,0.0,True,Dengue,Mato Grosso,poisson,lagged,214596.99297611363,120,2259.507812620311,,2259.507812620311
Temp_Avg,0.028161295489004923,0.0064230138656330635,1.0285615733844453,1.015694066652456,1.0415920944875274,4.384436353109024,1.1628647466494987e-05,True,Dengue,Mato Grosso,poisson,lagged,214596.99297611363,120,2259.507812620311,,2259.507812620311
Temp_Lag1,0.09293935660380903,0.008835877947923182,1.0973951834792492,1.0785537634636575,1.1165657471316535,10.518406563736415,7.106523150667981e-26,True,Dengue,Mato Grosso,poisson,lagged,214596.99297611363,120,2259.507812620311,,2259.507812620311
Temp_Lag2,0.08544260547432847,0.006391009061175732,1.0891990454874712,1.0756404242834856,1.1029285753006937,13.369188598616992,9.153388845131431e-41,True,Dengue,Mato Grosso,poisson,lagged,214596.99297611363,120,2259.507812620311,,2259.507812620311
Rain_mm,-0.01295787243628597,0.00022739377472542614,0.9871257193459938,0.9866858635361752,0.9875657712396326,-56.98428838666479,0.0,True,Dengue,Mato Grosso,poisson,lagged,214596.99297611363,120,2259.507812620311,,2259.507812620311
Rain_Lag1,-0.007912021781253047,0.00024124915995318245,0.9921191958772271,0.9916501848432588,0.9925884287347307,-32.796059405091725,6.7012789499435785e-236,True,Dengue,Mato Grosso,poisson,lagged,214596.99297611363,120,2259.507812620311,,2259.507812620311
Rain_Lag2,-0.00017417679801386143,0.0002145897564670524,0.9998258383698839,0.9994054041215433,1.000246449488348,-0.8116734036212214,0.4169790594092597,False,Dengue,Mato Grosso,poisson,lagged,214596.99297611363,120,2259.507812620311,,2259.507812620311
Intercept,-11.186372675098855,0.05938019378137887,1.3861814241706393e-05,1.2338848541401428e-05,1.557275733038134e-05,-188.3855872260021,0.0,True,Dengue,Mato Grosso do Sul,poisson,lagged,484883.60054279654,120,5635.6481219842735,,5635.6481219842735
Temp_Avg,-0.3776523466494599,0.0037707022788469754,0.6854687647595745,0.6804214297698177,0.6905535406490212,-100.15437940248637,0.0,True,Dengue,Mato Grosso do Sul,poisson,lagged,484883.60054279654,120,5635.6481219842735,,5635.6481219842735
Temp_Lag1,0.165861882249821,0.005162284805541393,1.1804100548826348,1.1685267928836107,1.1924141629902782,32.12954892991928,1.7052981124441257e-226,True,Dengue,Mato Grosso do Sul,poisson,lagged,484883.60054279654,120,5635.6481219842735,,5635.6481219842735
Temp_Lag2,0.35785231586418786,0.003766240209358408,1.43025437899982,1.4197353557495918,1.4408513392047708,95.01579718016691,0.0,True,Dengue,Mato Grosso do Sul,poisson,lagged,484883.60054279654,120,5635.6481219842735,,5635.6481219842735
Rain_mm,0.003235980955270768,0.0001355057900324902,1.0032412223938492,1.002974805585325,1.0035077099697698,23.880757822192525,4.8540547666749795e-126,True,Dengue,Mato Grosso do Sul,poisson,lagged,484883.60054279654,120,5635.6481219842735,,5635.6481219842735
Rain_Lag1,-0.0021123035461127673,0.00014061292117113552,0.9978899257970633,0.9976149439052425,0.9981649834847021,-15.022115524802658,5.260174338129851e-51,True,Dengue,Mato Grosso do Sul,poisson,lagged,484883.60054279654,120,5635.6481219842735,,5635.6481219842735
Rain_Lag2,0.015447950925544643,0.00013770445909437514,1.015567887314065,1.0152938217768457,1.0158420268317587,112.18192226409646,0.0,True,Dengue,Mato Grosso do Sul,poisson,lagged,484883.60054279654,120,5635.6481219842735,,5635.6481219842735
Intercept,-61.242215991595565,0.03762772648224698,2.5283869222076027e-27,2.3486276417511287e-27,2.7219046198502672e-27,-1627.5821506380425,0.0,True,Dengue,Minas Gerais,poisson,lagged,6795831.370662656,120,88612.81135449451,,88612.81135449451
Temp_Avg,1.5185212051923955,0.0022305786738934783,4.5654688091499045,4.545552448153368,4.58547243378268,680.7745554842119,0.0,True,Dengue,Minas Gerais,poisson,lagged,6795831.370662656,120,88612.81135449451,,88612.81135449451
Temp_Lag1,-0.8470359308395232,0.002872524711614822,0.42868369879466556,0.42627692753620183,0.4311040587498576,-294.8750718887123,0.0,True,Dengue,Minas Gerais,poisson,lagged,6795831.370662656,120,88612.81135449451,,88612.81135449451
Temp_Lag2,1.7089799477578962,0.0019292192902803612,5.523324523554841,5.502478779817313,5.5442492398880585,885.8401719119971,0.0,True,Dengue,Minas Gerais,poisson,lagged,6795831.370662656,120,88612.81135449451,,88612.81135449451
Rain_mm,0.028995041029782592,5.821186257345158e-05,1.0294194896018831,1.0293020444272951,1.0295369481771726,498.09505739825323,0.0,True,Dengue,Minas Gerais,poisson,lagged,6795831.370662656,120,88612.81135449451,,88612.81135449451
Rain_Lag1,0.0020619246942909925,7.128712068355038e-05,1.0020640519228239,1.0019240505521763,1.0022040728562156,28.92422466386393,5.921609812647457e-184,True,Dengue,Minas Gerais,poisson,lagged,6795831.370662656,120,88612.81135449451,,88612.81135449451
Rain_Lag2,-0.002771511258804739,6.56183646126862e-05,0.9972323258328579,0.9971040780415912,0.9973605901193897,-42.23682310834236,0.0,True,Dengue,Minas Gerais,poisson,lagged,6795831.370662656,120,88612.81135449451,,88612.81135449451
Intercept,-38.106021252660284,0.265005565750311,2.823353402343046e-17,1.679530717156335e-17,4.746161742143393e-17,-143.79328654766402,0.0,True,Dengue,Para,poisson,lagged,60530.95141991015,120,604.2005341762471,,604.2005341762471
Temp_Avg,0.17965542661252487,0.016464222639050848,1.196804904944592,1.1588006527834267,1.236055551970016,10.911868148964846,1.0115591241345652e-27,True,Dengue,Para,poisson,lagged,60530.95141991015,120,604.2005341762471,,604.2005341762471
Temp_Lag1,-0.039597810827513236,0.02011828669392574,0.9611759359789995,0.9240125245286712,0.9998340448646584,-1.9682496541551373,0.049039319610858376,True,Dengue,Para,poisson,lagged,60530.95141991015,120,604.2005341762471,,604.2005341762471
Temp_Lag2,0.9179188491586079,0.017710930854874636,2.5040736084674617,2.4186400627816833,2.5925249205587333,51.827815075341796,0.0,True,Dengue,Para,poisson,lagged,60530.95141991015,120,604.2005341762471,,604.2005341762471
Rain_mm,0.006953357313049805,0.0003260590380941662,1.006977588031067,1.0063342586993167,1.0076213286303712,21.32545490440191,6.590974703582098e-101,True,Dengue,Para,poisson,lagged,60530.95141991015,120,604.2005341762471,,604.2005341762471
Rain_Lag1,0.006599636602640846,0.0003634788632562795,1.0066214621915184,1.0059045817566854,1.007338853527253,18.15686486833655,1.1331372789558722e-73,True,Dengue,Para,poisson,lagged,60530.95141991015,120,604.2005341762471,,604.2005341762471
Rain_Lag2,-0.004267623549288342,0.00033846923299185876,0.9957414698158055,0.9950811142908198,0.9964022635657892,-12.608601117345847,1.8932358798275345e-36,True,Dengue,Para,poisson,lagged,60530.95141991015,120,604.2005341762471,,604.2005341762471
Intercept,33.19472892839635,0.3092189897848145,260787998890044.78,142257471092661.75,478079497988364.44,107.35022758950402,0.0,True,Dengue,Paraiba,poisson,lagged,132105.71722625187,120,1393.603435154154,,1393.603435154154
Temp_Avg,-0.6816177104229488,0.016835684435051682,0.5057980953243232,0.48938016798458234,0.5227668180492614,-40.48648648960356,0.0,True,Dengue,Paraiba,poisson,lagged,132105.71722625187,120,1393.603435154154,,1393.603435154154
Temp_Lag1,-0.44078246373765106,0.019089024103926086,0.6435326830419936,0.6199000950262866,0.6680662214218015,-23.090885177676228,5.7170659250786055e-118,True,Dengue,Paraiba,poisson,lagged,132105.71722625187,120,1393.603435154154,,1393.603435154154
Temp_Lag2,-0.4599955634777445,0.01661101212403034,0.6312864462170815,0.6110642638194216,0.652177848998156,-27.69220563100375,8.666909100920584e-169,True,Dengue,Paraiba,poisson,lagged,132105.71722625187,120,1393.603435154154,,1393.603435154154
Rain_mm,-0.005076574402284359,0.00028360509379594565,0.9949362896239452,0.994383392067164,0.9954894946031058,-17.900152406772225,1.175996608894477e-71,True,Dengue,Paraiba,poisson,lagged,132105.71722625187,120,1393.603435154154,,1393.603435154154
Rain_Lag1,-0.0005407854095381831,0.00026880569199201593,0.9994593607885363,0.9989329251638427,0.999986073843736,-2.0118078807432602,0.044240192892108524,True,Dengue,Paraiba,poisson,lagged,132105.71722625187,120,1393.603435154154,,1393.603435154154
Rain_Lag2,-0.0044823429009504395,0.0002636621708710921,0.9955276878053723,0.9950133540519607,0.9960422874237682,-17.000326160334605,8.166429111946974e-65,True,Dengue,Paraiba,poisson,lagged,132105.71722625187,120,1393.603435154154,,1393.603435154154
Intercept,-27.94110976685532,0.02578932610926814,7.333819383538721e-13,6.972329331838721e-13,7.714051386638141e-13,-1083.4369866226893,0.0,True,Dengue,Parana,poisson,lagged,3142715.306274448,120,39988.60744286191,,39988.60744286191
Temp_Avg,-0.017562359083759138,0.0015715011512953158,0.9825909602825614,0.9795690966189882,0.9856221460654551,-11.175530523336427,5.372835994608133e-29,True,Dengue,Parana,poisson,lagged,3142715.306274448,120,39988.60744286191,,39988.60744286191
Temp_Lag1,0.33324432345211774,0.002147206236909439,1.395488207318296,1.3896276022922158,1.4013735288160518,155.19902919608217,0.0,True,Dengue,Parana,poisson,lagged,3142715.306274448,120,39988.60744286191,,39988.60744286191
Temp_Lag2,0.6616675487212834,0.0017346491955637497,1.938021386437752,1.9314434719523574,1.9446217033178352,381.4417061463807,0.0,True,Dengue,Parana,poisson,lagged,3142715.306274448,120,39988.60744286191,,39988.60744286191
Rain_mm,-0.001492008469617492,4.089510085657801e-05,0.9985091040216683,0.9984290723333473,0.9985891421251382,-36.48379484012206,2.0041292648573194e-291,True,Dengue,Parana,poisson,lagged,3142715.306274448,120,39988.60744286191,,39988.60744286191
Rain_Lag1,0.007060486206935748,4.06968252100411e-05,1.0070854702047864,1.007005142453081,1.0071658043641531,173.48985259896193,0.0,True,Dengue,Parana,poisson,lagged,3142715.306274448,120,39988.60744286191,,39988.60744286191
Rain_Lag2,0.004157313771372705,3.651993797004215e-05,1.0041659673880472,1.0040940926859125,1.0042378472350906,113.83682455274187,0.0,True,Dengue,Parana,poisson,lagged,3142715.306274448,120,39988.60744286191,,39988.60744286191
Intercept,-20.449140170343977,0.1572851448899568,1.3153800911998266e-09,9.66423420426993e-10,1.7903382179628905e-09,-130.013169296128,0.0,True,Dengue,Pernambuco,poisson,lagged,237660.33515115507,120,3387.6279187184455,,3387.6279187184455
Temp_Avg,0.19990238996705012,0.009966669785863032,1.2212835428151023,1.1976576814738673,1.245375464978849,20.057089706192187,1.750331088396688e-89,True,Dengue,Pernambuco,poisson,lagged,237660.33515115507,120,3387.6279187184455,,3387.6279187184455
Temp_Lag1,-0.35540224569861234,0.012821856070480578,0.7008914559249486,0.6834969510646125,0.7187286383990839,-27.718471003339804,4.1823597636557634e-169,True,Dengue,Pernambuco,poisson,lagged,237660.33515115507,120,3387.6279187184455,,3387.6279187184455
Temp_Lag2,0.6365761421438856,0.01059663710712056,1.8899987017071582,1.85114938139902,1.9296633369237366,60.0734115652719,0.0,True,Dengue,Pernambuco,poisson,lagged,237660.33515115507,120,3387.6279187184455,,3387.6279187184455
Rain_mm,-0.021235486470902037,0.00033001547142133943,0.9789883988998662,0.9783553642716954,0.9796218431264866,-64.3469422189305,0.0,True,Dengue,Pernambuco,poisson,lagged,237660.33515115507,120,3387.6279187184455,,3387.6279187184455
Rain_Lag1,0.0010623012238580379,0.0003121541137510889,1.0010628656656546,1.0004505806418809,1.001675525413535,3.403130623821011,0.0006661842301115509,True,Dengue,Pernambuco,poisson,lagged,237660.33515115507,120,3387.6279187184455,,3387.6279187184455
Rain_Lag2,0.0030460589895137113,0.0003036598228531855,1.0030507029412508,1.0024538916123529,1.003647869582014,10.031155787726421,1.1120713454713975e-23,True,Dengue,Pernambuco,poisson,lagged,237660.33515115507,120,3387.6279187184455,,3387.6279187184455
Intercept,1.559432495794419,0.2820741319286527,4.756121360238108,2.7361920669752497,8.267215838513653,5.52844915317814,3.23074033232601e-08,True,Dengue,Piaui,poisson,lagged,144086.9466350217,120,2217.2794194292164,,2217.2794194292164
Temp_Avg,-0.21998295932559975,0.014893458191004755,0.8025324735405348,0.7794442311898969,0.8263046223382421,-14.770441928555147,2.272181794673355e-49,True,Dengue,Piaui,poisson,lagged,144086.9466350217,120,2217.2794194292164,,2217.2794194292164
Temp_Lag1,-0.12560733595303075,0.017107515652821207,0.8819610932118352,0.852878596763965,0.9120352801568636,-7.3422312451496605,2.100620418758072e-13,True,Dengue,Piaui,poisson,lagged,144086.9466350217,120,2217.2794194292164,,2217.2794194292164
Temp_Lag2,-0.007346614985315858,0.013021935193330952,0.9926803054255835,0.9676647271369317,1.0183425737707874,-0.5641722890065026,0.5726368848405607,False,Dengue,Piaui,poisson,lagged,144086.9466350217,120,2217.2794194292164,,2217.2794194292164
Rain_mm,0.0008173611056267877,0.00035841641287070964,1.0008176952362442,1.0001148715336297,1.0015210128432803,2.280479007867398,0.022579294427230934,True,Dengue,Piaui,poisson,lagged,144086.9466350217,120,2217.2794194292164,,2217.2794194292164
Rain_Lag1,0.0004627929507285411,0.00037015200211376636,1.000462900055908,0.9997373295305155,1.0011889971722077,1.2502781238133125,0.2111979668732561,False,Dengue,Piaui,poisson,lagged,144086.9466350217,120,2217.2794194292164,,2217.2794194292164
Rain_Lag2,-0.009440886361471966,0.00039777493003110187,0.9906035388916636,0.9898315268594524,0.9913761530491475,-23.734241775201333,1.5983273127208996e-124,True,Dengue,Piaui,poisson,lagged,144086.9466350217,120,2217.2794194292164,,2217.2794194292164
Intercept,30.467302257501768,0.18759457734400953,17052232636400.084,11805857067517.652,24630032044513.684,162.41035689230534,0.0,True,Dengue,Rio Grande do Norte,poisson,lagged,243897.07868931227,120,3717.2877296945226,,3717.2877296945226
Temp_Avg,-0.3600097499155611,0.01061849342287345,0.6976695238189237,0.6832995081410291,0.7123417457008658,-33.904032858376965,5.809694619079774e-252,True,Dengue,Rio Grande do Norte,poisson,lagged,243897.07868931227,120,3717.2877296945226,,3717.2877296945226
Temp_Lag1,-0.023467994561609196,0.01370762175107964,0.9768052372483954,0.9509108795402189,1.0034047270310344,-1.7120398408834714,0.08688932657164278,False,Dengue,Rio Grande do Norte,poisson,lagged,243897.07868931227,120,3717.2877296945226,,3717.2877296945226
Temp_Lag2,-0.9697428954460359,0.010803444832488972,0.37918051460911556,0.3712358710683787,0.38729517771398486,-89.76237769361754,0.0,True,Dengue,Rio Grande do Norte,poisson,lagged,243897.07868931227,120,3717.2877296945226,,3717.2877296945226
Rain_mm,0.0019529847308418606,0.00023725771160677822,1.0019548930476236,1.0014890671772694,1.0024209355890814,8.231491055088073,1.8489733266758457e-16,True,Dengue,Rio Grande do Norte,poisson,lagged,243897.07868931227,120,3717.2877296945226,,3717.2877296945226
Rain_Lag1,-0.017210684319266756,0.0002650518762112008,0.9829365734952717,0.9824260689120637,0.983447343355367,-64.93326727313108,0.0,True,Dengue,Rio Grande do Norte,poisson,lagged,243897.07868931227,120,3717.2877296945226,,3717.2877296945226
Rain_Lag2,-0.010327626674550124,0.00024406041093889057,0.9897255201442928,0.9892521898424432,0.9901990769218348,-42.31586202293178,0.0,True,Dengue,Rio Grande do Norte,poisson,lagged,243897.07868931227,120,3717.2877296945226,,3717.2877296945226
Intercept,-22.87673675117093,0.04933983762901497,1.1608055209888291e-10,1.0538057097395055e-10,1.2786697254574883e-10,-463.6565065977832,0.0,True,Dengue,Rio Grande do Sul,poisson,lagged,1313161.3323601687,120,28357.359388748326,,28357.359388748326
Temp_Avg,-0.04419115152790115,0.00267374927523153,0.9567710517438563,0.9517701617164361,0.9617982179691155,-16.527784387739377,2.3149780984643634e-61,True,Dengue,Rio Grande do Sul,poisson,lagged,1313161.3323601687,120,28357.359388748326,,28357.359388748326
Temp_Lag1,0.3393647507613704,0.003421257071388138,1.404055382093753,1.3946717555453598,1.413502143531664,99.19299943855924,0.0,True,Dengue,Rio Grande do Sul,poisson,lagged,1313161.3323601687,120,28357.359388748326,,28357.359388748326
Temp_Lag2,0.4339825779779547,0.0028586845682170305,1.5433919788731747,1.5347685013674195,1.5520639095262458,151.81198471597403,0.0,True,Dengue,Rio Grande do Sul,poisson,lagged,1313161.3323601687,120,28357.359388748326,,28357.359388748326
Rain_mm,-0.0019404217381809238,5.1050711523215835e-05,0.9980614596629794,0.9979615992336368,0.9981613300847961,-38.00969037029968,0.0,True,Dengue,Rio Grande do Sul,poisson,lagged,1313161.3323601687,120,28357.359388748326,,28357.359388748326
Rain_Lag1,0.002360357558051071,5.109054974174096e-05,1.002363145394951,1.0022627763034762,1.002463524537637,46.199494230978296,0.0,True,Dengue,Rio Grande do Sul,poisson,lagged,1313161.3323601687,120,28357.359388748326,,28357.359388748326
Rain_Lag2,0.0165242420500014,4.820992029038688e-05,1.0166615224467854,1.0165654611702606,1.0167575928007075,342.7560541579314,0.0,True,Dengue,Rio Grande do Sul,poisson,lagged,1313161.3323601687,120,28357.359388748326,,28357.359388748326
Intercept,-37.75252648912373,0.05735883309208621,4.0205555587445546e-17,3.5930333100783635e-17,4.4989471585497725e-17,-658.1815642677786,0.0,True,Dengue,Rio de Janeiro,poisson,lagged,838749.7838686923,120,10906.72724542354,,10906.72724542354
Temp_Avg,0.6668251928951137,0.003978478950760107,1.948042832461344,1.9329114202275033,1.9632926979433751,167.60807362515106,0.0,True,Dengue,Rio de Janeiro,poisson,lagged,838749.7838686923,120,10906.72724542354,,10906.72724542354
Temp_Lag1,-0.3267112673086352,0.004675294205369564,0.7212919735364617,0.7147125508175661,0.7279319643862293,-69.88036537538281,0.0,True,Dengue,Rio de Janeiro,poisson,lagged,838749.7838686923,120,10906.72724542354,,10906.72724542354
Temp_Lag2,1.0329818496472667,0.003330462460521682,2.809430656993518,2.791151244677088,2.827829782247494,310.16168531905953,0.0,True,Dengue,Rio de Janeiro,poisson,lagged,838749.7838686923,120,10906.72724542354,,10906.72724542354
Rain_mm,-0.003617764156110103,7.460953877519708e-05,0.9963887720680862,0.9962430761120672,0.996534489331467,-48.48929795707006,0.0,True,Dengue,Rio de Janeiro,poisson,lagged,838749.7838686923,120,10906.72724542354,,10906.72724542354
Rain_Lag1,-0.014477631653171931,8.779190032541588e-05,0.9856266653249015,0.9854570810412818,0.98579627879176,-164.90851205530444,0.0,True,Dengue,Rio de Janeiro,poisson,lagged,838749.7838686923,120,10906.72724542354,,10906.72724542354
Rain_Lag2,-0.012265163517822909,8.865927805848355e-05,0.9878097470241133,0.987638108079483,0.9879814157974095,-138.34043978716213,0.0,True,Dengue,Rio de Janeiro,poisson,lagged,838749.7838686923,120,10906.72724542354,,10906.72724542354
Intercept,-13.919371812397157,0.2254363939200732,9.013503471110398e-07,5.794264253740923e-07,1.4021321994637458e-06,-61.74412023877639,0.0,True,Dengue,Rondonia,poisson,lagged,70467.1779492504,120,862.4999801185156,,862.4999801185156
Temp_Avg,0.5302481260071359,0.008709137599228907,1.6993539102116793,1.670592270106541,1.7286107231703856,60.884113951085496,0.0,True,Dengue,Rondonia,poisson,lagged,70467.1779492504,120,862.4999801185156,,862.4999801185156
Temp_Lag1,0.007606032563483245,0.01013394242636874,1.0076350319058505,0.9878183103104575,1.0278492987286303,0.750550204794156,0.4529233986147472,False,Dengue,Rondonia,poisson,lagged,70467.1779492504,120,862.4999801185156,,862.4999801185156
Temp_Lag2,-0.32648178286717955,0.00899878773596056,0.7214575178163269,0.7088442821475065,0.7342951944773991,-36.28064050922186,3.2681856826369647e-288,True,Dengue,Rondonia,poisson,lagged,70467.1779492504,120,862.4999801185156,,862.4999801185156
Rain_mm,-0.0028012689075605952,0.0002029537210980999,0.9972026509851069,0.9968060533336219,0.9975994064302736,-13.80250084799663,2.4616234902528762e-43,True,Dengue,Rondonia,poisson,lagged,70467.1779492504,120,862.4999801185156,,862.4999801185156
Rain_Lag1,0.00042058177776237334,0.00018533256641676694,1.000420670234679,1.0000573315909784,1.0007841408857814,2.269335529604599,0.02324792948401226,True,Dengue,Rondonia,poisson,lagged,70467.1779492504,120,862.4999801185156,,862.4999801185156
Rain_Lag2,0.003088730045549889,0.00018320043773108584,1.003093505087203,1.0027333860938845,1.0034537534126957,16.859839877040788,8.88293697320601e-64,True,Dengue,Rondonia,poisson,lagged,70467.1779492504,120,862.4999801185156,,862.4999801185156
Intercept,-19.932208989585263,0.4600243858208657,2.2057263109039507e-09,8.953048995375322e-10,5.434158308669008e-09,-43.32859214412799,0.0,True,Dengue,Roraima,poisson,lagged,3656.195953852574,117,37.7717640590601,,37.7717640590601
Temp_Avg,0.06094049225944004,0.01943408612748685,1.0628356653562845,1.023112737210626,1.1041008585555159,3.13575291679129,0.0017141355404385625,True,Dengue,Roraima,poisson,lagged,3656.195953852574,117,37.7717640590601,,37.7717640590601
Temp_Lag1,0.0255712043903524,0.018852763104602842,1.025900952321686,0.9886842983667979,1.0645185381350912,1.3563637461773055,0.1749834623017208,False,Dengue,Roraima,poisson,lagged,3656.195953852574,117,37.7717640590601,,37.7717640590601
Temp_Lag2,0.23064344076694707,0.022107116834235944,1.25941010508132,1.2060052985326617,1.3151798045255318,10.432995062013859,1.7527473230939584e-25,True,Dengue,Roraima,poisson,lagged,3656.195953852574,117,37.7717640590601,,37.7717640590601
Rain_mm,0.011678073342738501,0.0004116717672833536,1.0117465282555418,1.0109305028523357,1.0125632123563109,28.367438019378397,5.101422552813689e-177,True,Dengue,Roraima,poisson,lagged,3656.195953852574,117,37.7717640590601,,37.7717640590601
Rain_Lag1,0.009016616010788268,0.00042675407450956616,1.0090573881430198,1.008213727097744,1.009901755153648,21.12836537331327,4.363947405868496e-99,True,Dengue,Roraima,poisson,lagged,3656.195953852574,117,37.7717640590601,,37.7717640590601
Rain_Lag2,0.010111615875569685,0.0004272770792325737,1.0101629110098254,1.0093172910090071,1.0110092394827883,23.66524292323617,8.224469275756356e-124,True,Dengue,Roraima,poisson,lagged,3656.195953852574,117,37.7717640590601,,37.7717640590601
Intercept,-40.40716378044656,0.05366862844222645,2.8274292128348985e-18,2.545118934947895e-18,3.1410539774070864e-18,-752.9009954846214,0.0,True,Dengue,Santa Catarina,poisson,lagged,1495825.6794353114,120,22082.696921882427,,22082.696921882427
Temp_Avg,0.7108471921184824,0.0028003862191821405,2.035715170149148,2.0245722326928384,2.046919436637413,253.83898379777307,0.0,True,Dengue,Santa Catarina,poisson,lagged,1495825.6794353114,120,22082.696921882427,,22082.696921882427
Temp_Lag1,0.21760063889171843,0.0036469537078933525,1.243090526465705,1.2342365609018198,1.2520080071681707,59.666411016062646,0.0,True,Dengue,Santa Catarina,poisson,lagged,1495825.6794353114,120,22082.696921882427,,22082.696921882427
Temp_Lag2,0.7423835475406397,0.0032016422196945223,2.100937234986544,2.087794673607212,2.114162528121921,231.87586138574616,0.0,True,Dengue,Santa Catarina,poisson,lagged,1495825.6794353114,120,22082.696921882427,,22082.696921882427
Rain_mm,0.008795980383699005,3.489786118752332e-05,1.0088347786921086,1.0087657769468954,1.0089037851571894,252.0492684761937,0.0,True,Dengue,Santa Catarina,poisson,lagged,1495825.6794353114,120,22082.696921882427,,22082.696921882427
Rain_Lag1,0.00937584280095154,3.212890305982772e-05,1.0094199337037932,1.0093563698570207,1.0094835015534755,291.8195739049242,0.0,True,Dengue,Santa Catarina,poisson,lagged,1495825.6794353114,120,22082.696921882427,,22082.696921882427
Rain_Lag2,0.011121571603356788,3.5498914606191724e-05,1.0111836461897052,1.0111132926303208,1.0112540046443108,313.2932859140702,0.0,True,Dengue,Santa Catarina,poisson,lagged,1495825.6794353114,120,22082.696921882427,,22082.696921882427
Intercept,-31.066529810886525,0.017342731756444033,3.220902149699991e-14,3.1132579081891984e-14,3.332268306667886e-14,-1791.3285085173013,0.0,True,Dengue,Sao Paulo,poisson,lagged,9506862.887379406,120,122871.5657761252,,122871.5657761252
Temp_Avg,0.405215897379702,0.0011423650814138629,1.4996262304829278,1.4962722702461235,1.5029877087694168,354.7166347891003,0.0,True,Dengue,Sao Paulo,poisson,lagged,9506862.887379406,120,122871.5657761252,,122871.5657761252
Temp_Lag1,-0.0100112442649134,0.0015262593619950558,0.9900387014291474,0.9870814574452571,0.9930048051600365,-6.5593335668894195,5.4048779245359266e-11,True,Dengue,Sao Paulo,poisson,lagged,9506862.887379406,120,122871.5657761252,,122871.5657761252
Temp_Lag2,0.6728594216429971,0.0010871478492285604,1.9598333059540176,1.9556617199762063,1.9640137902650083,618.9217245110293,0.0,True,Dengue,Sao Paulo,poisson,lagged,9506862.887379406,120,122871.5657761252,,122871.5657761252
Rain_mm,0.0015123108104109543,3.6155396271535336e-05,1.0015134549290863,1.001442485616686,1.001584429270875,41.828080075603445,0.0,True,Dengue,Sao Paulo,poisson,lagged,9506862.887379406,120,122871.5657761252,,122871.5657761252
Rain_Lag1,0.007974583654379752,4.17974129157976e-05,1.0080064653379788,1.0079238898780278,1.0080890475630304,190.79132171277774,0.0,True,Dengue,Sao Paulo,poisson,lagged,9506862.887379406,120,122871.5657761252,,122871.5657761252
Rain_Lag2,-0.0007715245471486346,3.6861703649420616e-05,0.9992287730013879,0.9991565823904465,0.9993009688282127,-20.930246591051446,2.840233701871479e-97,True,Dengue,Sao Paulo,poisson,lagged,9506862.887379406,120,122871.5657761252,,122871.5657761252
Intercept,1.2584970751769413,0.35669591696238806,3.520127023487457,1.7495753090321249,7.082458352902567,3.5282071235753563,0.0004183846454693594,True,Dengue,Sergipe,poisson,lagged,31081.497265628597,120,371.928353465812,,371.928353465812
Temp_Avg,0.12294551251748687,0.025931044404769486,1.1308228035810814,1.0747850256950784,1.1897823123019275,4.741248003681393,2.124057332852384e-06,True,Dengue,Sergipe,poisson,lagged,31081.497265628597,120,371.928353465812,,371.928353465812
Temp_Lag1,-0.3783922251542524,0.03339040643557208,0.6849617887282836,0.6415697176193083,0.7312886489699401,-11.332363560305053,9.072302650585987e-30,True,Dengue,Sergipe,poisson,lagged,31081.497265628597,120,371.928353465812,,371.928353465812
Temp_Lag2,-0.15104875778334625,0.02510200611682216,0.859805775413454,0.8185271684291686,0.9031660767632828,-6.017397855788133,1.772430833877028e-09,True,Dengue,Sergipe,poisson,lagged,31081.497265628597,120,371.928353465812,,371.928353465812
Rain_mm,0.008216930460217407,0.000395160797410248,1.0082507820886135,1.0074701789033793,1.009031990097043,20.79389077577641,4.9158860866838344e-96,True,Dengue,Sergipe,poisson,lagged,31081.497265628597,120,371.928353465812,,371.928353465812
Rain_Lag1,-0.0011036004228661966,0.0005051935650074422,0.9988970083201235,0.9979084106176416,0.9998865853964709,-2.1845100557643464,0.0289247891827048,True,Dengue,Sergipe,poisson,lagged,31081.497265628597,120,371.928353465812,,371.928353465812
Rain_Lag2,-0.015567740622266166,0.0004943487281502302,0.9845528102727062,0.9835993159169221,0.9855072289393066,-31.49141433117069,1.138674378418995e-217,True,Dengue,Sergipe,poisson,lagged,31081.497265628597,120,371.928353465812,,371.928353465812
Intercept,-28.11655081448663,0.39102888024125326,6.153711492080282e-13,2.8594771377880426e-13,1.324303825595681e-12,-71.90402610963044,0.0,True,Dengue,Tocantins,poisson,lagged,101732.69718223652,120,1303.2244372911318,,1303.2244372911318
Temp_Avg,0.6292245352176762,0.018068731580678225,1.8761551227857618,1.8108743977752715,1.9437891711759026,34.823946130814,1.0560315526218164e-265,True,Dengue,Tocantins,poisson,lagged,101732.69718223652,120,1303.2244372911318,,1303.2244372911318
Temp_Lag1,-0.05629590686885533,0.02049447841750715,0.945259385757349,0.9080416017118172,0.9840026103186551,-2.7468816586600835,0.006016483910222047,True,Dengue,Tocantins,poisson,lagged,101732.69718223652,120,1303.2244372911318,,1303.2244372911318
Temp_Lag2,0.1863532479860035,0.01606166688834954,1.2048477952706529,1.1675089551375246,1.2433807923961984,11.602360407634674,4.008667956475002e-31,True,Dengue,Tocantins,poisson,lagged,101732.69718223652,120,1303.2244372911318,,1303.2244372911318
Rain_mm,0.006188510156662205,0.0003184661822654773,1.006207698547738,1.0055798260015008,1.0068359631304145,19.432236454869134,4.120132675290342e-84,True,Dengue,Tocantins,poisson,lagged,101732.69718223652,120,1303.2244372911318,,1303.2244372911318
Rain_Lag1,-0.0008599301207410093,0.00033162713976951424,0.9991404395132045,0.9984912200399625,0.9997900811092615,-2.593063165272521,0.00951252978468495,True,Dengue,Tocantins,poisson,lagged,101732.69718223652,120,1303.2244372911318,,1303.2244372911318
Rain_Lag2,-0.0003792150362283628,0.0002948365077286926,0.9996208568567055,0.9990433632775655,1.0001986842540223,-1.2861875184646907,0.19837762601788278,False,Dengue,Tocantins,poisson,lagged,101732.69718223652,120,1303.2244372911318,,1303.2244372911318
Intercept,-10.173911680804334,0.8389658260044909,3.8152789608220466e-05,7.368586215785693e-06,0.00019754608445385818,-12.126729558528972,7.623355973533848e-34,True,Chikungunya,Acre,poisson,lagged,4717.664766937679,108,55.18668839698926,,55.18668839698926
Temp_Avg,-0.5157121949179846,0.03534412791672558,0.5970752092278946,0.5571132793724716,0.6399036222509213,-14.591170452219272,3.196657946544041e-48,True,Chikungunya,Acre,poisson,lagged,4717.664766937679,108,55.18668839698926,,55.18668839698926
Temp_Lag1,0.042192472856714236,0.04137749020258767,1.0430952269490097,0.9618397637482,1.1312150874733915,1.0196962805171685,0.30787252624506756,False,Chikungunya,Acre,poisson,lagged,4717.664766937679,108,55.18668839698926,,55.18668839698926
Temp_Lag2,0.47951320664004454,0.032700497464813336,1.6152878993524233,1.5150072608786316,1.7222062660486392,14.663789355376455,1.099609503565741e-48,True,Chikungunya,Acre,poisson,lagged,4717.664766937679,108,55.18668839698926,,55.18668839698926
Rain_mm,0.0008695341932249134,0.0004963983190439679,1.0008699123476796,0.9998965988341678,1.0018441732983532,1.7516864176727711,0.0798277436556008,False,Chikungunya,Acre,poisson,lagged,4717.664766937679,108,55.18668839698926,,55.18668839698926
Rain_Lag1,-0.003909658234545584,0.0005317665493229455,0.9960979745288046,0.9950603198748758,0.997136711255005,-7.352207918161513,1.949592237192764e-13,True,Chikungunya,Acre,poisson,lagged,4717.664766937679,108,55.18668839698926,,55.18668839698926
Rain_Lag2,0.004817739847080156,0.0004554928551422767,1.0048293638152854,1.0039326866484082,1.0057268418624927,10.576982257109824,3.810333808129051e-26,True,Chikungunya,Acre,poisson,lagged,4717.664766937679,108,55.18668839698926,,55.18668839698926
Intercept,28.77507258036804,0.4839753814334181,3139462052676.7417,1215869813845.2239,8106313577295.476,59.45565349862059,0.0,True,Chikungunya,Alagoas,poisson,lagged,23622.95902649905,108,348.9970196940466,,348.9970196940466
Temp_Avg,-0.1639936027192066,0.026806777009006647,0.8487474515386094,0.8053044408582432,0.8945340419649944,-6.117617297450842,9.49848415678267e-10,True,Chikungunya,Alagoas,poisson,lagged,23622.95902649905,108,348.9970196940466,,348.9970196940466
Temp_Lag1,-0.3879206537819089,0.03314401279172179,0.6784661748534867,0.6357925685916139,0.7240039804806135,-11.704094378059068,1.21448951358808e-31,True,Chikungunya,Alagoas,poisson,lagged,23622.95902649905,108,348.9970196940466,,348.9970196940466
Temp_Lag2,-0.9455719261235986,0.02523714757222255,0.38845733845777297,0.3697098628677828,0.4081554725946328,-37.46746431694005,3.121167108998569e-307,True,Chikungunya,Alagoas,poisson,lagged,23622.95902649905,108,348.9970196940466,,348.9970196940466
Rain_mm,0.005743009977287675,0.0007578277488861868,1.005759532673948,1.0042667443334696,1.0072545399637658,7.578252427056719,3.5024046181569706e-14,True,Chikungunya,Alagoas,poisson,lagged,23622.95902649905,108,348.9970196940466,,348.9970196940466
Rain_Lag1,0.003745581586190025,0.0006479824255391062,1.0037526050431387,1.0024786027014847,1.0050282264537307,5.780375267236281,7.453418149914947e-09,True,Chikungunya,Alagoas,poisson,lagged,23622.95902649905,108,348.9970196940466,,348.9970196940466
Rain_Lag2,-0.004810880750813221,0.0007203031402580306,0.9952006730006536,0.9937966458394274,0.9966066837591054,-6.678966787635887,2.406326833985881e-11,True,Chikungunya,Alagoas,poisson,lagged,23622.95902649905,108,348.9970196940466,,348.9970196940466
Intercept,-28.707610676797383,1.203592127797546,3.4075567269533495e-13,3.2205110387053795e-14,3.605465936261077e-12,-23.85161053631138,9.744138375377072e-126,True,Chikungunya,Amapa,poisson,lagged,3015.908432984562,104,28.35963743550531,,28.35963743550531
Temp_Avg,0.18157627554964018,0.07389990038263392,1.1991059956905255,1.0374154447856174,1.385997476833498,2.457057108460049,0.014008041642402443,True,Chikungunya,Amapa,poisson,lagged,3015.908432984562,104,28.35963743550531,,28.35963743550531
Temp_Lag1,0.07506761281868046,0.10100285700904522,1.0779570321341094,0.8843538736226884,1.313943883535409,0.7432226675722435,0.4573468818907658,False,Chikungunya,Amapa,poisson,lagged,3015.908432984562,104,28.35963743550531,,28.35963743550531
Temp_Lag2,0.41908874914978966,0.07421906500136438,1.5205752985669738,1.3147143027341943,1.7586704836202776,5.646645496572686,1.6360870795182863e-08,True,Chikungunya,Amapa,poisson,lagged,3015.908432984562,104,28.35963743550531,,28.35963743550531
Rain_mm,0.002171924148008944,0.0007651406552976318,1.0021742844837753,1.000672474473266,1.0036783484118903,2.838594620441503,0.004531268265539245,True,Chikungunya,Amapa,poisson,lagged,3015.908432984562,104,28.35963743550531,,28.35963743550531
Rain_Lag1,0.003925235934102607,0.0007828096276908773,1.0039329497622347,1.0023937896140591,1.0054744732669934,5.014291847279934,5.322914120755002e-07,True,Chikungunya,Amapa,poisson,lagged,3015.908432984562,104,28.35963743550531,,28.35963743550531
Rain_Lag2,0.00399339536231412,0.0007254391150904304,1.0040013795900957,1.0025748439280782,1.0054299450297475,5.504797410622556,3.6959303196416076e-08,True,Chikungunya,Amapa,poisson,lagged,3015.908432984562,104,28.35963743550531,,28.35963743550531
Intercept,-19.106930625781008,1.3448100579194897,5.034605699389239e-09,3.6077798769953256e-10,7.025720917716469e-08,-14.207902828553124,8.183985603733004e-46,True,Chikungunya,Amazonas,poisson,lagged,2238.5845257537085,108,19.06529896471285,,19.06529896471285
Temp_Avg,0.002844510466362582,0.07815033238065895,1.0028485599249246,0.8604238683336913,1.1688486002732092,0.0363979317772749,0.9709650632909579,False,Chikungunya,Amazonas,poisson,lagged,2238.5845257537085,108,19.06529896471285,,19.06529896471285
Temp_Lag1,0.12541961677476077,0.09877350635771374,1.133624040941374,0.9340956325481073,1.3757729095624105,1.269769813785355,0.2041666362320752,False,Chikungunya,Amazonas,poisson,lagged,2238.5845257537085,108,19.06529896471285,,19.06529896471285
Temp_Lag2,0.1252339917490904,0.07406817787798536,1.1334136314789087,0.9802578429311811,1.3104985277964205,1.6907934734859003,0.09087625413168376,False,Chikungunya,Amazonas,poisson,lagged,2238.5845257537085,108,19.06529896471285,,19.06529896471285
Rain_mm,-0.0009149194687256834,0.001132580465687087,0.9990854989424776,0.9968701311023848,1.0013057900464075,-0.8078185139548931,0.419195065596504,False,Chikungunya,Amazonas,poisson,lagged,2238.5845257537085,108,19.06529896471285,,19.06529896471285
Rain_Lag1,0.0034379706344722927,0.001131533898970069,1.0034438872339362,1.0012209088956752,1.0056718011789632,3.0383275636740184,0.002378952099486942,True,Chikungunya,Amazonas,poisson,lagged,2238.5845257537085,108,19.06529896471285,,19.06529896471285
Rain_Lag2,0.007285810308553353,0.001045191620142677,1.0073124164008762,1.005250973019972,1.0093780871328866,6.970789057377615,3.151682396068797e-12,True,Chikungunya,Amazonas,poisson,lagged,2238.5845257537085,108,19.06529896471285,,19.06529896471285
Intercept,5.31011558984312,0.18134934222530824,202.3736193711562,141.83591752279204,288.7497224446016,29.28114061337944,1.8030897494314346e-188,True,Chikungunya,Bahia,poisson,lagged,174074.87117542734,108,2178.8100098236127,,2178.8100098236127
Temp_Avg,-0.739722431460553,0.011631744459642313,0.47724636571486845,0.4664890878031472,0.48825170736719065,-63.595141212662114,0.0,True,Chikungunya,Bahia,poisson,lagged,174074.87117542734,108,2178.8100098236127,,2178.8100098236127
Temp_Lag1,0.23001902737716762,0.0145734239027747,1.2586239580144039,1.2231813352051852,1.295093558161685,15.783458225858183,4.044103792068297e-56,True,Chikungunya,Bahia,poisson,lagged,174074.87117542734,108,2178.8100098236127,,2178.8100098236127
Temp_Lag2,-0.08233635841418852,0.010999294354099298,0.9209621332304074,0.9013199532647505,0.9410323689962338,-7.485603690886115,7.121900283037088e-14,True,Chikungunya,Bahia,poisson,lagged,174074.87117542734,108,2178.8100098236127,,2178.8100098236127
Rain_mm,0.006270743922692126,0.000330708446509782,1.0062904461984767,1.0056383915980796,1.0069429235902128,18.96154751676911,3.545568832867797e-80,True,Chikungunya,Bahia,poisson,lagged,174074.87117542734,108,2178.8100098236127,,2178.8100098236127
Rain_Lag1,0.025153761102343963,0.000406236420823448,1.0254727862287263,1.024656605789936,1.0262896167882545,61.91902009021463,0.0,True,Chikungunya,Bahia,poisson,lagged,174074.87117542734,108,2178.8100098236127,,2178.8100098236127
Rain_Lag2,-0.016624975254712793,0.0003662693475256525,0.9835124569898777,0.9828066586490675,0.9842187621967062,-45.390026129741656,0.0,True,Chikungunya,Bahia,poisson,lagged,174074.87117542734,108,2178.8100098236127,,2178.8100098236127
Intercept,-11.544910881729546,0.07707998641591259,9.685207061467735e-06,8.327163673838516e-06,1.1264728243328099e-05,-149.7783201392234,0.0,True,Chikungunya,Ceara,poisson,lagged,760230.9624001167,108,18881.417620510547,,18881.417620510547
Temp_Avg,0.10316795811179003,0.005703478038328987,1.1086776048361175,1.0963529168916146,1.1211408411719177,18.088604430221725,3.918856566469157e-73,True,Chikungunya,Ceara,poisson,lagged,760230.9624001167,108,18881.417620510547,,18881.417620510547
Temp_Lag1,0.07748657546381343,0.007736966413725636,1.0805677262406475,1.0643051248595519,1.0970788204622857,10.015110745000737,1.308153194139136e-23,True,Chikungunya,Ceara,poisson,lagged,760230.9624001167,108,18881.417620510547,,18881.417620510547
Temp_Lag2,-0.07352446904211252,0.005539533375840904,0.9291134109981901,0.9190801422863463,0.9392562093107863,-13.272682743057121,3.3342662412388907e-40,True,Chikungunya,Ceara,poisson,lagged,760230.9624001167,108,18881.417620510547,,18881.417620510547
Rain_mm,0.0010205944205777806,0.00019918145131800433,1.001021115404286,1.0006303973929636,1.0014119859799966,5.123943087192113,2.9921133181343507e-07,True,Chikungunya,Ceara,poisson,lagged,760230.9624001167,108,18881.417620510547,,18881.417620510547
Rain_Lag1,0.008471941031364678,0.00018859768474075253,1.008507929482672,1.0081352019458911,1.0088807948242,44.92070537880811,0.0,True,Chikungunya,Ceara,poisson,lagged,760230.9624001167,108,18881.417620510547,,18881.417620510547
Rain_Lag2,0.012662834948733118,0.00017369765727993426,1.0127433481259784,1.012398620961932,1.0130881926714743,72.90158743088553,0.0,True,Chikungunya,Ceara,poisson,lagged,760230.9624001167,108,18881.417620510547,,18881.417620510547
Intercept,-19.0135457919675,0.6718223180425067,5.527413833742391e-09,1.4813418043715938e-09,2.0624749534026335e-08,-28.30145007294101,3.3167627968891334e-176,True,Chikungunya,Distrito Federal,poisson,lagged,6264.208198906471,108,69.73166892116937,,69.73166892116937
Temp_Avg,0.03224252641895342,0.03716190959822956,1.0327679484464984,0.96021811577624,1.1107993255013129,0.8676229711427287,0.3856007668994117,False,Chikungunya,Distrito Federal,poisson,lagged,6264.208198906471,108,69.73166892116937,,69.73166892116937
Temp_Lag1,-0.13615902031023275,0.04498906133758967,0.8727038438179178,0.7990453466812399,0.9531524114092559,-3.0264916906916643,0.002474096209734175,True,Chikungunya,Distrito Federal,poisson,lagged,6264.208198906471,108,69.73166892116937,,69.73166892116937
Temp_Lag2,0.464535524175929,0.034451839610974394,1.5912749084870126,1.4873706825214033,1.7024376398812826,13.483620306532325,1.952844225618332e-41,True,Chikungunya,Distrito Federal,poisson,lagged,6264.208198906471,108,69.73166892116937,,69.73166892116937
Rain_mm,0.006266709594089279,0.0005208717087190743,1.006286386500336,1.0052595843502545,1.0073142374567872,12.031195953223007,2.4360617692009202e-33,True,Chikungunya,Distrito Federal,poisson,lagged,6264.208198906471,108,69.73166892116937,,69.73166892116937
Rain_Lag1,-0.0011083241237748662,0.0005494866209214825,0.998892289840562,0.99781706816796,0.9999686701440215,-2.0170174879166662,0.043693688356362906,True,Chikungunya,Distrito Federal,poisson,lagged,6264.208198906471,108,69.73166892116937,,69.73166892116937
Rain_Lag2,0.0028601278037767982,0.0005201527720386011,1.0028642218715589,1.0018423233667737,1.0038871627325412,5.498630320794571,3.8275261198582266e-08,True,Chikungunya,Distrito Federal,poisson,lagged,6264.208198906471,108,69.73166892116937,,69.73166892116937
Intercept,-33.40933512431605,0.16776780732458157,3.0939273489179758e-15,2.226913104073447e-15,4.29850020769688e-15,-199.14032171666148,0.0,True,Chikungunya,Espirito Santo,poisson,lagged,64927.726166318986,108,765.3929832797062,,765.3929832797062
Temp_Avg,0.3876558549658795,0.010482290988862067,1.4735225915366723,1.4435575166915027,1.5041096753424092,36.98197802157775,2.2314279219602144e-299,True,Chikungunya,Espirito Santo,poisson,lagged,64927.726166318986,108,765.3929832797062,,765.3929832797062
Temp_Lag1,0.2604673425073787,0.013832104721158691,1.2975363388770491,1.2628314940592507,1.333194934262119,18.83063696799136,4.2363455141930286e-79,True,Chikungunya,Espirito Santo,poisson,lagged,64927.726166318986,108,765.3929832797062,,765.3929832797062
Temp_Lag2,0.4075824983226817,0.010513015924086455,1.5031794502022688,1.4725226038846757,1.5344745496941503,38.769321883063654,0.0,True,Chikungunya,Espirito Santo,poisson,lagged,64927.726166318986,108,765.3929832797062,,765.3929832797062
Rain_mm,-0.00396733811878258,0.0002474213444850511,0.9960405213699067,0.9955576127691085,0.9965236642120123,-16.03474480764646,7.308319603653205e-58,True,Chikungunya,Espirito Santo,poisson,lagged,64927.726166318986,108,765.3929832797062,,765.3929832797062
Rain_Lag1,3.5718697799587765e-05,0.00026679596683381067,1.0000357193357199,0.9995129172661342,1.0005587948605048,0.13388020150183613,0.893497306242653,False,Chikungunya,Espirito Santo,poisson,lagged,64927.726166318986,108,765.3929832797062,,765.3929832797062
Rain_Lag2,0.002931888993127598,0.00022933446144464826,1.0029361911831487,1.0024854771384288,1.0033871078673626,12.784336792031725,2.005663943035232e-37,True,Chikungunya,Espirito Santo,poisson,lagged,64927.726166318986,108,765.3929832797062,,765.3929832797062
Intercept,-37.81478392568369,0.38116344646511624,3.7778786757690335e-17,1.789761373627667e-17,7.974452627671659e-17,-99.20884144682658,0.0,True,Chikungunya,Goias,poisson,lagged,51390.03769707933,108,712.2877122409933,,712.2877122409933
Temp_Avg,0.4094044972868853,0.022144688149004877,1.505920738157107,1.4419565526928417,1.5727223302092934,18.48770660178761,2.5935235214311824e-76,True,Chikungunya,Goias,poisson,lagged,51390.03769707933,108,712.2877122409933,,712.2877122409933
Temp_Lag1,-0.3344454520229485,0.030422848973608755,0.7157348856532106,0.6743039967432894,0.7597113898407463,-10.993232498148796,4.119043375881084e-28,True,Chikungunya,Goias,poisson,lagged,51390.03769707933,108,712.2877122409933,,712.2877122409933
Temp_Lag2,1.0676567329422677,0.022058221180943777,2.9085559850150964,2.785486710268821,3.037062746262649,48.40176024096732,0.0,True,Chikungunya,Goias,poisson,lagged,51390.03769707933,108,712.2877122409933,,712.2877122409933
Rain_mm,-0.002502143147243799,0.0005377667051566861,0.9975009846036835,0.9964501497798248,0.9985529276152696,-4.652841321804709,3.273921844570044e-06,True,Chikungunya,Goias,poisson,lagged,51390.03769707933,108,712.2877122409933,,712.2877122409933
Rain_Lag1,-0.0036887565380775422,0.0005629239318260261,0.9963180385665911,0.9952193762875354,0.9974179137026632,-6.552850801904737,5.644890887306239e-11,True,Chikungunya,Goias,poisson,lagged,51390.03769707933,108,712.2877122409933,,712.2877122409933
Rain_Lag2,0.005161620377130111,0.0005143413970224066,1.0051749644887895,1.0041621490216743,1.0061888014992595,10.03539751420252,1.0652943889550855e-23,True,Chikungunya,Goias,poisson,lagged,51390.03769707933,108,712.2877122409933,,712.2877122409933
Intercept,-67.96286833416556,0.7001253594843013,3.0486060569956027e-30,7.729342834631786e-31,1.2024306709631193e-29,-97.07242769241452,0.0,True,Chikungunya,Maranhao,poisson,lagged,27135.328491746244,108,351.86299704401495,,351.86299704401495
Temp_Avg,1.5117141263242577,0.037520222669447455,4.534496836819026,4.212997922550247,4.880529718057681,40.29064911587637,0.0,True,Chikungunya,Maranhao,poisson,lagged,27135.328491746244,108,351.86299704401495,,351.86299704401495
Temp_Lag1,0.13291756463025406,0.04533982014310721,1.1421558404109644,1.0450361907876453,1.2483012313685113,2.9315856174709785,0.0033723639441379473,True,Chikungunya,Maranhao,poisson,lagged,27135.328491746244,108,351.86299704401495,,351.86299704401495
Temp_Lag2,0.43344792313000813,0.03632163158232466,1.542567017423859,1.4365688470491715,1.6563863320102288,11.933602766372935,7.907552420603092e-33,True,Chikungunya,Maranhao,poisson,lagged,27135.328491746244,108,351.86299704401495,,351.86299704401495
Rain_mm,0.006489344429074579,0.0005329321453420962,1.0065104458447245,1.005459647272939,1.0075623425984623,12.176680438199094,4.13783043848617e-34,True,Chikungunya,Maranhao,poisson,lagged,27135.328491746244,108,351.86299704401495,,351.86299704401495
Rain_Lag1,0.00620041118890511,0.0005281867217146193,1.0062196735292586,1.005178527676726,1.0072618977819523,11.739051615642865,8.038276757084799e-32,True,Chikungunya,Maranhao,poisson,lagged,27135.328491746244,108,351.86299704401495,,351.86299704401495
Rain_Lag2,0.01314370128787088,0.00048173150016422194,1.013230459420604,1.0122742250696002,1.0141875970684728,27.28428862009273,6.516329740962412e-164,True,Chikungunya,Maranhao,poisson,lagged,27135.328491746244,108,351.86299704401495,,351.86299704401495
Intercept,-30.03949395589461,0.1863383996740783,8.995256168830352e-14,6.243082698954345e-14,1.2960685841376553e-13,-161.20935893211617,0.0,True,Chikungunya,Mato Grosso,poisson,lagged,292727.9664584606,108,5813.49812521246,,5813.49812521246
Temp_Avg,-0.3937298875767312,0.009638393535713484,0.6745362322516107,0.6619130084157825,0.6874001913169683,-40.85015683555873,0.0,True,Chikungunya,Mato Grosso,poisson,lagged,292727.9664584606,108,5813.49812521246,,5813.49812521246
Temp_Lag1,0.532640283952893,0.015159638188877745,1.7034238992581152,1.6535547973407188,1.7547969896311995,35.13542192211936,1.941049348004693e-270,True,Chikungunya,Mato Grosso,poisson,lagged,292727.9664584606,108,5813.49812521246,,5813.49812521246
Temp_Lag2,0.6756339797652053,0.011499203968209443,1.9652785279204559,1.9214796494335402,2.010075773346765,58.75484786886594,0.0,True,Chikungunya,Mato Grosso,poisson,lagged,292727.9664584606,108,5813.49812521246,,5813.49812521246
Rain_mm,-0.009658188484659793,0.0002987500456057252,0.990388302025986,0.9898085498207494,0.9909683938045872,-32.3286594486622,2.7681394431397427e-229,True,Chikungunya,Mato Grosso,poisson,lagged,292727.9664584606,108,5813.49812521246,,5813.49812521246
Rain_Lag1,0.006059713340575633,0.00033399716701048546,1.0060781105452834,1.0054197126858775,1.006736939555716,18.14300820217854,1.4582639301408006e-73,True,Chikungunya,Mato Grosso,poisson,lagged,292727.9664584606,108,5813.49812521246,,5813.49812521246
Rain_Lag2,0.03428796449211163,0.00029639440692238203,1.034882573258772,1.0342815503758904,1.0354839453971403,115.68357462659799,0.0,True,Chikungunya,Mato Grosso,poisson,lagged,292727.9664584606,108,5813.49812521246,,5813.49812521246
Intercept,-24.213366758977067,0.10778753654444917,3.049779411658558e-11,2.4689814380469694e-11,3.767203072670276e-11,-224.6397638839442,0.0,True,Chikungunya,Mato Grosso do Sul,poisson,lagged,223485.4664157553,108,3590.8268967210743,,3590.8268967210743
Temp_Avg,0.3201793239705826,0.006497242981564137,1.3773747384981891,1.3599456391375726,1.395027209658222,49.27925966122681,0.0,True,Chikungunya,Mato Grosso do Sul,poisson,lagged,223485.4664157553,108,3590.8268967210743,,3590.8268967210743
Temp_Lag1,0.24056707678045797,0.009015635381935795,1.2719702506370276,1.2496911383115714,1.2946465481795293,26.683319210365465,7.351232506775329e-157,True,Chikungunya,Mato Grosso do Sul,poisson,lagged,223485.4664157553,108,3590.8268967210743,,3590.8268967210743
Temp_Lag2,0.058291388099577346,0.0062497174473391095,1.0600238290419748,1.0471183281710776,1.0730883873453014,9.327043756897456,1.0886492411714362e-20,True,Chikungunya,Mato Grosso do Sul,poisson,lagged,223485.4664157553,108,3590.8268967210743,,3590.8268967210743
Rain_mm,0.012202703428347256,0.00022374460211563676,1.0122774601825282,1.0118336339368774,1.0127214811061673,54.538537747787075,0.0,True,Chikungunya,Mato Grosso do Sul,poisson,lagged,223485.4664157553,108,3590.8268967210743,,3590.8268967210743
Rain_Lag1,0.012987520444897642,0.00022788044831836788,1.013072224590272,1.0126198412939864,1.013524809986732,56.99269305786602,0.0,True,Chikungunya,Mato Grosso do Sul,poisson,lagged,223485.4664157553,108,3590.8268967210743,,3590.8268967210743
Rain_Lag2,0.008393227672865392,0.0002274318680193913,1.0084285495606404,1.007979126111003,1.0088781733928371,36.90436061559222,3.933727739892479e-298,True,Chikungunya,Mato Grosso do Sul,poisson,lagged,223485.4664157553,108,3590.8268967210743,,3590.8268967210743
Intercept,-47.11191048880889,0.09927965902582289,3.463835371651563e-21,2.851337927516071e-21,4.207903723413329e-21,-474.5373921616206,0.0,True,Chikungunya,Minas Gerais,poisson,lagged,846308.8635885087,108,12886.712114492995,,12886.712114492995
Temp_Avg,1.0396226696241264,0.0064215532490148,2.828149666216207,2.7927769551588875,2.8639704004087903,161.89582633821905,0.0,True,Chikungunya,Minas Gerais,poisson,lagged,846308.8635885087,108,12886.712114492995,,12886.712114492995
Temp_Lag1,-0.41520600660900175,0.008381275504097353,0.6602042602540046,0.6494474811337196,0.6711392035837196,-49.53971581127718,0.0,True,Chikungunya,Minas Gerais,poisson,lagged,846308.8635885087,108,12886.712114492995,,12886.712114492995
Temp_Lag2,1.0633713812340417,0.005601632769671576,2.896118468256873,2.8644953198089604,2.9280907265500145,189.83239797356214,0.0,True,Chikungunya,Minas Gerais,poisson,lagged,846308.8635885087,108,12886.712114492995,,12886.712114492995
Rain_mm,0.009810312095586401,0.0001803022664197297,1.0098585909550328,1.0095017776125987,1.0102155304148888,54.41036483007238,0.0,True,Chikungunya,Minas Gerais,poisson,lagged,846308.8635885087,108,12886.712114492995,,12886.712114492995
Rain_Lag1,0.0006716674880495044,0.00021291898931031188,1.0006718931071676,1.000254378617756,1.0010895818705965,3.154568271365427,0.0016073576622122508,True,Chikungunya,Minas Gerais,poisson,lagged,846308.8635885087,108,12886.712114492995,,12886.712114492995
Rain_Lag2,0.006761434873870431,0.00018789602613216051,1.006784344980605,1.0064136385218958,1.0071551879868264,35.98498069945683,1.4369166203838073e-283,True,Chikungunya,Minas Gerais,poisson,lagged,846308.8635885087,108,12886.712114492995,,12886.712114492995
Intercept,-24.87104951359213,0.3591185360293517,1.5799394276006362e-11,7.815424427336953e-12,3.193951420163102e-11,-69.25582229361548,0.0,True,Chikungunya,Para,poisson,lagged,40907.6630473557,108,467.69498170221016,,467.69498170221016
Temp_Avg,-0.007190522263043619,0.021900489927134826,0.9928352676907297,0.9511195804721124,1.036380586635841,-0.3283270048737368,0.742664427926319,False,Chikungunya,Para,poisson,lagged,40907.6630473557,108,467.69498170221016,,467.69498170221016
Temp_Lag1,-0.08006811037366496,0.026385305961066117,0.9230534747284775,0.8765309099349113,0.9720452610981912,-3.0345719883564217,0.0024087726157900166,True,Chikungunya,Para,poisson,lagged,40907.6630473557,108,467.69498170221016,,467.69498170221016
Temp_Lag2,0.5854922551512389,0.02267791101479984,1.7958747967114383,1.7177985350818172,1.8774997297979057,25.817733157570846,5.606846091191528e-147,True,Chikungunya,Para,poisson,lagged,40907.6630473557,108,467.69498170221016,,467.69498170221016
Rain_mm,0.020454034683026028,0.00040176583073397765,1.0206646519906888,1.0198612347257543,1.0214687021645714,50.910339103897854,0.0,True,Chikungunya,Para,poisson,lagged,40907.6630473557,108,467.69498170221016,,467.69498170221016
Rain_Lag1,0.00806817261342023,0.000457704482149901,1.0081008080284242,1.0071968455355247,1.0090055818306443,17.62747127911641,1.515972128512112e-69,True,Chikungunya,Para,poisson,lagged,40907.6630473557,108,467.69498170221016,,467.69498170221016
Rain_Lag2,0.004281916065837971,0.0004221789192907624,1.0042910965671372,1.0034604188568483,1.0051224619233414,10.142420358248481,3.5811478158174834e-24,True,Chikungunya,Para,poisson,lagged,40907.6630473557,108,467.69498170221016,,467.69498170221016
Intercept,-39.89435188223617,0.5334993671032459,4.721751407378384e-18,1.6595077664058133e-18,1.3434668282008982e-17,-74.77863019566729,0.0,True,Chikungunya,Paraiba,poisson,lagged,52650.960364230734,108,736.2293817166948,,736.2293817166948
Temp_Avg,0.6079454922985126,0.02552346062592157,1.8366540998722967,1.74703402895608,1.930871538085261,23.81908555460871,2.1184504155916645e-125,True,Chikungunya,Paraiba,poisson,lagged,52650.960364230734,108,736.2293817166948,,736.2293817166948
Temp_Lag1,0.3064006256606293,0.029024922851233793,1.3585264580998355,1.2833986787890634,1.4380520783289834,10.556466497123,4.74176490608412e-26,True,Chikungunya,Paraiba,poisson,lagged,52650.960364230734,108,736.2293817166948,,736.2293817166948
Temp_Lag2,0.19919313457238141,0.026829200709158934,1.2204176479805304,1.1578998628425148,1.2863109179803962,7.424490081971805,1.132152261535799e-13,True,Chikungunya,Paraiba,poisson,lagged,52650.960364230734,108,736.2293817166948,,736.2293817166948
Rain_mm,0.02844673457918538,0.00041074651938365054,1.0288552069694048,1.028027246851609,1.029683833915788,69.25617926567313,0.0,True,Chikungunya,Paraiba,poisson,lagged,52650.960364230734,108,736.2293817166948,,736.2293817166948
Rain_Lag1,0.025511332063779688,0.0004070487819092392,1.0258395310835717,1.0250214266813371,1.0266582884427062,62.673893640266485,0.0,True,Chikungunya,Paraiba,poisson,lagged,52650.960364230734,108,736.2293817166948,,736.2293817166948
Rain_Lag2,0.027826206308551413,0.00041856997677454475,1.0282169712692186,1.0273737709186805,1.0290608636627614,66.47922176114295,0.0,True,Chikungunya,Paraiba,poisson,lagged,52650.960364230734,108,736.2293817166948,,736.2293817166948
Intercept,-28.209201836880716,0.22899360419834974,5.609179050639206e-13,3.580766586556796e-13,8.786635169198205e-13,-123.1877280399782,0.0,True,Chikungunya,Parana,poisson,lagged,40581.03922944094,108,660.9863159919792,,660.9863159919792
Temp_Avg,0.3365307846297247,0.013852416215082057,1.400081969611472,1.3625801191171094,1.4386159713685525,24.29401336232743,2.2678016587777477e-130,True,Chikungunya,Parana,poisson,lagged,40581.03922944094,108,660.9863159919792,,660.9863159919792
Temp_Lag1,0.4324742137597112,0.018193033684536734,1.5410657364889544,1.487082085052159,1.5970090878318561,23.77141829442634,6.599115085873336e-125,True,Chikungunya,Parana,poisson,lagged,40581.03922944094,108,660.9863159919792,,660.9863159919792
Temp_Lag2,0.03523996342517488,0.013804179873924053,1.0358682494712683,1.0082173494624547,1.0642774902006664,2.552847307629104,0.010684632555224163,True,Chikungunya,Parana,poisson,lagged,40581.03922944094,108,660.9863159919792,,660.9863159919792
Rain_mm,-0.004278198419090915,0.00036328806427153094,0.9957309400350808,0.9950221875518657,0.9964401973613926,-11.776325290701758,5.16981342398409e-32,True,Chikungunya,Parana,poisson,lagged,40581.03922944094,108,660.9863159919792,,660.9863159919792
Rain_Lag1,0.0067106260394878695,0.00035242789239445195,1.0067331927410659,1.0060380231855561,1.0074288426568598,19.041132056531605,7.782715664659055e-81,True,Chikungunya,Parana,poisson,lagged,40581.03922944094,108,660.9863159919792,,660.9863159919792
Rain_Lag2,0.0010476556244813813,0.00032819731470481957,1.0010482046073335,1.0004044706638688,1.0016923527766457,3.192151725627743,0.0014121713162010574,True,Chikungunya,Parana,poisson,lagged,40581.03922944094,108,660.9863159919792,,660.9863159919792
Intercept,-4.356408218288883,0.18196747097383986,0.012824367353691562,0.00897722502757351,0.01832018218517172,-23.940587814814286,1.1580591515441315e-126,True,Chikungunya,Pernambuco,poisson,lagged,129212.12254682159,108,2063.8211555056378,,2063.8211555056378
Temp_Avg,0.20807955775134412,0.014148126500808107,1.231311125996608,1.1976355401294632,1.2659336151957739,14.70721637521824,5.794228059764578e-49,True,Chikungunya,Pernambuco,poisson,lagged,129212.12254682159,108,2063.8211555056378,,2063.8211555056378
Temp_Lag1,-0.4481599734988784,0.016495435914205672,0.638802484388997,0.618479626487174,0.6597931388286681,-27.16872569053652,1.5215798475123746e-162,True,Chikungunya,Pernambuco,poisson,lagged,129212.12254682159,108,2063.8211555056378,,2063.8211555056378
Temp_Lag2,0.028296084441119307,0.012708822357588289,1.0287002214650118,1.0033925342824825,1.0546462221775366,2.226491459629542,0.025981280404396696,True,Chikungunya,Pernambuco,poisson,lagged,129212.12254682159,108,2063.8211555056378,,2063.8211555056378
Rain_mm,0.0022312394831998823,0.0003745737919793187,1.0022337305503934,1.0014981960269,1.0029698052755942,5.956742118581205,2.5731578838827034e-09,True,Chikungunya,Pernambuco,poisson,lagged,129212.12254682159,108,2063.8211555056378,,2063.8211555056378
Rain_Lag1,0.020320316666357793,0.00033282591040681154,1.0205281798623356,1.0198626668436184,1.0211941271626406,61.0538904303465,0.0,True,Chikungunya,Pernambuco,poisson,lagged,129212.12254682159,108,2063.8211555056378,,2063.8211555056378
Rain_Lag2,0.021702502426696864,0.0003399538651233382,1.0219397146574924,1.0212590132440067,1.0226208697799866,63.83955193103338,0.0,True,Chikungunya,Pernambuco,poisson,lagged,129212.12254682159,108,2063.8211555056378,,2063.8211555056378
Intercept,-1.3050499809060279,0.5980286524616862,0.27115898193530963,0.08397919917013162,0.8755405411194314,-2.1822532675215562,0.02909084594253225,True,Chikungunya,Piaui,poisson,lagged,69294.63971726557,108,1237.4693192277534,,1237.4693192277534
Temp_Avg,-0.07453592534870412,0.025842511905883683,0.9281741284807874,0.8823316716708623,0.976398377664084,-2.884236858249611,0.003923635184671016,True,Chikungunya,Piaui,poisson,lagged,69294.63971726557,108,1237.4693192277534,,1237.4693192277534
Temp_Lag1,-0.43909995523837697,0.027555736678813208,0.6446163436292078,0.6107245748329349,0.680388914409672,-15.934974279819851,3.623497827983812e-57,True,Chikungunya,Piaui,poisson,lagged,69294.63971726557,108,1237.4693192277534,,1237.4693192277534
Temp_Lag2,0.2552187289858927,0.02096877926634246,1.2907439131061784,1.2387712013403602,1.3448971427637348,12.171368001166908,4.416184174501434e-34,True,Chikungunya,Piaui,poisson,lagged,69294.63971726557,108,1237.4693192277534,,1237.4693192277534
Rain_mm,-0.004923300811992826,0.000651785927301761,0.9950887987686807,0.9938183840632283,0.9963608374665545,-7.5535549415344425,4.2353572529073583e-14,True,Chikungunya,Piaui,poisson,lagged,69294.63971726557,108,1237.4693192277534,,1237.4693192277534
Rain_Lag1,-0.012585466003753952,0.0007253469077457125,0.9874933997726246,0.9860904976912589,0.9888982977501627,-17.35096113233323,1.939715605966072e-67,True,Chikungunya,Piaui,poisson,lagged,69294.63971726557,108,1237.4693192277534,,1237.4693192277534
Rain_Lag2,-0.02402821604633605,0.0007632282512436,0.9762581632237145,0.9747988437049279,0.9777196674121607,-31.482346214496914,1.5153991694824598e-217,True,Chikungunya,Piaui,poisson,lagged,69294.63971726557,108,1237.4693192277534,,1237.4693192277534
Intercept,4.421794894730947,0.2049059501484479,83.24556837666816,55.71109016663514,124.38860258571538,21.57963149204548,2.790831804151391e-103,True,Chikungunya,Rio Grande do Norte,poisson,lagged,71798.79842114168,108,911.0749798966183,,911.0749798966183
Temp_Avg,0.24039351495405292,0.015256189605252459,1.2717495043143157,1.2342844177520818,1.3103517944990923,15.757113746887972,6.137253176085968e-56,True,Chikungunya,Rio Grande do Norte,poisson,lagged,71798.79842114168,108,911.0749798966183,,911.0749798966183
Temp_Lag1,-0.46702855939914417,0.019651240144083298,0.626862187349311,0.6031767604828544,0.6514776889179116,-23.76585680979323,7.533484152836837e-125,True,Chikungunya,Rio Grande do Norte,poisson,lagged,71798.79842114168,108,911.0749798966183,,911.0749798966183
Temp_Lag2,-0.2284271935307331,0.013375794402850213,0.7957842333357239,0.7751926107088644,0.8169228360505635,-17.07765435464963,2.176960880989203e-65,True,Chikungunya,Rio Grande do Norte,poisson,lagged,71798.79842114168,108,911.0749798966183,,911.0749798966183
Rain_mm,-0.008523469156602986,0.00046215166196823674,0.9915127526218361,0.9906150299072677,0.9924112888775362,-18.443013101592605,5.934040536016341e-76,True,Chikungunya,Rio Grande do Norte,poisson,lagged,71798.79842114168,108,911.0749798966183,,911.0749798966183
Rain_Lag1,-0.009101450164866715,0.0004814980478816573,0.9909398426628563,0.990005098032765,0.9918754698616588,-18.902361504700576,1.090601575986686e-79,True,Chikungunya,Rio Grande do Norte,poisson,lagged,71798.79842114168,108,911.0749798966183,,911.0749798966183
Rain_Lag2,-0.0020423549418727566,0.0004169162565266949,0.9979597292458564,0.9971445737021979,0.9987755511708781,-4.898717452007022,9.646424195211392e-07,True,Chikungunya,Rio Grande do Norte,poisson,lagged,71798.79842114168,108,911.0749798966183,,911.0749798966183
Intercept,-18.64103162673335,0.39484455827576975,8.022372573316242e-09,3.700022408534635e-09,1.7394073494431985e-08,-47.21106378706622,0.0,True,Chikungunya,Rio Grande do Sul,poisson,lagged,7126.37625807556,108,96.04245373945601,,96.04245373945601
Temp_Avg,0.19069386984605718,0.02328656917211929,1.2100889506566148,1.1560999104826768,1.2665992404496158,8.189006651712889,2.6339098522935105e-16,True,Chikungunya,Rio Grande do Sul,poisson,lagged,7126.37625807556,108,96.04245373945601,,96.04245373945601
Temp_Lag1,0.17489601629810392,0.031134270309085773,1.1911223528609023,1.1206096263799914,1.2660719898222574,5.617476001904718,1.9376707613981064e-08,True,Chikungunya,Rio Grande do Sul,poisson,lagged,7126.37625807556,108,96.04245373945601,,96.04245373945601
Temp_Lag2,-0.037591316136388886,0.02503923287095481,0.9631064665437461,0.9169812880376655,1.011551792821621,-1.5012966383644417,0.13327885408449108,False,Chikungunya,Rio Grande do Sul,poisson,lagged,7126.37625807556,108,96.04245373945601,,96.04245373945601
Rain_mm,-0.0021488939239355416,0.0004987696401762301,0.99785341329566,0.9968783999379501,0.9988293802812626,-4.30838958677652,1.644475349576218e-05,True,Chikungunya,Rio Grande do Sul,poisson,lagged,7126.37625807556,108,96.04245373945601,,96.04245373945601
Rain_Lag1,0.0045493181501257765,0.0005098630117706768,1.0045596820081437,1.0035562953126695,1.0055640719207424,8.92262832388387,4.553508328900136e-19,True,Chikungunya,Rio Grande do Sul,poisson,lagged,7126.37625807556,108,96.04245373945601,,96.04245373945601
Rain_Lag2,0.0010262866426731,0.0004928224168688251,1.0010268134550142,1.000060356526992,1.0019942043656582,2.0824674518534887,0.03729979288209785,True,Chikungunya,Rio Grande do Sul,poisson,lagged,7126.37625807556,108,96.04245373945601,,96.04245373945601
Intercept,-31.36571836676157,0.10822577538645023,2.388039974558396e-14,1.9316033617216613e-14,2.9523322609078235e-14,-289.8174511086804,0.0,True,Chikungunya,Rio de Janeiro,poisson,lagged,296247.6773923188,108,3999.5391591598395,,3999.5391591598395
Temp_Avg,-0.3912485935967115,0.007190221325185454,0.6762120331615563,0.6667491255752428,0.6858092440660929,-54.413984758198,0.0,True,Chikungunya,Rio de Janeiro,poisson,lagged,296247.6773923188,108,3999.5391591598395,,3999.5391591598395
Temp_Lag1,0.023217857685259302,0.009898537570739566,1.0234894903118135,1.0038240170132957,1.043540221218737,2.345584640087858,0.018997264733883804,True,Chikungunya,Rio de Janeiro,poisson,lagged,296247.6773923188,108,3999.5391591598395,,3999.5391591598395
Temp_Lag2,1.2481576757603203,0.007065122463518319,3.483918533779378,3.436006980618417,3.532498163850324,176.66469083945043,0.0,True,Chikungunya,Rio de Janeiro,poisson,lagged,296247.6773923188,108,3999.5391591598395,,3999.5391591598395
Rain_mm,0.020949044159269674,9.216221702084895e-05,1.021170015735093,1.0209855703410065,1.021354494450026,227.30620894819162,0.0,True,Chikungunya,Rio de Janeiro,poisson,lagged,296247.6773923188,108,3999.5391591598395,,3999.5391591598395
Rain_Lag1,0.009271582776474116,0.00010324100616852108,1.009314697042881,1.0091104804822983,1.0095189549313504,89.80523457258873,0.0,True,Chikungunya,Rio de Janeiro,poisson,lagged,296247.6773923188,108,3999.5391591598395,,3999.5391591598395
Rain_Lag2,0.016161633917268672,0.0001068472156225401,1.0162929395401281,1.0160801292054742,1.0165057944463047,151.259289473326,0.0,True,Chikungunya,Rio de Janeiro,poisson,lagged,296247.6773923188,108,3999.5391591598395,,3999.5391591598395
Intercept,-18.32594059801024,0.3465127162655423,1.099373141433858e-08,5.574264135799542e-09,2.168216781016947e-08,-52.88677655329268,0.0,True,Chikungunya,Rondonia,poisson,lagged,35380.09881075413,108,710.5149443385453,,710.5149443385453
Temp_Avg,-0.18587693524543591,0.01554544232239813,0.8303757786855974,0.8054565639133142,0.8560659441120664,-11.957005236037661,5.967547860037971e-33,True,Chikungunya,Rondonia,poisson,lagged,35380.09881075413,108,710.5149443385453,,710.5149443385453
Temp_Lag1,0.25490896114352246,0.01931046177749929,1.2903441440701555,1.2424192116372654,1.3401177272057905,13.20056268361974,8.70821384265797e-40,True,Chikungunya,Rondonia,poisson,lagged,35380.09881075413,108,710.5149443385453,,710.5149443385453
Temp_Lag2,0.31072269144487374,0.015752268121618444,1.3644108059305013,1.3229290372332527,1.407193277149066,19.725584217198367,1.3004626302193546e-86,True,Chikungunya,Rondonia,poisson,lagged,35380.09881075413,108,710.5149443385453,,710.5149443385453
Rain_mm,-0.011640364356094852,0.00038090345171790433,0.9884271225737797,0.9876894671706118,0.9891653288945305,-30.559881522721568,4.1796075832052195e-205,True,Chikungunya,Rondonia,poisson,lagged,35380.09881075413,108,710.5149443385453,,710.5149443385453
Rain_Lag1,-0.006285007240803813,0.0003550647026662997,0.9937347021044616,0.9930433760601275,0.9944265094285777,-17.701019542656844,4.1178451430212915e-70,True,Chikungunya,Rondonia,poisson,lagged,35380.09881075413,108,710.5149443385453,,710.5149443385453
Rain_Lag2,-0.005340831733230431,0.00034916082806033677,0.9946734051516921,0.9939929280822754,0.9953543480685298,-15.29619391413377,8.1060537447443935e-53,True,Chikungunya,Rondonia,poisson,lagged,35380.09881075413,108,710.5149443385453,,710.5149443385453
Intercept,7.118461947708079,0.20064331118467943,1234.5501697696677,833.1394688851568,1829.3625240414642,35.47819214943072,1.066453892374206e-275,True,Chikungunya,Roraima,poisson,lagged,20568.57654292859,105,362.6791547979684,,362.6791547979684
Temp_Avg,-0.20509605831200323,0.004705296645490294,0.8145690665236583,0.8070913341449341,0.8221160803816431,-43.58833751928771,0.0,True,Chikungunya,Roraima,poisson,lagged,20568.57654292859,105,362.6791547979684,,362.6791547979684
Temp_Lag1,-0.18887561662964156,0.005413263832481488,0.8278894759740738,0.8191520052608148,0.836720144767756,-34.891263842771046,1.0086783304462566e-266,True,Chikungunya,Roraima,poisson,lagged,20568.57654292859,105,362.6791547979684,,362.6791547979684
Temp_Lag2,-0.17798064376027292,0.005621793310047028,0.836958623703742,0.8277870375974644,0.8462318277236668,-31.659051470674587,5.69244448826968e-220,True,Chikungunya,Roraima,poisson,lagged,20568.57654292859,105,362.6791547979684,,362.6791547979684
Rain_mm,-0.006469726899861522,0.00048091631317840374,0.9935511567218371,0.9926150806417972,0.994488115559398,-13.45291628205066,2.959653463982009e-41,True,Chikungunya,Roraima,poisson,lagged,20568.57654292859,105,362.6791547979684,,362.6791547979684
Rain_Lag1,-0.005754801072728416,0.0005536396279912607,0.9942617260762818,0.9931834043670753,0.9953412185437829,-10.394489089605514,2.6269095787197524e-25,True,Chikungunya,Roraima,poisson,lagged,20568.57654292859,105,362.6791547979684,,362.6791547979684
Rain_Lag2,-0.0017494861512532445,0.00047369086303260694,0.9982520433075911,0.9973256621870823,0.9991792849113031,-3.6933077831666283,0.00022135584086996544,True,Chikungunya,Roraima,poisson,lagged,20568.57654292859,105,362.6791547979684,,362.6791547979684
Intercept,-22.618050082966384,0.3574234405710542,1.5035077032435194e-10,7.462093437136437e-11,3.029358226020926e-10,-63.280824690259834,0.0,True,Chikungunya,Santa Catarina,poisson,lagged,8451.341420269173,108,105.93763553040422,,105.93763553040422
Temp_Avg,0.38921569275395906,0.022012565476066486,1.4758228412983967,1.4135030620250582,1.5408902303880971,17.681523454280693,5.82020614336538e-70,True,Chikungunya,Santa Catarina,poisson,lagged,8451.341420269173,108,105.93763553040422,,105.93763553040422
Temp_Lag1,0.18442729011267972,0.02860212739689708,1.2025295423185511,1.1369703311070112,1.2718689842512347,6.448027013986639,1.1331557109130463e-10,True,Chikungunya,Santa Catarina,poisson,lagged,8451.341420269173,108,105.93763553040422,,105.93763553040422
Temp_Lag2,0.05396714931772606,0.02234756109067272,1.0554499293352857,1.0102177781896144,1.1027073343830722,2.414901075726358,0.015739483775189883,True,Chikungunya,Santa Catarina,poisson,lagged,8451.341420269173,108,105.93763553040422,,105.93763553040422
Rain_mm,-0.0029598634875474487,0.0004198680684318638,0.9970445125897898,0.996224340891568,0.9978653595190684,-7.0495084291645185,1.7955095802179878e-12,True,Chikungunya,Santa Catarina,poisson,lagged,8451.341420269173,108,105.93763553040422,,105.93763553040422
Rain_Lag1,-0.0017929683546093617,0.00044367515506336903,0.9982086380529283,0.9973409698415217,0.9990770611196429,-4.041173669851485,5.318435200951293e-05,True,Chikungunya,Santa Catarina,poisson,lagged,8451.341420269173,108,105.93763553040422,,105.93763553040422
Rain_Lag2,-0.006647801132580178,0.00044847652527177644,0.9933742466139706,0.9925014404149839,0.9942478203591087,-14.823074916912574,1.039165106331387e-49,True,Chikungunya,Santa Catarina,poisson,lagged,8451.341420269173,108,105.93763553040422,,105.93763553040422
Intercept,-25.952343272778315,0.10772648589413765,5.358466552236572e-12,4.338522840294324e-12,6.618188920146425e-12,-240.90958743684973,0.0,True,Chikungunya,Sao Paulo,poisson,lagged,100339.73391454507,108,1153.8629675948775,,1153.8629675948775
Temp_Avg,0.38192256143718584,0.007377439727335677,1.4650986256079972,1.4440660487722998,1.4864375383545247,51.76898430251427,0.0,True,Chikungunya,Sao Paulo,poisson,lagged,100339.73391454507,108,1153.8629675948775,,1153.8629675948775
Temp_Lag1,0.14252894916629444,0.010499720094492418,1.1531864642608802,1.1296970481320354,1.1771642880305049,13.57454750065741,5.6692733812317644e-42,True,Chikungunya,Sao Paulo,poisson,lagged,100339.73391454507,108,1153.8629675948775,,1153.8629675948775
Temp_Lag2,0.20598438110693218,0.007460279987890492,1.2287340123802883,1.2108979990529551,1.2468327426100043,27.61081104747885,8.252746650475772e-168,True,Chikungunya,Sao Paulo,poisson,lagged,100339.73391454507,108,1153.8629675948775,,1153.8629675948775
Rain_mm,-0.014106189595003739,0.0002511621567236417,0.9859928365235371,0.9855075735642572,0.9864783384258204,-56.163674412642656,0.0,True,Chikungunya,Sao Paulo,poisson,lagged,100339.73391454507,108,1153.8629675948775,,1153.8629675948775
Rain_Lag1,-0.005880524606813179,0.00027744495252447673,0.9941367318357978,0.9935962750891731,0.9946774825584591,-21.195284157474042,1.0555955990184708e-99,True,Chikungunya,Sao Paulo,poisson,lagged,100339.73391454507,108,1153.8629675948775,,1153.8629675948775
Rain_Lag2,-0.008534426359331496,0.00023881952776106508,0.9915018884751182,0.9910378886545155,0.9919661055385085,-35.735881564383824,1.096252127405331e-279,True,Chikungunya,Sao Paulo,poisson,lagged,100339.73391454507,108,1153.8629675948775,,1153.8629675948775
Intercept,-5.094974427577981,0.3316926538944196,0.006127463326924362,0.003198440188171176,0.011738786600311933,-15.360528392044978,3.0111044599028924e-53,True,Chikungunya,Sergipe,poisson,lagged,29124.39094796794,108,280.9921353320193,,280.9921353320193
Temp_Avg,-0.1667238257246011,0.022485508595116426,0.846433342175429,0.8099397453243832,0.8845712374064651,-7.41472335479267,1.218789451401673e-13,True,Chikungunya,Sergipe,poisson,lagged,29124.39094796794,108,280.9921353320193,,280.9921353320193
Temp_Lag1,-0.29256867137350584,0.02892173828111217,0.7463439908090961,0.7052130816193678,0.7898738227285176,-10.115874382438927,4.698030882622931e-24,True,Chikungunya,Sergipe,poisson,lagged,29124.39094796794,108,280.9921353320193,,280.9921353320193
Temp_Lag2,0.3379187864824367,0.022578922078609866,1.4020266352667996,1.3413332730793441,1.4654662830251488,14.966116863593054,1.2225412883007118e-50,True,Chikungunya,Sergipe,poisson,lagged,29124.39094796794,108,280.9921353320193,,280.9921353320193
Rain_mm,-0.014512450775192785,0.0005098700103228548,0.9855923472672403,0.9846078922530378,0.9865777865836027,-28.46304054243817,3.3608024036274645e-178,True,Chikungunya,Sergipe,poisson,lagged,29124.39094796794,108,280.9921353320193,,280.9921353320193
Rain_Lag1,-0.010698282291093535,0.0006025260291108727,0.9893587408000262,0.988191046219605,0.9905278151851302,-17.75571805068841,1.556669557212459e-70,True,Chikungunya,Sergipe,poisson,lagged,29124.39094796794,108,280.9921353320193,,280.9921353320193
Rain_Lag2,-0.01319910825168817,0.0005355193158463854,0.9868876179886251,0.985852306555635,0.9879240166734846,-24.64730563607598,3.9332519864353824e-134,True,Chikungunya,Sergipe,poisson,lagged,29124.39094796794,108,280.9921353320193,,280.9921353320193
Intercept,-51.11656285805978,0.6016335734269708,6.314788608918334e-23,1.9419497164785495e-23,2.0534288214030192e-22,-84.9629494027307,0.0,True,Chikungunya,Tocantins,poisson,lagged,53242.287084216056,108,746.899620120599,,746.899620120599
Temp_Avg,0.7694278294726125,0.0248848681870986,2.158530852652216,2.0557761965008274,2.2664215344949032,30.91950592977291,6.532071847912351e-210,True,Chikungunya,Tocantins,poisson,lagged,53242.287084216056,108,746.899620120599,,746.899620120599
Temp_Lag1,0.24051095949313073,0.027379283576306965,1.2718988731197758,1.2054435176743699,1.3420178712017905,8.784413909984853,1.5718190666336029e-18,True,Chikungunya,Tocantins,poisson,lagged,53242.287084216056,108,746.899620120599,,746.899620120599
Temp_Lag2,0.5668405557820553,0.021842349992787478,1.7626891265335316,1.6888191380024735,1.8397902338284573,25.951445516129475,1.751256537141462e-148,True,Chikungunya,Tocantins,poisson,lagged,53242.287084216056,108,746.899620120599,,746.899620120599
Rain_mm,0.007258074810061445,0.00044862529688287855,1.0072844784763082,1.0063991569029755,1.008170578860198,16.17847870035802,7.154031213882311e-59,True,Chikungunya,Tocantins,poisson,lagged,53242.287084216056,108,746.899620120599,,746.899620120599
Rain_Lag1,0.0077268772085638746,0.00044328388828901146,1.0077568065614113,1.006881611000258,1.0086327628547715,17.43099041652089,4.800726585981464e-68,True,Chikungunya,Tocantins,poisson,lagged,53242.287084216056,108,746.899620120599,,746.899620120599
Rain_Lag2,0.01297995515865532,0.0004025226899054184,1.0130645604378994,1.0122656239526477,1.0138641274883826,32.246517983135924,3.936450294069338e-228,True,Chikungunya,Tocantins,poisson,lagged,53242.287084216056,108,746.899620120599,,746.899620120599
Intercept,-12.554314518918611,0.7570429245646065,3.529640551696578e-06,8.004284812772671e-07,1.5564616596726733e-05,-16.583358897567,9.194309417031546e-62,True,Zika,Acre,poisson,lagged,9371.171593608386,120,127.67559681437346,,127.67559681437346
Temp_Avg,-0.21410731524052243,0.032474635987796215,0.8072617488853295,0.7574804111684589,0.860314698050288,-6.593062823582772,4.3084414810834015e-11,True,Zika,Acre,poisson,lagged,9371.171593608386,120,127.67559681437346,,127.67559681437346
Temp_Lag1,-0.06382878122554225,0.03790110000698613,0.9381656173471848,0.8709985758207021,1.0105122442285224,-1.6840878289489487,0.09216469617857745,False,Zika,Acre,poisson,lagged,9371.171593608386,120,127.67559681437346,,127.67559681437346
Temp_Lag2,0.3923468011324689,0.02918453135332104,1.4804510444836882,1.398143268604603,1.5676042250664868,13.443656037595478,3.3544498413939734e-41,True,Zika,Acre,poisson,lagged,9371.171593608386,120,127.67559681437346,,127.67559681437346
Rain_mm,-0.0014222445523950095,0.0004745152605427566,0.9985787663580776,0.9976504700135158,0.9995079264661811,-2.9972577715798394,0.0027242025687428165,True,Zika,Acre,poisson,lagged,9371.171593608386,120,127.67559681437346,,127.67559681437346
Rain_Lag1,-0.005454238324799451,0.0004641359290236488,0.9945606090271224,0.9936562622625262,0.9954657788560938,-11.751381403014687,6.947373183375229e-32,True,Zika,Acre,poisson,lagged,9371.171593608386,120,127.67559681437346,,127.67559681437346
Rain_Lag2,0.004946131637468619,0.00039066794381546646,1.0049583839387255,1.0041891726224599,1.0057281844727055,12.660705122519456,9.761857982609489e-37,True,Zika,Acre,poisson,lagged,9371.171593608386,120,127.67559681437346,,127.67559681437346
Intercept,-42.8001045694333,0.5607020618774847,2.5831567498228693e-19,8.607390968947516e-20,7.75228965226308e-19,-76.33306078119125,0.0,True,Zika,Alagoas,poisson,lagged,31290.681069753562,120,562.9041059400906,,562.9041059400906
Temp_Avg,0.8656911433280368,0.03652916341948848,2.3766481229635716,2.212435584278768,2.5530489296607515,23.69863041720212,3.7248567873754075e-124,True,Zika,Alagoas,poisson,lagged,31290.681069753562,120,562.9041059400906,,562.9041059400906
Temp_Lag1,-0.09503735327892038,0.04579807845206089,0.9093389670417689,0.8312692020694458,0.9947407589767903,-2.0751384444742738,0.037973705596800564,True,Zika,Alagoas,poisson,lagged,31290.681069753562,120,562.9041059400906,,562.9041059400906
Temp_Lag2,0.4104616432311867,0.033447387077547575,1.5075135579310321,1.4118554545882673,1.6096528295161956,12.271859750345634,1.2827275854985942e-34,True,Zika,Alagoas,poisson,lagged,31290.681069753562,120,562.9041059400906,,562.9041059400906
Rain_mm,0.01716395894966738,0.0009820944121615397,1.017312106076419,1.0153557603621415,1.019272221197148,17.476892992284093,2.1489373382537927e-68,True,Zika,Alagoas,poisson,lagged,31290.681069753562,120,562.9041059400906,,562.9041059400906
Rain_Lag1,0.034091274148870074,0.0008213639463277167,1.034679041867209,1.0330146797331972,1.0363460855713549,41.50568612280915,0.0,True,Zika,Alagoas,poisson,lagged,31290.681069753562,120,562.9041059400906,,562.9041059400906
Rain_Lag2,0.03381337313565795,0.0009118041372203887,1.034391543463024,1.0325445958498656,1.0362417947741527,37.08403126875158,5.082085853411058e-301,True,Zika,Alagoas,poisson,lagged,31290.681069753562,120,562.9041059400906,,562.9041059400906
Intercept,-44.442452966148736,1.551998955805691,4.9990549958049356e-20,2.3867104410231625e-21,1.0470709149103586e-18,-28.63562040418853,2.421240931029895e-180,True,Zika,Amapa,poisson,lagged,3218.8474498356004,116,31.066895752886868,,31.066895752886868
Temp_Avg,0.6749343007357651,0.08955563260566411,1.9639039446870694,1.6477410031084891,2.3407311565842535,7.536480744965199,4.8282422345847636e-14,True,Zika,Amapa,poisson,lagged,3218.8474498356004,116,31.066895752886868,,31.066895752886868
Temp_Lag1,0.029180541292980866,0.11580873538323036,1.0296104649005822,0.8205301854323798,1.2919667408386357,0.25197184993357885,0.8010628224193342,False,Zika,Amapa,poisson,lagged,3218.8474498356004,116,31.066895752886868,,31.066895752886868
Temp_Lag2,0.5825658139131444,0.08637473229775504,1.7906269571401867,1.5117551678330228,2.1209419143135175,6.7446323527220455,1.5341498775642576e-11,True,Zika,Amapa,poisson,lagged,3218.8474498356004,116,31.066895752886868,,31.066895752886868
Rain_mm,3.462434261486229e-06,0.0008643794781049171,1.0000034624402556,0.9983107071213471,1.0016990880284595,0.004005687720718844,0.9968039321593457,False,Zika,Amapa,poisson,lagged,3218.8474498356004,116,31.066895752886868,,31.066895752886868
Rain_Lag1,-0.0031806923515838217,0.0009302071802223895,0.9968243606915224,0.9950086002188985,0.9986434346893692,-3.419337561792844,0.0006277379965465656,True,Zika,Amapa,poisson,lagged,3218.8474498356004,116,31.066895752886868,,31.066895752886868
Rain_Lag2,-0.004587116962118785,0.0008515284516534589,0.9954233877905788,0.9937634160000066,0.9970861323802913,-5.38692154467855,7.167470156873744e-08,True,Zika,Amapa,poisson,lagged,3218.8474498356004,116,31.066895752886868,,31.066895752886868
Intercept,-24.131946523259234,0.918643596047673,3.308482085200208e-11,5.465923787601364e-12,2.0025990360348995e-10,-26.269106568731697,4.324624454206346e-152,True,Zika,Amazonas,poisson,lagged,24410.60769959038,120,508.31148811775415,,508.31148811775415
Temp_Avg,-0.1478759279426871,0.05330901852199688,0.86253812518312,0.7769637338808496,0.9575376365102037,-2.7739382949185063,0.0055382181693311786,True,Zika,Amazonas,poisson,lagged,24410.60769959038,120,508.31148811775415,,508.31148811775415
Temp_Lag1,0.24166543950154873,0.0674718197432466,1.2733681028765276,1.1156315675016868,1.4534066376899248,3.5817240504431114,0.0003413342287661006,True,Zika,Amazonas,poisson,lagged,24410.60769959038,120,508.31148811775415,,508.31148811775415
Temp_Lag2,0.33418048915827087,0.04957299048899199,1.3967952272194761,1.2674632066778815,1.5393242947832195,6.741180749070965,1.5710461790696456e-11,True,Zika,Amazonas,poisson,lagged,24410.60769959038,120,508.31148811775415,,508.31148811775415
Rain_mm,0.002528916008485288,0.0007063764641479105,1.0025321164138576,1.001145073235071,1.0039210812809505,3.5801249572150944,0.00034342993745201355,True,Zika,Amazonas,poisson,lagged,24410.60769959038,120,508.31148811775415,,508.31148811775415
Rain_Lag1,0.01399486618121143,0.0006834017957967591,1.0140932527541342,1.012735817103499,1.0154525078640149,20.478240278685842,3.3660044679881414e-93,True,Zika,Amazonas,poisson,lagged,24410.60769959038,120,508.31148811775415,,508.31148811775415
Rain_Lag2,0.01336398467027028,0.0006641970473803718,1.0134536818385473,1.0121351996735348,1.0147738815559382,20.120512012178523,4.880122573536742e-90,True,Zika,Amazonas,poisson,lagged,24410.60769959038,120,508.31148811775415,,508.31148811775415
Intercept,-13.0725707489275,0.30837767963052537,2.102106230579637e-06,1.1485721439310906e-06,3.847255592946752e-06,-42.39142977076051,0.0,True,Zika,Bahia,poisson,lagged,209719.0294388702,120,3658.911775347415,,3658.911775347415
Temp_Avg,-0.07991809593371402,0.018339573613974376,0.9231919564654041,0.8905966387727832,0.9569802437799932,-4.357685604687019,1.314450169401856e-05,True,Zika,Bahia,poisson,lagged,209719.0294388702,120,3658.911775347415,,3658.911775347415
Temp_Lag1,0.6790323328453547,0.020863358216124592,1.9719685994332061,1.8929569887167128,2.0542781375010475,32.546645933565635,2.335563812999707e-232,True,Zika,Bahia,poisson,lagged,209719.0294388702,120,3658.911775347415,,3658.911775347415
Temp_Lag2,-0.3989101033118261,0.015105805919651273,0.6710510239066513,0.65147420078697,0.6912161312638301,-26.40773391592967,1.1167657805127489e-153,True,Zika,Bahia,poisson,lagged,209719.0294388702,120,3658.911775347415,,3658.911775347415
Rain_mm,0.030628631784815424,0.0005245145019819957,1.0311025140754786,1.0300430354519963,1.0321630824543544,58.39425157756033,0.0,True,Zika,Bahia,poisson,lagged,209719.0294388702,120,3658.911775347415,,3658.911775347415
Rain_Lag1,-0.005502574511482589,0.0006937446904810436,0.9945125369216773,0.9931611778056062,0.995865734784068,-7.93169963962837,2.161667474676786e-15,True,Zika,Bahia,poisson,lagged,209719.0294388702,120,3658.911775347415,,3658.911775347415
Rain_Lag2,-0.13236623553306293,0.0006861585701997276,0.876020106631858,0.8748427646362329,0.8771990330655453,-192.90910480726583,0.0,True,Zika,Bahia,poisson,lagged,209719.0294388702,120,3658.911775347415,,3658.911775347415
Intercept,-14.678086309920635,0.24476549454278976,4.220735242859373e-07,2.6123990404328767e-07,6.819251467556532e-07,-59.967955603131884,0.0,True,Zika,Ceara,poisson,lagged,33821.071732125485,120,470.8519177443113,,470.8519177443113
Temp_Avg,-0.034405409704958645,0.02104633231894591,0.9661797265896674,0.9271348812353146,1.006868884955644,-1.634746101295136,0.10210228384790386,False,Zika,Ceara,poisson,lagged,33821.071732125485,120,470.8519177443113,,470.8519177443113
Temp_Lag1,0.1762538771821789,0.027054307552384818,1.1927408298966518,1.1311416521945648,1.2576945465163107,6.514817532879056,7.277807194790622e-11,True,Zika,Ceara,poisson,lagged,33821.071732125485,120,470.8519177443113,,470.8519177443113
Temp_Lag2,0.018550131196444664,0.01774762410354361,1.0187232537050552,0.983895868675461,1.0547834386544546,1.0452177197476713,0.29592235555848456,False,Zika,Ceara,poisson,lagged,33821.071732125485,120,470.8519177443113,,470.8519177443113
Rain_mm,-0.018152058932195105,0.000828756288798494,0.982011697354625,0.9804178493934518,0.983608136406245,-21.90277066676793,2.444547841089867e-106,True,Zika,Ceara,poisson,lagged,33821.071732125485,120,470.8519177443113,,470.8519177443113
Rain_Lag1,-0.009019377698931949,0.0007817219359605188,0.9910211748768587,0.9895039196607813,0.9925407565752722,-11.537833702785433,8.503993783071419e-31,True,Zika,Ceara,poisson,lagged,33821.071732125485,120,470.8519177443113,,470.8519177443113
Rain_Lag2,0.00019539849764685369,0.0007107994231333412,1.0001954175891767,0.9988029486665312,1.001589827805351,0.2748996289072652,0.7833933522567099,False,Zika,Ceara,poisson,lagged,33821.071732125485,120,470.8519177443113,,470.8519177443113
Intercept,-19.378569308113104,0.8656649583427438,3.837021938373021e-09,7.032753470591737e-10,2.0934527873215904e-08,-22.385761513567612,5.4172262710099004e-111,True,Zika,Distrito Federal,poisson,lagged,9913.27787853658,117,137.4387977323541,,137.4387977323541
Temp_Avg,-0.43951495184781103,0.046146228055010396,0.6443488855331561,0.588627596773646,0.7053449219226429,-9.524396042161241,1.6600437002567256e-21,True,Zika,Distrito Federal,poisson,lagged,9913.27787853658,117,137.4387977323541,,137.4387977323541
Temp_Lag1,0.20899245998764654,0.05491320425724261,1.2324357059147744,1.1066778278803169,1.3724841421309393,3.8058689674821173,0.0001413071836497133,True,Zika,Distrito Federal,poisson,lagged,9913.27787853658,117,137.4387977323541,,137.4387977323541
Temp_Lag2,0.5581169091631918,0.04203547179378993,1.7473789269746718,1.609184267497949,1.8974415647144316,13.27728428744898,3.1356121106145676e-40,True,Zika,Distrito Federal,poisson,lagged,9913.27787853658,117,137.4387977323541,,137.4387977323541
Rain_mm,0.014660283128445143,0.0005825828732335561,1.0147682721503581,1.013610207684655,1.0159276597216265,25.164287867020544,9.859455144732424e-140,True,Zika,Distrito Federal,poisson,lagged,9913.27787853658,117,137.4387977323541,,137.4387977323541
Rain_Lag1,0.0035339644692517188,0.0006278824900929663,1.0035402162840812,1.0023059694559642,1.004775982972679,5.628385127810251,1.8190458135021962e-08,True,Zika,Distrito Federal,poisson,lagged,9913.27787853658,117,137.4387977323541,,137.4387977323541
Rain_Lag2,0.0008064926793999222,0.0006237936133004364,1.0008068179820664,0.9995839437727375,1.0020311882351656,1.2928838356212744,0.1960512389444955,False,Zika,Distrito Federal,poisson,lagged,9913.27787853658,117,137.4387977323541,,137.4387977323541
Intercept,-9.910296390827135,0.28620573527149956,4.9660714466396035e-05,2.833933945167962e-05,8.702343135124662e-05,-34.626477283643744,1.009633651996211e-262,True,Zika,Espirito Santo,poisson,lagged,41516.45940867431,120,556.0837147791038,,556.0837147791038
Temp_Avg,-0.08087627111618101,0.016267415503993334,0.9223078004998628,0.8933646797362087,0.952188616986821,-4.971673041506038,6.637758100936198e-07,True,Zika,Espirito Santo,poisson,lagged,41516.45940867431,120,556.0837147791038,,556.0837147791038
Temp_Lag1,-0.14205887880414192,0.020071890424280495,0.8675701734877517,0.8341018314344124,0.902381433009421,-7.077503703004308,1.4677427217362215e-12,True,Zika,Espirito Santo,poisson,lagged,41516.45940867431,120,556.0837147791038,,556.0837147791038
Temp_Lag2,0.29417612410701954,0.015298262856009074,1.3420202449709075,1.302377615378744,1.3828695430917868,19.229380935330756,2.1012133906441537e-82,True,Zika,Espirito Santo,poisson,lagged,41516.45940867431,120,556.0837147791038,,556.0837147791038
Rain_mm,-0.02112851259489268,0.0004447013207122151,0.9790931306851474,0.9782401106352121,0.9799468945639214,-47.5116929292095,0.0,True,Zika,Espirito Santo,poisson,lagged,41516.45940867431,120,556.0837147791038,,556.0837147791038
Rain_Lag1,-0.007614783991502165,0.0004680903965389769,0.9924141350255378,0.9915040550981049,0.9933250502954689,-16.267763764873774,1.6715160768519889e-59,True,Zika,Espirito Santo,poisson,lagged,41516.45940867431,120,556.0837147791038,,556.0837147791038
Rain_Lag2,-0.014434395476321867,0.00041509563797590115,0.9856692809749739,0.9848676789485867,0.986471535440082,-34.77366215339481,6.084733692887456e-265,True,Zika,Espirito Santo,poisson,lagged,41516.45940867431,120,556.0837147791038,,556.0837147791038
Intercept,21.074223278491395,0.399687712487564,1420426873.4526255,648929968.4671785,3109137504.6095552,52.72672293909236,0.0,True,Zika,Goias,poisson,lagged,54860.634647970786,120,866.4668293102586,,866.4668293102586
Temp_Avg,-1.238123521384106,0.024683886016157435,0.2899277510404219,0.27623483102465984,0.30429942709090474,-50.15918160429287,0.0,True,Zika,Goias,poisson,lagged,54860.634647970786,120,866.4668293102586,,866.4668293102586
Temp_Lag1,0.08020072625411245,0.03507439368796385,1.083504533655017,1.0115207733888516,1.1606109388320696,2.2865890988055537,0.022219818126394134,True,Zika,Goias,poisson,lagged,54860.634647970786,120,866.4668293102586,,866.4668293102586
Temp_Lag2,-0.08882820068471586,0.02445278680039833,0.9150027569191918,0.8721833069145967,0.9599244087019682,-3.6326411958602964,0.00028053497974868337,True,Zika,Goias,poisson,lagged,54860.634647970786,120,866.4668293102586,,866.4668293102586
Rain_mm,0.003999683009516877,0.0005940122876021853,1.0040076924164079,1.0028394425280263,1.0051773032482705,6.7333337929122035,1.6581905775040983e-11,True,Zika,Goias,poisson,lagged,54860.634647970786,120,866.4668293102586,,866.4668293102586
Rain_Lag1,-0.018617129749276318,0.0006813071528937001,0.981555098555771,0.9802452419179911,0.9828667054947392,-27.32560442115456,2.105760032361563e-164,True,Zika,Goias,poisson,lagged,54860.634647970786,120,866.4668293102586,,866.4668293102586
Rain_Lag2,-0.02698106461423455,0.0006074109544767128,0.973379672669434,0.9722215289129988,0.974539196046584,-44.419786003824804,0.0,True,Zika,Goias,poisson,lagged,54860.634647970786,120,866.4668293102586,,866.4668293102586
Intercept,-92.99556367923233,0.8908933458470754,4.0976971022252747e-41,7.148190649424695e-42,2.3490030365847627e-40,-104.38462035072301,0.0,True,Zika,Maranhao,poisson,lagged,10544.836429340474,120,100.2697335219411,,100.2697335219411
Temp_Avg,2.650954417121442,0.05484702205605569,14.167553950790005,12.72354550689678,15.775444418361669,48.33360714483401,0.0,True,Zika,Maranhao,poisson,lagged,10544.836429340474,120,100.2697335219411,,100.2697335219411
Temp_Lag1,0.08307647420096709,0.06730369976658825,1.0866249041421583,0.9523346552471307,1.2398516380731195,1.2343522642749123,0.2170716685405235,False,Zika,Maranhao,poisson,lagged,10544.836429340474,120,100.2697335219411,,100.2697335219411
Temp_Lag2,0.23932299741553265,0.05191737049115396,1.2703888026228034,1.1474762335707256,1.406467221379646,4.609690266503581,4.032693194833741e-06,True,Zika,Maranhao,poisson,lagged,10544.836429340474,120,100.2697335219411,,100.2697335219411
Rain_mm,0.010990749253753054,0.0007665325257994035,1.0110513694217973,1.0095335025623065,1.0125715184440864,14.338268610703757,1.2616382707343714e-46,True,Zika,Maranhao,poisson,lagged,10544.836429340474,120,100.2697335219411,,100.2697335219411
Rain_Lag1,0.00226208015035137,0.0008166622092675283,1.002264640583926,1.0006616410080982,1.0038702080683604,2.7699091799291775,0.005607192512016548,True,Zika,Maranhao,poisson,lagged,10544.836429340474,120,100.2697335219411,,100.2697335219411
Rain_Lag2,0.00020109250912517251,0.0007804349087857716,1.0002011127295791,0.998672322232921,1.0017322435337943,0.25766724022896337,0.7966637310579596,False,Zika,Maranhao,poisson,lagged,10544.836429340474,120,100.2697335219411,,100.2697335219411
Intercept,-3.2981670375569037,0.2850562886344603,0.036950834858877665,0.021133890054515388,0.06460543672963463,-11.570230754622228,5.832559247010938e-31,True,Zika,Mato Grosso,poisson,lagged,140196.79100173942,120,3684.7263373396863,,3684.7263373396863
Temp_Avg,-0.027378266789301886,0.01604475604803589,0.9729931209209632,0.9428708251142134,1.0040777465405581,-1.7063685298383442,0.08793948607917994,False,Zika,Mato Grosso,poisson,lagged,140196.79100173942,120,3684.7263373396863,,3684.7263373396863
Temp_Lag1,-1.065888649128913,0.020581936451493574,0.34442164873438225,0.33080399319649934,0.3585998795560051,-51.787578474014985,0.0,True,Zika,Mato Grosso,poisson,lagged,140196.79100173942,120,3684.7263373396863,,3684.7263373396863
Temp_Lag2,0.8545071483785873,0.016505071238678864,2.350215787429595,2.275403066393219,2.4274882674913187,51.77239988980415,0.0,True,Zika,Mato Grosso,poisson,lagged,140196.79100173942,120,3684.7263373396863,,3684.7263373396863
Rain_mm,0.05346717223681891,0.0005745531102207504,1.0549223604577367,1.053735055619949,1.0561110031012377,93.05871169381741,0.0,True,Zika,Mato Grosso,poisson,lagged,140196.79100173942,120,3684.7263373396863,,3684.7263373396863
Rain_Lag1,-0.015100963741274417,0.0006254585267327504,0.9850124840368537,0.9838056983506208,0.9862207500272717,-24.143829040365528,8.668608351985889e-129,True,Zika,Mato Grosso,poisson,lagged,140196.79100173942,120,3684.7263373396863,,3684.7263373396863
Rain_Lag2,-0.04306659273779437,0.0006543508617326693,0.957847602248928,0.9566199236114099,0.959076856428414,-65.81575001484286,0.0,True,Zika,Mato Grosso,poisson,lagged,140196.79100173942,120,3684.7263373396863,,3684.7263373396863
Intercept,-2.51855360225596,0.2694920589812241,0.08057606754723519,0.04751270937890796,0.1366477042931757,-9.345557756978032,9.140641748181967e-21,True,Zika,Mato Grosso do Sul,poisson,lagged,20829.55504818874,120,277.17307088964293,,277.17307088964293
Temp_Avg,-0.2903400012525693,0.0177931757662472,0.7480092002733881,0.7223722973038491,0.7745559537401329,-16.317491889409105,7.41188430674139e-60,True,Zika,Mato Grosso do Sul,poisson,lagged,20829.55504818874,120,277.17307088964293,,277.17307088964293
Temp_Lag1,0.20635872593025112,0.024878807542840477,1.2291940687015375,1.1706934471922583,1.2906180197341688,8.294558554500986,1.0898918262445862e-16,True,Zika,Mato Grosso do Sul,poisson,lagged,20829.55504818874,120,277.17307088964293,,277.17307088964293
Temp_Lag2,-0.2460929175696014,0.017633606820475496,0.7818495739880464,0.755289026118315,0.8093441519823328,-13.955903637584079,2.8960765551833243e-44,True,Zika,Mato Grosso do Sul,poisson,lagged,20829.55504818874,120,277.17307088964293,,277.17307088964293
Rain_mm,-0.0033916216735746275,0.0006241229918267523,0.9966141233783642,0.995395729564116,0.9978340085426779,-5.4342200463528085,5.503662992253429e-08,True,Zika,Mato Grosso do Sul,poisson,lagged,20829.55504818874,120,277.17307088964293,,277.17307088964293
Rain_Lag1,0.004175304952011197,0.0006346810926978236,1.004184033681874,1.0029356305592207,1.0054339907530647,6.578587262247452,4.749391110148571e-11,True,Zika,Mato Grosso do Sul,poisson,lagged,20829.55504818874,120,277.17307088964293,,277.17307088964293
Rain_Lag2,0.011220900724709635,0.0006183500409632643,1.0112840911612804,1.0100591915635742,1.0125104761957184,18.146518931622843,1.368004292514955e-73,True,Zika,Mato Grosso do Sul,poisson,lagged,20829.55504818874,120,277.17307088964293,,277.17307088964293
Intercept,15.8036392980381,0.43805514528464057,7301857.297242893,3094234.8533056225,17231116.097195927,36.07682609861635,5.237539887419306e-285,True,Zika,Minas Gerais,poisson,lagged,71517.07342931186,120,1153.2246679175942,,1153.2246679175942
Temp_Avg,-0.6390129474101305,0.02832521877695134,0.5278131463436894,0.499308880260594,0.5579446480259431,-22.559859199749766,1.0746424912716168e-112,True,Zika,Minas Gerais,poisson,lagged,71517.07342931186,120,1153.2246679175942,,1153.2246679175942
Temp_Lag1,-2.192493405307637,0.03376131105156717,0.11163804241047531,0.10448982560293008,0.11927527337066969,-64.94100308956644,0.0,True,Zika,Minas Gerais,poisson,lagged,71517.07342931186,120,1153.2246679175942,,1153.2246679175942
Temp_Lag2,1.7737644945641433,0.01842553532086379,5.892995808359897,5.683972916375177,6.1097053255302844,96.26664645969097,0.0,True,Zika,Minas Gerais,poisson,lagged,71517.07342931186,120,1153.2246679175942,,1153.2246679175942
Rain_mm,0.009201839807870843,0.0005679604668677891,1.0092443068942918,1.0081214386993522,1.0103684257649286,16.201549834300113,4.917201977768482e-59,True,Zika,Minas Gerais,poisson,lagged,71517.07342931186,120,1153.2246679175942,,1153.2246679175942
Rain_Lag1,-0.0598775973222625,0.0007460206206899645,0.9418798151401993,0.9405036044752612,0.9432580395728521,-80.2626571727791,0.0,True,Zika,Minas Gerais,poisson,lagged,71517.07342931186,120,1153.2246679175942,,1153.2246679175942
Rain_Lag2,-0.05290110110056818,0.0007374000616153819,0.9484738108599775,0.9471039679109882,0.9498456350800506,-71.7400280448589,0.0,True,Zika,Minas Gerais,poisson,lagged,71517.07342931186,120,1153.2246679175942,,1153.2246679175942
Intercept,-33.674257233568106,0.6578261052479839,2.373864365752972e-15,6.538874710504043e-16,8.618045575853178e-15,-51.19021115903231,0.0,True,Zika,Para,poisson,lagged,22390.071954442377,120,387.31061413724905,,387.31061413724905
Temp_Avg,0.19037724335041178,0.03561215042032189,1.209705865083471,1.12814808842838,1.297159739069355,5.345850815057043,8.999331006782392e-08,True,Zika,Para,poisson,lagged,22390.071954442377,120,387.31061413724905,,387.31061413724905
Temp_Lag1,-0.18493812865864556,0.04162066693953851,0.8311557069797656,0.7660447919197108,0.9018008039893296,-4.443420595044798,8.85398421627061e-06,True,Zika,Para,poisson,lagged,22390.071954442377,120,387.31061413724905,,387.31061413724905
Temp_Lag2,0.8824279788645271,0.039989987393384115,2.416760431928601,2.2345672911531627,2.6138085026392606,22.066222981868574,6.6739306327437205e-108,True,Zika,Para,poisson,lagged,22390.071954442377,120,387.31061413724905,,387.31061413724905
Rain_mm,0.004130359891176043,0.0008554324057709664,1.0041389015836304,1.0024567251917673,1.0058239007581058,4.828388383829717,1.3764244655805686e-06,True,Zika,Para,poisson,lagged,22390.071954442377,120,387.31061413724905,,387.31061413724905
Rain_Lag1,0.0026635552639505677,0.0010118108146275058,1.0026671056788148,1.0006806375959971,1.0046575171330698,2.632463722905695,0.008476807513736015,True,Zika,Para,poisson,lagged,22390.071954442377,120,387.31061413724905,,387.31061413724905
Rain_Lag2,-0.03589583412427443,0.0009728265004634481,0.9647407813176646,0.9629030241565814,0.9665820459465805,-36.898495371141614,4.8850626840541904e-298,True,Zika,Para,poisson,lagged,22390.071954442377,120,387.31061413724905,,387.31061413724905
Intercept,16.1618906594967,0.9911966251846065,10447681.643825093,1497256.9233122268,72902686.25991696,16.305433502143543,9.029603313215104e-60,True,Zika,Paraiba,poisson,lagged,25977.030953003537,120,367.7808531179807,,367.7808531179807
Temp_Avg,0.5561990229578613,0.05674750212421274,1.7440308646626643,1.56044949689778,1.949209931460697,9.801295248915372,1.111510861950743e-22,True,Zika,Paraiba,poisson,lagged,25977.030953003537,120,367.7808531179807,,367.7808531179807
Temp_Lag1,0.06825432242128837,0.06526632279150496,1.0706375609941818,0.942077561967637,1.2167414162985315,1.0457816451422988,0.2956618573928884,False,Zika,Paraiba,poisson,lagged,25977.030953003537,120,367.7808531179807,,367.7808531179807
Temp_Lag2,-1.6475703766949872,0.057526701167275096,0.1925170848557843,0.1719893520135696,0.21549489853560866,-28.640098306770835,2.129498831742687e-180,True,Zika,Paraiba,poisson,lagged,25977.030953003537,120,367.7808531179807,,367.7808531179807
Rain_mm,0.008699252189456733,0.0009658010087991192,1.0087372006450273,1.0068294975912395,1.0106485183435487,9.007292506634899,2.1120617109953416e-19,True,Zika,Paraiba,poisson,lagged,25977.030953003537,120,367.7808531179807,,367.7808531179807
Rain_Lag1,0.0004701412430276608,0.000895666347385522,1.0004702517767434,0.9987154609296589,1.0022281258753019,0.5249066735621113,0.599648069942555,False,Zika,Paraiba,poisson,lagged,25977.030953003537,120,367.7808531179807,,367.7808531179807
Rain_Lag2,-0.013868210885841156,0.0008891300986419039,0.9862275097485246,0.9845103127149218,0.9879477019418671,-15.597504692534947,7.569541162931586e-55,True,Zika,Paraiba,poisson,lagged,25977.030953003537,120,367.7808531179807,,367.7808531179807
Intercept,18.174034373826856,0.4423246660395855,78141697.70649661,32837379.007608388,185950435.29627368,41.08754444229974,0.0,True,Zika,Parana,poisson,lagged,11284.736947109053,120,155.8242344680447,,155.8242344680447
Temp_Avg,-1.3518221541946163,0.03253916170511938,0.25876831502696807,0.24278016615282066,0.2758093542935744,-41.54446775381845,0.0,True,Zika,Parana,poisson,lagged,11284.736947109053,120,155.8242344680447,,155.8242344680447
Temp_Lag1,-0.08636812442001429,0.038636787196279936,0.9172565045425072,0.850359372795574,0.9894163832869294,-2.235385773181733,0.02539203330088477,True,Zika,Parana,poisson,lagged,11284.736947109053,120,155.8242344680447,,155.8242344680447
Temp_Lag2,-0.08430744991697431,0.02876152297826757,0.9191486204821488,0.8687672423815876,0.9724517054973878,-2.9312581945218157,0.0033759206835989927,True,Zika,Parana,poisson,lagged,11284.736947109053,120,155.8242344680447,,155.8242344680447
Rain_mm,0.010487543420218652,0.0007658304598699188,1.0105427304604804,1.0090270156781902,1.0120607220810174,13.694340940682912,1.0975165216428746e-42,True,Zika,Parana,poisson,lagged,11284.736947109053,120,155.8242344680447,,155.8242344680447
Rain_Lag1,-0.012052026441700558,0.0008014620858231818,0.9880203083437741,0.986469479532927,0.9895735752128181,-15.03755031571072,4.166864336989179e-51,True,Zika,Parana,poisson,lagged,11284.736947109053,120,155.8242344680447,,155.8242344680447
Rain_Lag2,0.012103547125755662,0.0007531278257468631,1.0121770914685573,1.0106840881584966,1.0136723002737968,16.071039619008626,4.071994547532494e-58,True,Zika,Parana,poisson,lagged,11284.736947109053,120,155.8242344680447,,155.8242344680447
Intercept,-0.5955850341754374,0.411310523985319,0.5512399772887777,0.24616489537885686,1.234398235758482,-1.4480179801980846,0.14761202212751454,False,Zika,Pernambuco,poisson,lagged,21074.092962670482,120,229.4601134732774,,229.4601134732774
Temp_Avg,-0.09160033470811824,0.031168239552251106,0.9124697591719634,0.8583957109594205,0.9699501649102495,-2.9388998552374916,0.003293794822393646,True,Zika,Pernambuco,poisson,lagged,21074.092962670482,120,229.4601134732774,,229.4601134732774
Temp_Lag1,-0.6913129862631706,0.035634255571711924,0.5009179387300297,0.46712605756881664,0.5371543232836601,-19.40023651881663,7.681717569869781e-84,True,Zika,Pernambuco,poisson,lagged,21074.092962670482,120,229.4601134732774,,229.4601134732774
Temp_Lag2,0.3709080317700675,0.027799560226716258,1.449049800713057,1.3722076877048661,1.5301949870712008,13.34222659441976,1.3147315040475629e-40,True,Zika,Pernambuco,poisson,lagged,21074.092962670482,120,229.4601134732774,,229.4601134732774
Rain_mm,-0.009842685469807964,0.0008996431699574106,0.9902055952250814,0.9884611035755093,0.9919531656514557,-10.940654915741671,7.366582777243579e-28,True,Zika,Pernambuco,poisson,lagged,21074.092962670482,120,229.4601134732774,,229.4601134732774
Rain_Lag1,0.014424880855216496,0.0007746296682706081,1.014529421506389,1.0129902564444244,1.0160709252177853,18.62164779645043,2.1451069819500642e-77,True,Zika,Pernambuco,poisson,lagged,21074.092962670482,120,229.4601134732774,,229.4601134732774
Rain_Lag2,0.014346394714699506,0.000812508137550157,1.0144497981323604,1.0128355563428235,1.0160666126757256,17.656924345344034,9.001275292895379e-70,True,Zika,Pernambuco,poisson,lagged,21074.092962670482,120,229.4601134732774,,229.4601134732774
Intercept,-38.75277451866309,1.8096386684434256,1.4787129221767804e-17,4.260772398614807e-19,5.131914361169496e-16,-21.414647683228708,9.757892320534756e-102,True,Zika,Piaui,poisson,lagged,3381.656658024655,116,42.68808173495654,,42.68808173495654
Temp_Avg,0.5219862246851668,0.1027894344240781,1.6853718546095924,1.3778425871293598,2.061540494424779,5.078208938591971,3.810095631961968e-07,True,Zika,Piaui,poisson,lagged,3381.656658024655,116,42.68808173495654,,42.68808173495654
Temp_Lag1,0.08362374365947411,0.11746927216881864,1.0872197435189137,0.8636255202321108,1.3687029192695022,0.711877600972073,0.4765405736224758,False,Zika,Piaui,poisson,lagged,3381.656658024655,116,42.68808173495654,,42.68808173495654
Temp_Lag2,0.3721575631200207,0.09372271331791449,1.4508615655594483,1.2073900482115885,1.7434293793754414,3.970836416756675,7.162074470258737e-05,True,Zika,Piaui,poisson,lagged,3381.656658024655,116,42.68808173495654,,42.68808173495654
Rain_mm,-0.012787194437315103,0.0027924810017817877,0.9872942143672919,0.9819052547560757,0.9927127500354146,-4.579151811294697,4.668652648353863e-06,True,Zika,Piaui,poisson,lagged,3381.656658024655,116,42.68808173495654,,42.68808173495654
Rain_Lag1,-0.00885120203413374,0.0027687442115578932,0.9911878545371111,0.9858235057171933,0.9965813934078798,-3.19682908850342,0.001389472283762845,True,Zika,Piaui,poisson,lagged,3381.656658024655,116,42.68808173495654,,42.68808173495654
Rain_Lag2,-0.005805093578829773,0.0027577251019947325,0.9942117234197468,0.9888523657625393,0.9996001275913708,-2.1050298213664593,0.03528871227469492,True,Zika,Piaui,poisson,lagged,3381.656658024655,116,42.68808173495654,,42.68808173495654
Intercept,11.201223232044287,0.40545116581234886,73219.95206801144,33075.19706371678,162090.0812930618,27.62656560526069,5.338031254298663e-168,True,Zika,Rio Grande do Norte,poisson,lagged,32862.562264135406,120,454.2795859386387,,454.2795859386387
Temp_Avg,0.48443432197022984,0.028941793358436645,1.623256508537439,1.5337387882436782,1.7179989922055219,16.73822751654107,6.90127481773759e-63,True,Zika,Rio Grande do Norte,poisson,lagged,32862.562264135406,120,454.2795859386387,,454.2795859386387
Temp_Lag1,-0.6699677384634874,0.03720671464441288,0.5117250865578062,0.47573566759980934,0.5504371062479891,-18.006635223411017,1.7281963203077208e-72,True,Zika,Rio Grande do Norte,poisson,lagged,32862.562264135406,120,454.2795859386387,,454.2795859386387
Temp_Lag2,-0.5497695627315884,0.02618504782050864,0.5770827764383806,0.5482125202929127,0.6074734132009486,-20.99555313017218,7.201977706890859e-98,True,Zika,Rio Grande do Norte,poisson,lagged,32862.562264135406,120,454.2795859386387,,454.2795859386387
Rain_mm,-0.0031268837834681693,0.000732104862345757,0.9968779998261436,0.9954485799345145,0.9983094723011684,-4.271087304965079,1.9452223211672855e-05,True,Zika,Rio Grande do Norte,poisson,lagged,32862.562264135406,120,454.2795859386387,,454.2795859386387
Rain_Lag1,-0.0225906394634445,0.0007928099564797897,0.9776626183620573,0.9761446008074397,0.9791829966092345,-28.49439424770945,1.3746074376043018e-178,True,Zika,Rio Grande do Norte,poisson,lagged,32862.562264135406,120,454.2795859386387,,454.2795859386387
Rain_Lag2,-0.0029302784921771824,0.0006853463236109466,0.9970740105834255,0.9957355613651676,0.998414258920224,-4.275617145997307,1.9060854078737537e-05,True,Zika,Rio Grande do Norte,poisson,lagged,32862.562264135406,120,454.2795859386387,,454.2795859386387
Intercept,1.086841501634398,0.5420850529539953,2.964894653004206,1.0246537983648514,8.579093072646609,2.0049280010799966,0.04497074471986397,True,Zika,Rio Grande do Sul,poisson,lagged,3205.9887445242944,118,33.550672782758156,,33.550672782758156
Temp_Avg,-0.1949668919863206,0.03647637766390003,0.8228619009281094,0.7660861928970232,0.8838453352598633,-5.34501791221653,9.04081126625464e-08,True,Zika,Rio Grande do Sul,poisson,lagged,3205.9887445242944,118,33.550672782758156,,33.550672782758156
Temp_Lag1,-0.4309136207825821,0.04854839072033822,0.6499150475033827,0.5909236447669678,0.7147955115891403,-8.87596096160734,6.933216097352241e-19,True,Zika,Rio Grande do Sul,poisson,lagged,3205.9887445242944,118,33.550672782758156,,33.550672782758156
Temp_Lag2,-0.17372156499012992,0.03713004957178267,0.8405308983088997,0.7815341264819791,0.9039812428821129,-4.678732374280245,2.8865390938519716e-06,True,Zika,Rio Grande do Sul,poisson,lagged,3205.9887445242944,118,33.550672782758156,,33.550672782758156
Rain_mm,0.007390796247552905,0.0007870319733818466,1.0074181755922949,1.0058653477659372,1.0089734006324185,9.390719179800197,5.959195306666783e-21,True,Zika,Rio Grande do Sul,poisson,lagged,3205.9887445242944,118,33.550672782758156,,33.550672782758156
Rain_Lag1,0.008979471289396367,0.0008128249130226944,1.0090199076835735,1.007413680716317,1.0106286956296215,11.047239258457198,2.2606007139870678e-28,True,Zika,Rio Grande do Sul,poisson,lagged,3205.9887445242944,118,33.550672782758156,,33.550672782758156
Rain_Lag2,-0.003858930767810743,0.0008301733598003372,0.9961485053373113,0.9945289504507214,0.9977706976112083,-4.648343291500999,3.346116916244122e-06,True,Zika,Rio Grande do Sul,poisson,lagged,3205.9887445242944,118,33.550672782758156,,33.550672782758156
Intercept,-3.93158333204601,0.14607061664956067,0.019612594706578355,0.014729813045499482,0.02611396831285863,-26.915634521337765,1.4411834840963263e-159,True,Zika,Rio de Janeiro,poisson,lagged,363010.04505574686,120,15947.844919448613,,15947.844919448613
Temp_Avg,-1.261658632678124,0.00760937809646727,0.28318393862146474,0.27899176499392164,0.28743910450157073,-165.8031203974293,0.0,True,Zika,Rio de Janeiro,poisson,lagged,363010.04505574686,120,15947.844919448613,,15947.844919448613
Temp_Lag1,-0.6603928768391807,0.008140811077925494,0.5166483154564276,0.5084700995239358,0.5249580695381657,-81.1212630434199,0.0,True,Zika,Rio de Janeiro,poisson,lagged,363010.04505574686,120,15947.844919448613,,15947.844919448613
Temp_Lag2,1.653830626193591,0.006819998145306158,5.226964072144563,5.157559125225325,5.297302997044452,242.49722521285943,0.0,True,Zika,Rio de Janeiro,poisson,lagged,363010.04505574686,120,15947.844919448613,,15947.844919448613
Rain_mm,0.009483489623409735,0.0001405209193432142,1.0095286004008899,1.0092505933085612,1.0098066840727555,67.48809833962771,0.0,True,Zika,Rio de Janeiro,poisson,lagged,363010.04505574686,120,15947.844919448613,,15947.844919448613
Rain_Lag1,-0.011452875559148028,0.00016949998492238905,0.9886124589595657,0.988284076708257,0.9889409503241402,-67.56859338006484,0.0,True,Zika,Rio de Janeiro,poisson,lagged,363010.04505574686,120,15947.844919448613,,15947.844919448613
Rain_Lag2,-0.011245126811414317,0.00018176074515536593,0.9888178632954165,0.9884656586233408,0.9891701934631331,-61.867741584147765,0.0,True,Zika,Rio de Janeiro,poisson,lagged,363010.04505574686,120,15947.844919448613,,15947.844919448613
Intercept,-31.619494517814683,0.5287561319735108,1.8527977316283858e-14,6.5726681319980355e-15,5.222931335320185e-14,-59.79976894036045,0.0,True,Zika,Rondonia,poisson,lagged,12512.086434120247,120,152.15155125940998,,152.15155125940998
Temp_Avg,0.10741609416363376,0.02165263810806309,1.1133974362840626,1.0671343983430475,1.1616660966498211,4.960877913700213,7.017528949713861e-07,True,Zika,Rondonia,poisson,lagged,12512.086434120247,120,152.15155125940998,,152.15155125940998
Temp_Lag1,0.06880733950752949,0.02718085481672654,1.0712298056041836,1.015654126034828,1.1298465363349754,2.5314634131810623,0.011358766689879287,True,Zika,Rondonia,poisson,lagged,12512.086434120247,120,152.15155125940998,,152.15155125940998
Temp_Lag2,0.6380329178562589,0.02312103249544175,1.8927540123597661,1.8088941544400923,1.9805015912680042,27.595347136078175,1.2653785316376194e-167,True,Zika,Rondonia,poisson,lagged,12512.086434120247,120,152.15155125940998,,152.15155125940998
Rain_mm,0.001239059801453472,0.0004207524096978169,1.001239827753196,1.000414470947803,1.0020658654902186,2.944866797895135,0.0032309372628367954,True,Zika,Rondonia,poisson,lagged,12512.086434120247,120,152.15155125940998,,152.15155125940998
Rain_Lag1,0.004198741097225376,0.00041233184791431644,1.0042075681604867,1.003396325161892,1.0050194670466768,10.18291727516009,2.3636698073001182e-24,True,Zika,Rondonia,poisson,lagged,12512.086434120247,120,152.15155125940998,,152.15155125940998
Rain_Lag2,0.0011740688696478701,0.0004418523125757444,1.0011747583583126,1.0003080857856799,1.0020421818209548,2.657152257060114,0.007880384332642529,True,Zika,Rondonia,poisson,lagged,12512.086434120247,120,152.15155125940998,,152.15155125940998
Intercept,-7.790530182548073,0.3980465698137049,0.0004136335245576132,0.0001895796207562899,0.0009024846233757278,-19.57190633798006,2.6844980765455234e-85,True,Zika,Roraima,poisson,lagged,3358.335271472687,111,38.52906387382829,,38.52906387382829
Temp_Avg,-0.06506862547242677,0.013017893332805633,0.9370031588865216,0.913397882582791,0.9612184749987528,-4.998399034999859,5.780826174409612e-07,True,Zika,Roraima,poisson,lagged,3358.335271472687,111,38.52906387382829,,38.52906387382829
Temp_Lag1,-0.021534912554500255,0.015763752151752082,0.9786953081193975,0.9489189717660647,1.0094060026561027,-1.3661032187762943,0.1719065681685883,False,Zika,Roraima,poisson,lagged,3358.335271472687,111,38.52906387382829,,38.52906387382829
Temp_Lag2,-0.0002670700509168067,0.015595947405763094,0.9997329656091146,0.9696354266323501,1.0307647339132913,-0.017124323644366588,0.9863374342939619,False,Zika,Roraima,poisson,lagged,3358.335271472687,111,38.52906387382829,,38.52906387382829
Rain_mm,0.0029980663331057537,0.0006330089068400655,1.003002565028647,1.0017589139533398,1.0042477600562723,4.736215084353051,2.1774649685319984e-06,True,Zika,Roraima,poisson,lagged,3358.335271472687,111,38.52906387382829,,38.52906387382829
Rain_Lag1,-0.002701365830448092,0.0007506738365521659,0.9973022795749635,0.9958360070103945,0.9987707110845983,-3.5985879604588678,0.00031994963879047444,True,Zika,Roraima,poisson,lagged,3358.335271472687,111,38.52906387382829,,38.52906387382829
Rain_Lag2,0.0012685586208115891,0.0006781935176356655,1.0012693635816428,0.9999393011684943,1.002601195168201,1.8704965291235292,0.06141489854018667,False,Zika,Roraima,poisson,lagged,3358.335271472687,111,38.52906387382829,,38.52906387382829
Intercept,-7.9936580221878195,0.606243278601126,0.0003375968849976217,0.0001028853961181831,0.0011077534913621723,-13.185561480587065,1.0625989612049236e-39,True,Zika,Santa Catarina,poisson,lagged,2357.9280146637175,120,22.284903381979525,,22.284903381979525
Temp_Avg,-0.08679039904591268,0.041852396742882665,0.9168692521643796,0.844660002363505,0.9952516079987055,-2.073725898640968,0.03810477453304114,True,Zika,Santa Catarina,poisson,lagged,2357.9280146637175,120,22.284903381979525,,22.284903381979525
Temp_Lag1,-0.3939526283189163,0.05430257934463245,0.6743860022823968,0.6062967757476483,0.7501218846390955,-7.254768246250104,4.0235014133512913e-13,True,Zika,Santa Catarina,poisson,lagged,2357.9280146637175,120,22.284903381979525,,22.284903381979525
Temp_Lag2,0.18244453973708907,0.04219703316773302,1.2001475886070159,1.104881793156282,1.3036274498873037,4.323634294664102,1.5347963750496482e-05,True,Zika,Santa Catarina,poisson,lagged,2357.9280146637175,120,22.284903381979525,,22.284903381979525
Rain_mm,0.008832865519598207,0.000733164243410915,1.0088719903862955,1.007423280550718,1.0103227835171753,12.047594517846214,1.996928014150148e-33,True,Zika,Santa Catarina,poisson,lagged,2357.9280146637175,120,22.284903381979525,,22.284903381979525
Rain_Lag1,0.002190320671697025,0.0007989225235743653,1.0021927211763244,1.0006246275240664,1.0037632722113359,2.741593342365126,0.006114198582178068,True,Zika,Santa Catarina,poisson,lagged,2357.9280146637175,120,22.284903381979525,,22.284903381979525
Rain_Lag2,-0.00036795478536329196,0.0007962404167547023,0.9996321129016965,0.998073272524813,1.0011933879528545,-0.4621151823251993,0.6439987232018718,False,Zika,Santa Catarina,poisson,lagged,2357.9280146637175,120,22.284903381979525,,22.284903381979525
Intercept,-12.477946519680305,0.22446378159944383,3.8097517833296708e-06,2.4537440122206185e-06,5.915127486117985e-06,-55.59002183232942,0.0,True,Zika,Sao Paulo,poisson,lagged,34633.08093950509,120,628.8705345186323,,628.8705345186323
Temp_Avg,0.06995513677722076,0.015351518271343179,1.0724600661600554,1.0406714824047039,1.1052196711014937,4.556887178241299,5.1917292454145835e-06,True,Zika,Sao Paulo,poisson,lagged,34633.08093950509,120,628.8705345186323,,628.8705345186323
Temp_Lag1,-0.2727640050717415,0.020606089562527043,0.7612724228624171,0.7311388144483356,0.792647976496899,-13.237058115469575,5.3607847111022375e-40,True,Zika,Sao Paulo,poisson,lagged,34633.08093950509,120,628.8705345186323,,628.8705345186323
Temp_Lag2,0.1701978491350734,0.014269853484153827,1.1855393860604801,1.152840545384087,1.2191656873348384,11.927091565731363,8.550908587356371e-33,True,Zika,Sao Paulo,poisson,lagged,34633.08093950509,120,628.8705345186323,,628.8705345186323
Rain_mm,0.021688947654413905,0.00046970693848734786,1.0219258625912544,1.020985484415957,1.022867106901405,46.17548917685006,0.0,True,Zika,Sao Paulo,poisson,lagged,34633.08093950509,120,628.8705345186323,,628.8705345186323
Rain_Lag1,0.002716794952048575,0.0005457014337430354,1.0027204887838246,1.0016485775542268,1.003793547116019,4.978537317400348,6.406659211670533e-07,True,Zika,Sao Paulo,poisson,lagged,34633.08093950509,120,628.8705345186323,,628.8705345186323
Rain_Lag2,-0.0012222628253555252,0.0004912580179581892,0.9987784838336161,0.9978172571148448,0.999740636530364,-2.488026211634375,0.012845426527428202,True,Zika,Sao Paulo,poisson,lagged,34633.08093950509,120,628.8705345186323,,628.8705345186323
Intercept,-12.081831964329176,0.7751014765296439,5.661441793642888e-06,1.239216964164931e-06,2.586465817501552e-05,-15.587419622038489,8.86423915491263e-55,True,Zika,Sergipe,poisson,lagged,7242.10352484789,117,68.46800438711922,,68.46800438711922
Temp_Avg,-0.06610023967546905,0.0519927484301384,0.9360370315405465,0.8453487400918241,1.0364542855059635,-1.2713357472203377,0.20360923022310284,False,Zika,Sergipe,poisson,lagged,7242.10352484789,117,68.46800438711922,,68.46800438711922
Temp_Lag1,-0.14931240727196607,0.06783786956054932,0.8612999964816266,0.754066565578248,0.9837827557974003,-2.2010185201747214,0.027734712763678927,True,Zika,Sergipe,poisson,lagged,7242.10352484789,117,68.46800438711922,,68.46800438711922
Temp_Lag2,0.2917842177563941,0.05283498365194221,1.3388140941591276,1.2071082820304064,1.4848901340517646,5.522557169290771,3.3410103736593293e-08,True,Zika,Sergipe,poisson,lagged,7242.10352484789,117,68.46800438711922,,68.46800438711922
Rain_mm,-0.010990092656168933,0.001018352326497516,0.9890700777841611,0.9870978918944275,0.9910462040299787,-10.79203372959127,3.753890588664058e-27,True,Zika,Sergipe,poisson,lagged,7242.10352484789,117,68.46800438711922,,68.46800438711922
Rain_Lag1,-0.005280018329459309,0.0011496851243785065,0.9947338964664227,0.9924949037712777,0.9969779401580715,-4.592577756725839,4.378043046602964e-06,True,Zika,Sergipe,poisson,lagged,7242.10352484789,117,68.46800438711922,,68.46800438711922
Rain_Lag2,-0.0073941305650500385,0.0009973946457616455,0.992633138765965,0.990694542181772,0.9945755288067243,-7.41344521596426,1.2305989079623295e-13,True,Zika,Sergipe,poisson,lagged,7242.10352484789,117,68.46800438711922,,68.46800438711922
Intercept,-35.76632617446553,0.7196988319831423,2.930096370486774e-16,7.149273161084855e-17,1.2008863764043084e-15,-49.69624040643614,0.0,True,Zika,Tocantins,poisson,lagged,30885.39658748308,120,365.58378567409136,,365.58378567409136
Temp_Avg,0.6254579673501675,0.03260215271942854,1.8691017490301565,1.7534017320930817,1.9924363506001892,19.18456037958007,4.9813610494350897e-82,True,Zika,Tocantins,poisson,lagged,30885.39658748308,120,365.58378567409136,,365.58378567409136
Temp_Lag1,-0.1336252467817829,0.036837874519439186,0.8749178814660404,0.8139734901934126,0.9404253437383253,-3.6273875332104035,0.00028630341737153757,True,Zika,Tocantins,poisson,lagged,30885.39658748308,120,365.58378567409136,,365.58378567409136
Temp_Lag2,0.5148339962027575,0.028782497861275083,1.6733606945101902,1.5815735993945923,1.7704746810413912,17.887050619586148,1.4877751649999245e-71,True,Zika,Tocantins,poisson,lagged,30885.39658748308,120,365.58378567409136,,365.58378567409136
Rain_mm,-0.005440065029888842,0.000620284279114444,0.9945747053278359,0.9933662787072802,0.9957846019951695,-8.770277134309149,1.7822706953473003e-18,True,Zika,Tocantins,poisson,lagged,30885.39658748308,120,365.58378567409136,,365.58378567409136
Rain_Lag1,-0.005259346397626666,0.0006061386984035056,0.9947544597502628,0.9935733615003607,0.9959369620163453,-8.676803529421788,4.070474053428871e-18,True,Zika,Tocantins,poisson,lagged,30885.39658748308,120,365.58378567409136,,365.58378567409136
Rain_Lag2,0.012635715539813762,0.0005048015108197946,1.0127158834974042,1.011714386829274,1.0137183715476765,25.031057294764107,2.807599294677169e-138,True,Zika,Tocantins,poisson,lagged,30885.39658748308,120,365.58378567409136,,365.58378567409136
