Term,Coef,SE,IRR,IRR_CI_L,IRR_CI_U,z,p_value,Significant,Virus,Location_Name,Model,Spec,AIC,n,dispersion,alpha,overdispersion
Intercept,-6.721188908536012,7.358526701882589,0.0012051046027616026,6.566294600935345e-10,2211.7148130854894,-0.9133878534158854,0.3610385916055141,False,Dengue,Acre,quasi-poisson,lagged,79020.63023188504,120,999.1395528101756,,999.1395528101756
Temp_Avg,-0.3014690921801009,0.3074171187056741,0.739730689464237,0.40494393852857963,1.3513018491487208,-0.9806516092837758,0.3267645746436352,False,Dengue,Acre,quasi-poisson,lagged,79020.63023188504,120,999.1395528101756,,999.1395528101756
Temp_Lag1,0.035680020683584,0.364574084493001,1.0363241911260632,0.5071820915591208,2.117519224331484,0.09786768232087265,0.9220373625307832,False,Dengue,Acre,quasi-poisson,lagged,79020.63023188504,120,999.1395528101756,,999.1395528101756
Temp_Lag2,0.25568687984131616,0.29347796197748666,1.2913483174383955,0.7264904613626259,2.2953921154356447,0.8712302556501005,0.3836284430387651,False,Dengue,Acre,quasi-poisson,lagged,79020.63023188504,120,999.1395528101756,,999.1395528101756
Rain_mm,-0.0025303232514647875,0.004446324824009319,0.99747287531804,0.9888178701230964,1.0062036367439213,-0.5690819613091507,0.5693005194276346,False,Dengue,Acre,quasi-poisson,lagged,79020.63023188504,120,999.1395528101756,,999.1395528101756
Rain_Lag1,-0.0024873840828524268,0.0044083318623078455,0.997515706893589,0.9889339694697187,1.0061719146253727,-0.5642461049995074,0.5725866545594749,False,Dengue,Acre,quasi-poisson,lagged,79020.63023188504,120,999.1395528101756,,999.1395528101756
Rain_Lag2,-0.001647804268272022,0.0042718218349652925,0.9983535526157858,0.9900294636192386,1.0067476298906304,-0.3857380602310185,0.6996906722233307,False,Dengue,Acre,quasi-poisson,lagged,79020.63023188504,120,999.1395528101756,,999.1395528101756
Intercept,-14.948139672672452,6.266300582068165,3.2218508040115517e-07,1.493216177930399e-12,0.06951654259262736,-2.3854807915612124,0.017056813101445467,True,Dengue,Alagoas,quasi-poisson,lagged,109820.5703408352,120,1187.0704535489006,,1187.0704535489006
Temp_Avg,0.37268567160048305,0.3680143912342778,1.4516279802134238,0.7056594415920117,2.986176714626642,1.0126932002592026,0.31120672677009376,False,Dengue,Alagoas,quasi-poisson,lagged,109820.5703408352,120,1187.0704535489006,,1187.0704535489006
Temp_Lag1,0.2656126056346664,0.4389235055155134,1.30422970956796,0.551740492695337,3.08299854340943,0.6051455488188214,0.5450822918377114,False,Dengue,Alagoas,quasi-poisson,lagged,109820.5703408352,120,1187.0704535489006,,1187.0704535489006
Temp_Lag2,-0.4268305894402995,0.3416112789392131,0.652574095806828,0.3340753555073883,1.274721237282889,-1.2494628127200988,0.2114958467535779,False,Dengue,Alagoas,quasi-poisson,lagged,109820.5703408352,120,1187.0704535489006,,1187.0704535489006
Rain_mm,0.031209092749513556,0.010464217903016498,1.031701202576344,1.0107566670511456,1.0530797432213366,2.982458224662636,0.0028594366917726877,True,Dengue,Alagoas,quasi-poisson,lagged,109820.5703408352,120,1187.0704535489006,,1187.0704535489006
Rain_Lag1,0.02431405603903844,0.009551825141113697,1.0246120529694616,1.0056081458641715,1.043975094481878,2.545487975317305,0.010912512221901816,True,Dengue,Alagoas,quasi-poisson,lagged,109820.5703408352,120,1187.0704535489006,,1187.0704535489006
Rain_Lag2,0.011052275636959664,0.00994142494380896,1.0111135776694984,0.9916025400542762,1.0310085196954557,1.111739584559504,0.26625013474528836,False,Dengue,Alagoas,quasi-poisson,lagged,109820.5703408352,120,1187.0704535489006,,1187.0704535489006
Intercept,-86.91237342742689,10.833069273510183,1.796535532921429e-38,1.0792972848776295e-47,2.990408635573674e-29,-8.02287617969465,1.1102230246251565e-15,True,Dengue,Amapa,quasi-poisson,lagged,22472.851907763965,120,221.7925435526017,,221.7925435526017
Temp_Avg,1.2663185923354794,0.5400128635502663,3.547767712551401,1.2310819043240055,10.224060395992588,2.3449785696032883,0.01902817326098183,True,Dengue,Amapa,quasi-poisson,lagged,22472.851907763965,120,221.7925435526017,,221.7925435526017
Temp_Lag1,0.42791126242667676,0.6994430399406517,1.534049947057914,0.3894588389637153,6.04251079865115,0.611788577470133,0.5406776480635762,False,Dengue,Amapa,quasi-poisson,lagged,22472.851907763965,120,221.7925435526017,,221.7925435526017
Temp_Lag2,1.2069296790087911,0.5248201274158423,3.343204168495665,1.1951625835078639,9.35187753237863,2.2997015852871017,0.021465132255987562,True,Dengue,Amapa,quasi-poisson,lagged,22472.851907763965,120,221.7925435526017,,221.7925435526017
Rain_mm,0.008476674002604493,0.004356939631119765,1.0085127027329932,0.9999370743055144,1.0171618771913333,1.945556909271641,0.051707987402941136,False,Dengue,Amapa,quasi-poisson,lagged,22472.851907763965,120,221.7925435526017,,221.7925435526017
Rain_Lag1,0.0019730356587134915,0.004999401707295318,1.001974983374329,0.9922047500970382,1.0118414240707871,0.3946543555070524,0.6930979929566918,False,Dengue,Amapa,quasi-poisson,lagged,22472.851907763965,120,221.7925435526017,,221.7925435526017
Rain_Lag2,0.00323865739971798,0.004663416633181559,1.0032439075168413,0.9941157412634274,1.0124558903880707,0.6944816760900141,0.48738018828406937,False,Dengue,Amapa,quasi-poisson,lagged,22472.851907763965,120,221.7925435526017,,221.7925435526017
Intercept,-19.95904499972228,5.9160288619800285,2.1473206103850216e-09,1.9772949677163275e-14,0.00023319665902501928,-3.3737233988142195,0.0007415884426309471,True,Dengue,Amazonas,quasi-poisson,lagged,29015.81667418591,120,293.0133433070684,,293.0133433070684
Temp_Avg,0.6615339643524969,0.36015994202276164,1.9377625143651662,0.9565908412912547,3.9253183283777053,1.836778295323828,0.06624263134125297,False,Dengue,Amazonas,quasi-poisson,lagged,29015.81667418591,120,293.0133433070684,,293.0133433070684
Temp_Lag1,-0.05475889835697867,0.4457396345452038,0.9467133745895536,0.3951821101130641,2.2679827621000177,-0.12284951597999617,0.902226263111338,False,Dengue,Amazonas,quasi-poisson,lagged,29015.81667418591,120,293.0133433070684,,293.0133433070684
Temp_Lag2,-0.222638052065248,0.3319029522798267,0.8004045016281905,0.4176264782996925,1.5340199903870504,-0.6707926233736611,0.5023526473733542,False,Dengue,Amazonas,quasi-poisson,lagged,29015.81667418591,120,293.0133433070684,,293.0133433070684
Rain_mm,0.0005642743477620605,0.004897601326101366,1.0005644335804806,0.99100566893336,1.0102153974797787,0.11521443053251526,0.9082751609357451,False,Dengue,Amazonas,quasi-poisson,lagged,29015.81667418591,120,293.0133433070684,,293.0133433070684
Rain_Lag1,0.006560326981649309,0.004646852539165554,1.0065818930610866,0.9974557381394861,1.015791547130036,1.4117786020443337,0.1580151608738647,False,Dengue,Amazonas,quasi-poisson,lagged,29015.81667418591,120,293.0133433070684,,293.0133433070684
Rain_Lag2,0.0024891595715865675,0.004469725407522274,1.0024922601013104,0.9937481225957965,1.0113133385730275,0.5568931745555252,0.577600418284747,False,Dengue,Amazonas,quasi-poisson,lagged,29015.81667418591,120,293.0133433070684,,293.0133433070684
Intercept,-33.66986206519362,14.68656728646044,2.3843208615356573e-15,7.514606479605219e-28,0.007565247742757143,-2.292561727220894,0.021873249953385132,True,Dengue,Bahia,quasi-poisson,lagged,987153.3291657662,120,17017.77340090936,,17017.77340090936
Temp_Avg,0.2649168481569759,0.87392775400329,1.3033225975964633,0.23504423472259064,7.226936646246238,0.30313357934159235,0.7617880647103976,False,Dengue,Bahia,quasi-poisson,lagged,987153.3291657662,120,17017.77340090936,,17017.77340090936
Temp_Lag1,0.4792224873519073,1.0884893610065691,1.6148183722577854,0.19124180435853672,13.635294773168576,0.4402638229819273,0.6597460394043257,False,Dengue,Bahia,quasi-poisson,lagged,987153.3291657662,120,17017.77340090936,,17017.77340090936
Temp_Lag2,0.2617137365367823,0.8267806354060382,1.2991545887017237,0.25697504271544136,6.567963283554021,0.31654555674039553,0.7515884521392513,False,Dengue,Bahia,quasi-poisson,lagged,987153.3291657662,120,17017.77340090936,,17017.77340090936
Rain_mm,0.01712887034479696,0.023077271792964083,1.0172764106401542,0.9722886220147069,1.064345783971606,0.7422398322673175,0.4579420389508888,False,Dengue,Bahia,quasi-poisson,lagged,987153.3291657662,120,17017.77340090936,,17017.77340090936
Rain_Lag1,0.017869593648542362,0.028232240158561822,1.0180302101278236,0.9632275550084333,1.0759508522613088,0.632949902245825,0.526766358721185,False,Dengue,Bahia,quasi-poisson,lagged,987153.3291657662,120,17017.77340090936,,17017.77340090936
Rain_Lag2,-0.021143732092466894,0.026056974468390545,0.9790782294930146,0.9303304791340394,1.0303802798758617,-0.8114423306557,0.41711169813566396,False,Dengue,Bahia,quasi-poisson,lagged,987153.3291657662,120,17017.77340090936,,17017.77340090936
Intercept,-2.8569655453865717,5.1914745268049325,0.05744280364908637,2.188584395420424e-06,1507.6757825615514,-0.550318706301132,0.5821007960029583,False,Dengue,Ceara,quasi-poisson,lagged,282875.6960637794,120,3376.7930826828133,,3376.7930826828133
Temp_Avg,-0.2133006919165129,0.42060611962691224,0.8079131677300581,0.3542725714127913,1.8424335928368456,-0.5071269341152614,0.6120657576938786,False,Dengue,Ceara,quasi-poisson,lagged,282875.6960637794,120,3376.7930826828133,,3376.7930826828133
Temp_Lag1,0.012266258578035094,0.5651941723347771,1.0123417976725035,0.33436759104555225,3.0649977532516854,0.021702733641721834,0.9826850831566496,False,Dengue,Ceara,quasi-poisson,lagged,282875.6960637794,120,3376.7930826828133,,3376.7930826828133
Temp_Lag2,0.01156813233769105,0.41339019258196397,1.0116353019396505,0.4499239794146441,2.274619782350765,0.027983567450980122,0.9776752572894598,False,Dengue,Ceara,quasi-poisson,lagged,282875.6960637794,120,3376.7930826828133,,3376.7930826828133
Rain_mm,-0.016101184902972934,0.014544164947351904,0.9840277462656594,0.9563725471215605,1.0124826442739736,-1.107054613397005,0.2682703168479317,False,Dengue,Ceara,quasi-poisson,lagged,282875.6960637794,120,3376.7930826828133,,3376.7930826828133
Rain_Lag1,-0.006365026512060196,0.01354503073641103,0.9936551873591755,0.9676224616344413,1.020388292452444,-0.4699159888172177,0.6384150405942295,False,Dengue,Ceara,quasi-poisson,lagged,282875.6960637794,120,3376.7930826828133,,3376.7930826828133
Rain_Lag2,-0.0001379021593725313,0.012584082257779912,0.9998621073486932,0.9755023563566043,1.0248301577103631,-0.010958459786551017,0.9912565891227045,False,Dengue,Ceara,quasi-poisson,lagged,282875.6960637794,120,3376.7930826828133,,3376.7930826828133
Intercept,-46.04745978217626,10.222073088694163,1.0042510880526385e-20,1.998195774798034e-29,5.047154340804505e-12,-4.504708524644161,6.646410548594162e-06,True,Dengue,Distrito Federal,quasi-poisson,lagged,923475.2946590099,120,14247.319189907243,,14247.319189907243
Temp_Avg,0.46977368560106814,0.5494738145670065,1.599632132464554,0.544877112742369,4.696146891423882,0.8549519069826044,0.39257777283111683,False,Dengue,Distrito Federal,quasi-poisson,lagged,923475.2946590099,120,14247.319189907243,,14247.319189907243
Temp_Lag1,-0.1175374665005533,0.6449331612937059,0.8891071993870254,0.25117472596760715,3.147257786214479,-0.1822475157964875,0.8553884851221172,False,Dengue,Distrito Federal,quasi-poisson,lagged,923475.2946590099,120,14247.319189907243,,14247.319189907243
Temp_Lag2,1.3856130207848663,0.4910245634870811,3.9972755668983795,1.5268470787812567,10.464841030757787,2.821881274013539,0.004774284848734878,True,Dengue,Distrito Federal,quasi-poisson,lagged,923475.2946590099,120,14247.319189907243,,14247.319189907243
Rain_mm,0.018565118251209163,0.006710713715774105,1.0187385214806577,1.0054267913432047,1.0322264973286666,2.7664893836210402,0.005666342981738293,True,Dengue,Distrito Federal,quasi-poisson,lagged,923475.2946590099,120,14247.319189907243,,14247.319189907243
Rain_Lag1,0.005404699633830318,0.0069680774455783585,1.005419331371068,0.9917812281485562,1.0192449737949973,0.7756371360740124,0.43796326709899924,False,Dengue,Distrito Federal,quasi-poisson,lagged,923475.2946590099,120,14247.319189907243,,14247.319189907243
Rain_Lag2,0.0010263569084238864,0.007529929885521335,1.0010268837929175,0.9863615523222052,1.0159102610163655,0.1363036474479505,0.8915812405504562,False,Dengue,Distrito Federal,quasi-poisson,lagged,923475.2946590099,120,14247.319189907243,,14247.319189907243
Intercept,-25.07020618332526,6.379611822211354,1.2946363431426857e-11,4.8052123069699297e-17,3.4880524603558534e-06,-3.92973849851498,8.503829307215938e-05,True,Dengue,Espirito Santo,quasi-poisson,lagged,624734.4024567979,120,8288.017546772855,,8288.017546772855
Temp_Avg,0.3262684775207353,0.3733396971700454,1.3857873716911708,0.6666585195001898,2.88064516295164,0.8739185251230583,0.3821626253880692,False,Dengue,Espirito Santo,quasi-poisson,lagged,624734.4024567979,120,8288.017546772855,,8288.017546772855
Temp_Lag1,0.030272410327761623,0.47222545151681494,1.0307352786479955,0.4084893342193092,2.6008395462271063,0.0641058423058836,0.9488859499297426,False,Dengue,Espirito Santo,quasi-poisson,lagged,624734.4024567979,120,8288.017546772855,,8288.017546772855
Temp_Lag2,0.43396716290399817,0.3602083996580419,1.5433681875550493,0.7618227968342325,3.126692154993705,1.2047669163627999,0.22829329507912943,False,Dengue,Espirito Santo,quasi-poisson,lagged,624734.4024567979,120,8288.017546772855,,8288.017546772855
Rain_mm,-0.005653568650634602,0.008892048065496504,0.9943623826937784,0.9771823682849496,1.0118444419456856,-0.6358005050121065,0.5249064582719061,False,Dengue,Espirito Santo,quasi-poisson,lagged,624734.4024567979,120,8288.017546772855,,8288.017546772855
Rain_Lag1,-0.0024375742427606116,0.009756627212714546,0.9975653942288873,0.9786702039033804,1.0168253940847276,-0.24983779636307488,0.802712789126605,False,Dengue,Espirito Santo,quasi-poisson,lagged,624734.4024567979,120,8288.017546772855,,8288.017546772855
Rain_Lag2,-0.0033583333205727366,0.008797763279316622,0.9966472995732972,0.9796088209028609,1.0139821309808754,-0.381725810748752,0.7026647530588015,False,Dengue,Espirito Santo,quasi-poisson,lagged,624734.4024567979,120,8288.017546772855,,8288.017546772855
Intercept,-14.930642297827381,7.093075309042598,3.278720822310597e-07,3.005777606434167e-13,0.3576448972020294,-2.104960351794527,0.035294759474565396,True,Dengue,Goias,quasi-poisson,lagged,1218566.1327568283,120,15285.200193894932,,15285.200193894932
Temp_Avg,-0.1373403419092667,0.41261816476295265,0.871673508616091,0.3882631510689236,1.9569580670512972,-0.33285093492713325,0.739246807759498,False,Dengue,Goias,quasi-poisson,lagged,1218566.1327568283,120,15285.200193894932,,15285.200193894932
Temp_Lag1,-0.2746273709183864,0.5669506222432702,0.7598552146284343,0.2501109672713592,2.3084951191748124,-0.4843938081093557,0.6281064119409359,False,Dengue,Goias,quasi-poisson,lagged,1218566.1327568283,120,15285.200193894932,,15285.200193894932
Temp_Lag2,0.7524427142855588,0.4165902240089712,2.122177563855618,0.9379354727008432,4.801649733497832,1.8061938829110762,0.07088806009502613,False,Dengue,Goias,quasi-poisson,lagged,1218566.1327568283,120,15285.200193894932,,15285.200193894932
Rain_mm,0.0029270749339317947,0.0102508346766043,1.0029313630005763,0.982981910806552,1.0232856859643131,0.28554503377293955,0.7752266078352836,False,Dengue,Goias,quasi-poisson,lagged,1218566.1327568283,120,15285.200193894932,,15285.200193894932
Rain_Lag1,-0.0020621349786497933,0.010825953252332026,0.9979399897609345,0.9769879083184787,1.0193414009371908,-0.19048068383313843,0.8489324781528444,False,Dengue,Goias,quasi-poisson,lagged,1218566.1327568283,120,15285.200193894932,,15285.200193894932
Rain_Lag2,0.002903493468821572,0.009948292361581046,1.0029077126884873,0.9835417815343259,1.0226549588986118,0.29185847814791505,0.7703948315528844,False,Dengue,Goias,quasi-poisson,lagged,1218566.1327568283,120,15285.200193894932,,15285.200193894932
Intercept,-76.18686022626959,9.067335292392952,8.174609397569315e-34,1.5638510693623033e-41,4.2730564381733734e-26,-8.402342890108697,0.0,True,Dengue,Maranhao,quasi-poisson,lagged,65578.28358895677,120,624.8848618149619,,624.8848618149619
Temp_Avg,2.3651156138017178,0.5679948621116306,10.64526948644312,3.4967909765050944,32.407359547769595,4.1639736053402725,3.127562861893196e-05,True,Dengue,Maranhao,quasi-poisson,lagged,65578.28358895677,120,624.8848618149619,,624.8848618149619
Temp_Lag1,-0.19660568818999824,0.6890457203696337,0.8215145023261281,0.21285687231236666,3.170609763267371,-0.2853303959054132,0.7753910277435854,False,Dengue,Maranhao,quasi-poisson,lagged,65578.28358895677,120,624.8848618149619,,624.8848618149619
Temp_Lag2,0.2412653574876561,0.5242492470740419,1.2728587530991387,0.45554391026871405,3.5565603420873213,0.46021116641409543,0.6453646567115103,False,Dengue,Maranhao,quasi-poisson,lagged,65578.28358895677,120,624.8848618149619,,624.8848618149619
Rain_mm,0.016914985465461337,0.00759799427129556,1.0170588538646952,1.002024964170089,1.0323183046455333,2.2262435139447803,0.025997874754355443,True,Dengue,Maranhao,quasi-poisson,lagged,65578.28358895677,120,624.8848618149619,,624.8848618149619
Rain_Lag1,0.010510621640521182,0.007978785482895757,1.010566052257351,0.9948853268065203,1.0264939269464295,1.317320996165765,0.1877310502448628,False,Dengue,Maranhao,quasi-poisson,lagged,65578.28358895677,120,624.8848618149619,,624.8848618149619
Rain_Lag2,-0.0018540722161523165,0.008043860378225576,0.9981476455139765,0.982534286587565,1.0140091148425312,-0.2304953254995847,0.8177068954242697,False,Dengue,Maranhao,quasi-poisson,lagged,65578.28358895677,120,624.8848618149619,,624.8848618149619
Intercept,-12.079062824706961,5.373137418323096,5.677140842830229e-06,1.5150353398459002e-10,0.2127338373018371,-2.2480465106877388,0.02457322429720632,True,Dengue,Mato Grosso,quasi-poisson,lagged,214596.99297611363,120,2259.507812620311,,2259.507812620311
Temp_Avg,0.028161295489004923,0.30531334206658534,1.0285615733844453,0.5653824608635956,1.8711915976790883,0.09223735621374603,0.9265094585700606,False,Dengue,Mato Grosso,quasi-poisson,lagged,214596.99297611363,120,2259.507812620311,,2259.507812620311
Temp_Lag1,0.09293935660380903,0.4200070999079148,1.0973951834792492,0.4817766956979959,2.499656374990711,0.22128044174535547,0.8248740777623049,False,Dengue,Mato Grosso,quasi-poisson,lagged,214596.99297611363,120,2259.507812620311,,2259.507812620311
Temp_Lag2,0.08544260547432847,0.30379201671754025,1.0891990454874712,0.600501735549622,1.9756055485917654,0.2812536234412351,0.7785158782425596,False,Dengue,Mato Grosso,quasi-poisson,lagged,214596.99297611363,120,2259.507812620311,,2259.507812620311
Rain_mm,-0.01295787243628597,0.010808999447755869,0.9871257193459938,0.9664328006052869,1.0082617075745548,-1.1988040612747226,0.23060414302425247,False,Dengue,Mato Grosso,quasi-poisson,lagged,214596.99297611363,120,2259.507812620311,,2259.507812620311
Rain_Lag1,-0.007912021781253047,0.011467605214145466,0.9921191958772271,0.9700685615221364,1.0146710633355727,-0.6899454274457798,0.4902285066720493,False,Dengue,Mato Grosso,quasi-poisson,lagged,214596.99297611363,120,2259.507812620311,,2259.507812620311
Rain_Lag2,-0.00017417679801386143,0.01020036965368639,0.9998258383698839,0.9800350905065363,1.0200162389648377,-0.017075537841014843,0.9863763540426069,False,Dengue,Mato Grosso,quasi-poisson,lagged,214596.99297611363,120,2259.507812620311,,2259.507812620311
Intercept,-11.186372675098855,4.457727790934906,1.3861814241706393e-05,2.224977251709477e-09,0.08636038589785286,-2.509433774275564,0.012092488807317059,True,Dengue,Mato Grosso do Sul,quasi-poisson,lagged,484883.60054279654,120,5635.6481219842735,,5635.6481219842735
Temp_Avg,-0.3776523466494599,0.28307021700944385,0.6854687647595745,0.39358037630800957,1.1938283912135557,-1.334129569119808,0.18216139668997156,False,Dengue,Mato Grosso do Sul,quasi-poisson,lagged,484883.60054279654,120,5635.6481219842735,,5635.6481219842735
Temp_Lag1,0.165861882249821,0.3875376447423998,1.1804100548826348,0.552273490584013,2.5229671918429024,0.4279890857056508,0.6686590665766836,False,Dengue,Mato Grosso do Sul,quasi-poisson,lagged,484883.60054279654,120,5635.6481219842735,,5635.6481219842735
Temp_Lag2,0.35785231586418786,0.28273524519649385,1.43025437899982,0.8217584654794409,2.4893294983638223,1.2656798964539762,0.2056277086133682,False,Dengue,Mato Grosso do Sul,quasi-poisson,lagged,484883.60054279654,120,5635.6481219842735,,5635.6481219842735
Rain_mm,0.003235980955270768,0.010172548918994032,1.0032412223938492,0.9834364937447605,1.0234447843985828,0.31810915642082516,0.7504021383057287,False,Dengue,Mato Grosso do Sul,quasi-poisson,lagged,484883.60054279654,120,5635.6481219842735,,5635.6481219842735
Rain_Lag1,-0.0021123035461127673,0.010555946125350532,0.9978899257970633,0.9774560420028943,1.018750983386238,-0.20010556335068674,0.8413980224393922,False,Dengue,Mato Grosso do Sul,quasi-poisson,lagged,484883.60054279654,120,5635.6481219842735,,5635.6481219842735
Rain_Lag2,0.015447950925544643,0.010337605102817178,1.015567887314065,0.9951978124744272,1.0363549043372278,1.4943452348876052,0.13508540769961286,False,Dengue,Mato Grosso do Sul,quasi-poisson,lagged,484883.60054279654,120,5635.6481219842735,,5635.6481219842735
Intercept,-61.242215991595565,11.200985528166505,2.5283869222076027e-27,7.385368505882644e-37,8.655953217904355e-18,-5.467573887814882,4.5623704814090615e-08,True,Dengue,Minas Gerais,quasi-poisson,lagged,6795831.370662656,120,88612.81135449451,,88612.81135449451
Temp_Avg,1.5185212051923955,0.6639965201592934,4.5654688091499045,1.2424534651356782,16.776085408594753,2.2869415111213245,0.022199237241423475,True,Dengue,Minas Gerais,quasi-poisson,lagged,6795831.370662656,120,88612.81135449451,,88612.81135449451
Temp_Lag1,-0.8470359308395232,0.8550904009382211,0.42868369879466556,0.08021753744117316,2.290891985397102,-0.9905805630727929,0.32189043254469984,False,Dengue,Minas Gerais,quasi-poisson,lagged,6795831.370662656,120,88612.81135449451,,88612.81135449451
Temp_Lag2,1.7089799477578962,0.5742881478976768,5.523324523554841,1.7920768127258868,17.023329343845838,2.9758231194811144,0.0029220334393136316,True,Dengue,Minas Gerais,quasi-poisson,lagged,6795831.370662656,120,88612.81135449451,,88612.81135449451
Rain_mm,0.028995041029782592,0.017328451416284238,1.0294194896018831,0.9950435999422486,1.0649829672123976,1.6732621013401574,0.09427570973906785,False,Dengue,Minas Gerais,quasi-poisson,lagged,6795831.370662656,120,88612.81135449451,,88612.81135449451
Rain_Lag1,0.0020619246942909925,0.0212206817092135,1.0020640519228239,0.9612405285683009,1.0446213349447213,0.09716580845731056,0.9225947204266598,False,Dengue,Minas Gerais,quasi-poisson,lagged,6795831.370662656,120,88612.81135449451,,88612.81135449451
Rain_Lag2,-0.002771511258804739,0.01953321183929156,0.9972323258328579,0.9597747989526421,1.036151723061736,-0.14188712443233592,0.8871691646336095,False,Dengue,Minas Gerais,quasi-poisson,lagged,6795831.370662656,120,88612.81135449451,,88612.81135449451
Intercept,-38.106021252660284,6.513966904335517,2.823353402343046e-17,8.053129339399886e-23,9.898418488726361e-12,-5.849894820205176,4.918839557888077e-09,True,Dengue,Para,quasi-poisson,lagged,60530.95141991015,120,604.2005341762471,,604.2005341762471
Temp_Avg,0.17965542661252487,0.40469867518721325,1.196804904944592,0.541423240119517,2.6455125572061697,0.4439239306365815,0.6570975822590142,False,Dengue,Para,quasi-poisson,lagged,60530.95141991015,120,604.2005341762471,,604.2005341762471
Temp_Lag1,-0.039597810827513236,0.4945173635320604,0.9611759359789995,0.3646374001750799,2.533638018101041,-0.08007365109424726,0.9361786788213338,False,Dengue,Para,quasi-poisson,lagged,60530.95141991015,120,604.2005341762471,,604.2005341762471
Temp_Lag2,0.9179188491586079,0.4353433751739712,2.5040736084674617,1.0667811396674824,5.8778547946373925,2.1084938958627557,0.03498829020724736,True,Dengue,Para,quasi-poisson,lagged,60530.95141991015,120,604.2005341762471,,604.2005341762471
Rain_mm,0.006953357313049805,0.008014691227300684,1.006977588031067,0.9912827797328754,1.022920889506537,0.8675764437891724,0.3856262466593554,False,Dengue,Para,quasi-poisson,lagged,60530.95141991015,120,604.2005341762471,,604.2005341762471
Rain_Lag1,0.006599636602640846,0.008934488900160471,1.0066214621915184,0.9891473578516911,1.0244042610044748,0.738669741088638,0.4601075641053556,False,Dengue,Para,quasi-poisson,lagged,60530.95141991015,120,604.2005341762471,,604.2005341762471
Rain_Lag2,-0.004267623549288342,0.008319739910376609,0.9957414698158055,0.9796358933293998,1.0121118279376389,-0.5129515580127264,0.6079852067456091,False,Dengue,Para,quasi-poisson,lagged,60530.95141991015,120,604.2005341762471,,604.2005341762471
Intercept,33.19472892839635,11.54345358645568,260787998890044.78,38931.53614343289,1.7469226006009073e+24,2.875632381572949,0.004032190225320198,True,Dengue,Paraiba,quasi-poisson,lagged,132105.71722625187,120,1393.603435154154,,1393.603435154154
Temp_Avg,-0.6816177104229488,0.628492907267681,0.5057980953243232,0.14756835177614175,1.7336489169561557,-1.0845272914633568,0.27813107312285945,False,Dengue,Paraiba,quasi-poisson,lagged,132105.71722625187,120,1393.603435154154,,1393.603435154154
Temp_Lag1,-0.44078246373765106,0.7126123266483354,0.6435326830419936,0.15921454861599962,2.601108490041659,-0.6185445399335217,0.5362164472938564,False,Dengue,Paraiba,quasi-poisson,lagged,132105.71722625187,120,1393.603435154154,,1393.603435154154
Temp_Lag2,-0.4599955634777445,0.6201056656036376,0.6312864462170815,0.18723277164372204,2.1284873031507816,-0.7418019040835001,0.4582073667640807,False,Dengue,Paraiba,quasi-poisson,lagged,132105.71722625187,120,1393.603435154154,,1393.603435154154
Rain_mm,-0.005076574402284359,0.010587261278468485,0.9949362896239452,0.9745030731163603,1.0157979463780147,-0.4794983583345284,0.6315841358249101,False,Dengue,Paraiba,quasi-poisson,lagged,132105.71722625187,120,1393.603435154154,,1393.603435154154
Rain_Lag1,-0.0005407854095381831,0.01003478483467098,0.9994593607885363,0.9799938687785652,1.0193114933594962,-0.05389108171704156,0.9570219421005828,False,Dengue,Paraiba,quasi-poisson,lagged,132105.71722625187,120,1393.603435154154,,1393.603435154154
Rain_Lag2,-0.0044823429009504395,0.009842772056375387,0.9955276878053723,0.9765062032691124,1.0149196941803587,-0.45539436200263567,0.6488255506547287,False,Dengue,Paraiba,quasi-poisson,lagged,132105.71722625187,120,1393.603435154154,,1393.603435154154
Intercept,-27.94110976685532,5.157130653617955,7.333819383538721e-13,2.9887664177326155e-17,1.7995687595811257e-08,-5.4179565428022265,6.028406351887838e-08,True,Dengue,Parana,quasi-poisson,lagged,3142715.306274448,120,39988.60744286191,,39988.60744286191
Temp_Avg,-0.017562359083759138,0.3142554685299984,0.9825909602825614,0.5307293547552837,1.8191663728006637,-0.05588561168373959,0.9554329331288101,False,Dengue,Parana,quasi-poisson,lagged,3142715.306274448,120,39988.60744286191,,39988.60744286191
Temp_Lag1,0.33324432345211774,0.4293800876024353,1.395488207318296,0.6014928393768495,3.237590224319108,0.7761056767044818,0.43768659217800554,False,Dengue,Parana,quasi-poisson,lagged,3142715.306274448,120,39988.60744286191,,39988.60744286191
Temp_Lag2,0.6616675487212834,0.34688043036923727,1.938021386437752,0.9819468514987174,3.824979823050039,1.9074801885392343,0.056458434118637824,False,Dengue,Parana,quasi-poisson,lagged,3142715.306274448,120,39988.60744286191,,39988.60744286191
Rain_mm,-0.001492008469617492,0.008177855338936633,0.9985091040216683,0.9826319883892755,1.0146427580161161,-0.1824449574833758,0.8552335468403836,False,Dengue,Parana,quasi-poisson,lagged,3142715.306274448,120,39988.60744286191,,39988.60744286191
Rain_Lag1,0.007060486206935748,0.008138205857197985,1.0070854702047864,0.991149005453575,1.0232781738336736,0.8675728202047104,0.38562823108494193,False,Dengue,Parana,quasi-poisson,lagged,3142715.306274448,120,39988.60744286191,,39988.60744286191
Rain_Lag2,0.004157313771372705,0.0073029473812363755,1.0041659673880472,0.9898949396050579,1.018642736432896,0.5692651958651904,0.5691761823277801,False,Dengue,Parana,quasi-poisson,lagged,3142715.306274448,120,39988.60744286191,,39988.60744286191
Intercept,-20.449140170343977,9.154519591573626,1.3153800911998266e-09,2.1211279754306175e-17,0.08157097564910476,-2.233775346241719,0.025497858486767777,True,Dengue,Pernambuco,quasi-poisson,lagged,237660.33515115507,120,3387.6279187184455,,3387.6279187184455
Temp_Avg,0.19990238996705012,0.5800933958592427,1.2212835428151023,0.3917698746981234,3.8071673915721638,0.34460380241176825,0.7303922467972923,False,Dengue,Pernambuco,quasi-poisson,lagged,237660.33515115507,120,3387.6279187184455,,3387.6279187184455
Temp_Lag1,-0.35540224569861234,0.7462747526454208,0.7008914559249486,0.16233376898529048,3.0261653878873944,-0.47623511908820454,0.6339068823462457,False,Dengue,Pernambuco,quasi-poisson,lagged,237660.33515115507,120,3387.6279187184455,,3387.6279187184455
Temp_Lag2,0.6365761421438856,0.6167595933474929,1.8899987017071582,0.564241650553945,6.3307894568715986,1.0321301022475182,0.30201117382219866,False,Dengue,Pernambuco,quasi-poisson,lagged,237660.33515115507,120,3387.6279187184455,,3387.6279187184455
Rain_mm,-0.021235486470902037,0.01920800022635811,0.9789883988998662,0.9428169149318119,1.016547613859728,-1.1055542597173504,0.2689194968692885,False,Dengue,Pernambuco,quasi-poisson,lagged,237660.33515115507,120,3387.6279187184455,,3387.6279187184455
Rain_Lag1,0.0010623012238580379,0.018168409686267293,1.0010628656656546,0.9660421793869406,1.0373531119010677,0.05846968679162849,0.9533745076080222,False,Dengue,Pernambuco,quasi-poisson,lagged,237660.33515115507,120,3387.6279187184455,,3387.6279187184455
Rain_Lag2,0.0030460589895137113,0.01767401364844829,1.0030507029412508,0.9688988991652543,1.038406291448718,0.1723467600570255,0.8631649250867015,False,Dengue,Pernambuco,quasi-poisson,lagged,237660.33515115507,120,3387.6279187184455,,3387.6279187184455
Intercept,1.559432495794419,13.282305752108236,4.756121360238108,2.350314724708604e-11,962453672927.4717,0.11740676091174139,0.9065377266950803,False,Dengue,Piaui,quasi-poisson,lagged,144086.9466350217,120,2217.2794194292164,,2217.2794194292164
Temp_Avg,-0.21998295932559975,0.7013031079688018,0.8025324735405348,0.2030024865613963,3.172662473236748,-0.3136774339454174,0.7537660414599663,False,Dengue,Piaui,quasi-poisson,lagged,144086.9466350217,120,2217.2794194292164,,2217.2794194292164
Temp_Lag1,-0.12560733595303075,0.8055586381002254,0.8819610932118352,0.18186288287755342,4.277152971687677,-0.15592575141302503,0.8760915468750932,False,Dengue,Piaui,quasi-poisson,lagged,144086.9466350217,120,2217.2794194292164,,2217.2794194292164
Temp_Lag2,-0.007346614985315858,0.6131768395044069,0.9926803054255835,0.2984439247997632,3.3018403354699872,-0.011981233653987443,0.9904405873575424,False,Dengue,Piaui,quasi-poisson,lagged,144086.9466350217,120,2217.2794194292164,,2217.2794194292164
Rain_mm,0.0008173611056267877,0.016877110813999646,1.0008176952362442,0.968253083394578,1.0344775310049859,0.048430155767465996,0.9613734266682206,False,Dengue,Piaui,quasi-poisson,lagged,144086.9466350217,120,2217.2794194292164,,2217.2794194292164
Rain_Lag1,0.0004627929507285411,0.017429716199830837,1.000462900055908,0.9668620505885491,1.0352314622122083,0.026551949866689895,0.9788170981836908,False,Dengue,Piaui,quasi-poisson,lagged,144086.9466350217,120,2217.2794194292164,,2217.2794194292164
Rain_Lag2,-0.009440886361471966,0.0187304245344019,0.9906035388916636,0.954896311779477,1.0276459958631692,-0.5040401697319794,0.614233149268075,False,Dengue,Piaui,quasi-poisson,lagged,144086.9466350217,120,2217.2794194292164,,2217.2794194292164
Intercept,30.467302257501768,11.437559582266275,17052232636400.084,3132.8094733624266,9.281721099170964e+22,2.6637939709394614,0.007726486870971883,True,Dengue,Rio Grande do Norte,quasi-poisson,lagged,243897.07868931227,120,3717.2877296945226,,3717.2877296945226
Temp_Avg,-0.3600097499155611,0.6474049139240532,0.6976695238189237,0.19614062918110922,2.48160091306877,-0.5560812749064085,0.5781552952253086,False,Dengue,Rio Grande do Norte,quasi-poisson,lagged,243897.07868931227,120,3717.2877296945226,,3717.2877296945226
Temp_Lag1,-0.023467994561609196,0.8357477211168921,0.9768052372483954,0.18984762012244916,5.025864800941308,-0.028080237574858835,0.9775981559887292,False,Dengue,Rio Grande do Norte,quasi-poisson,lagged,243897.07868931227,120,3717.2877296945226,,3717.2877296945226
Temp_Lag2,-0.9697428954460359,0.6586813207224357,0.37918051460911556,0.1042713874382198,1.3788812654326796,-1.47224896917136,0.14095365813658223,False,Dengue,Rio Grande do Norte,quasi-poisson,lagged,243897.07868931227,120,3717.2877296945226,,3717.2877296945226
Rain_mm,0.0019529847308418606,0.014465499223244629,1.0019548930476236,0.973946023967116,1.030769244904244,0.13500983966758692,0.8926040946340776,False,Dengue,Rio Grande do Norte,quasi-poisson,lagged,243897.07868931227,120,3717.2877296945226,,3717.2877296945226
Rain_Lag1,-0.017210684319266756,0.01616009731985934,0.9829365734952717,0.9522911367146417,1.014568203215506,-1.065011180230724,0.28687087040713455,False,Dengue,Rio Grande do Norte,quasi-poisson,lagged,243897.07868931227,120,3717.2877296945226,,3717.2877296945226
Rain_Lag2,-0.010327626674550124,0.014880256835286888,0.9897255201442928,0.961276750124262,1.0190162251383548,-0.6940489528419493,0.48765150988960837,False,Dengue,Rio Grande do Norte,quasi-poisson,lagged,243897.07868931227,120,3717.2877296945226,,3717.2877296945226
Intercept,-22.87673675117093,8.308652770172637,1.1608055209888291e-10,9.824069964603444e-18,0.0013716000215930248,-2.753362955941123,0.00589864603401935,True,Dengue,Rio Grande do Sul,quasi-poisson,lagged,1313161.3323601687,120,28357.359388748326,,28357.359388748326
Temp_Avg,-0.04419115152790115,0.45024984657297584,0.9567710517438563,0.39586546875603695,2.312429139959142,-0.09814806571119777,0.9218147208224665,False,Dengue,Rio Grande do Sul,quasi-poisson,lagged,1313161.3323601687,120,28357.359388748326,,28357.359388748326
Temp_Lag1,0.3393647507613704,0.5761274947314673,1.404055382093753,0.4539150836233217,4.34304033311738,0.5890445324425075,0.555831400670389,False,Dengue,Rio Grande do Sul,quasi-poisson,lagged,1313161.3323601687,120,28357.359388748326,,28357.359388748326
Temp_Lag2,0.4339825779779547,0.4813922906547754,1.5433919788731747,0.6007680784376,3.965022253920356,0.9015154301446426,0.3673143334995843,False,Dengue,Rio Grande do Sul,quasi-poisson,lagged,1313161.3323601687,120,28357.359388748326,,28357.359388748326
Rain_mm,-0.0019404217381809238,0.008596757835036262,0.9980614596629794,0.9813853656994884,1.0150209205072074,-0.2257155285068861,0.821422679741032,False,Dengue,Rio Grande do Sul,quasi-poisson,lagged,1313161.3323601687,120,28357.359388748326,,28357.359388748326
Rain_Lag1,0.002360357558051071,0.008603466449020691,1.002363145394951,0.9856022171302458,1.0194091062127615,0.2743495975764215,0.7838159727250733,False,Dengue,Rio Grande do Sul,quasi-poisson,lagged,1313161.3323601687,120,28357.359388748326,,28357.359388748326
Rain_Lag2,0.0165242420500014,0.008118378718274711,1.0166615224467854,1.000612407206952,1.032968054142907,2.0354115795072287,0.0418094771740376,True,Dengue,Rio Grande do Sul,quasi-poisson,lagged,1313161.3323601687,120,28357.359388748326,,28357.359388748326
Intercept,-37.75252648912373,5.990285667228901,4.0205555587445546e-17,3.2007515735930294e-22,5.050334782091719e-12,-6.30229150767496,2.932769582741912e-10,True,Dengue,Rio de Janeiro,quasi-poisson,lagged,838749.7838686923,120,10906.72724542354,,10906.72724542354
Temp_Avg,0.6668251928951137,0.41549355437285335,1.948042832461344,0.862826049008087,4.398187654935354,1.6048990071617855,0.10851603209487037,False,Dengue,Rio de Janeiro,quasi-poisson,lagged,838749.7838686923,120,10906.72724542354,,10906.72724542354
Temp_Lag1,-0.3267112673086352,0.48826564905079395,0.7212919735364617,0.27700715592944064,1.8781540474739398,-0.6691260545233393,0.503415071020672,False,Dengue,Rio de Janeiro,quasi-poisson,lagged,838749.7838686923,120,10906.72724542354,,10906.72724542354
Temp_Lag2,1.0329818496472667,0.3478177722074246,2.809430656993518,1.4208553026827777,5.55503477486561,2.9698938127613492,0.002979027038891857,True,Dengue,Rio de Janeiro,quasi-poisson,lagged,838749.7838686923,120,10906.72724542354,,10906.72724542354
Rain_mm,-0.003617764156110103,0.007791867907181765,0.9963887720680862,0.9812874693848678,1.0117224728505825,-0.4642999854727529,0.642432834395644,False,Dengue,Rio de Janeiro,quasi-poisson,lagged,838749.7838686923,120,10906.72724542354,,10906.72724542354
Rain_Lag1,-0.014477631653171931,0.009168571497502886,0.9856266653249015,0.9680727575341203,1.003498875305605,-1.579049872394516,0.11432461818985096,False,Dengue,Rio de Janeiro,quasi-poisson,lagged,838749.7838686923,120,10906.72724542354,,10906.72724542354
Rain_Lag2,-0.012265163517822909,0.009259156331997814,0.9878097470241133,0.9700447156601182,1.0059001204411795,-1.324652384951848,0.18528647261005715,False,Dengue,Rio de Janeiro,quasi-poisson,lagged,838749.7838686923,120,10906.72724542354,,10906.72724542354
Intercept,-13.919371812397157,6.620694913226354,9.013503471110398e-07,2.0856640079848416e-12,0.38953179664933674,-2.10240344779972,0.0355179494331932,True,Dengue,Rondonia,quasi-poisson,lagged,70467.1779492504,120,862.4999801185156,,862.4999801185156
Temp_Avg,0.5302481260071359,0.25577300097448474,1.6993539102116793,1.029355670729439,2.805447907141096,2.0731200087065957,0.03816111233053299,True,Dengue,Rondonia,quasi-poisson,lagged,70467.1779492504,120,862.4999801185156,,862.4999801185156
Temp_Lag1,0.007606032563483245,0.29761716778070824,1.0076350319058505,0.5622978336856613,1.8056771637706472,0.025556430834284265,0.979611137865773,False,Dengue,Rondonia,quasi-poisson,lagged,70467.1779492504,120,862.4999801185156,,862.4999801185156
Temp_Lag2,-0.32648178286717955,0.264279547559658,0.7214575178163269,0.42978521457111823,1.2110722574137465,-1.2353653011816215,0.2166945805714966,False,Dengue,Rondonia,quasi-poisson,lagged,70467.1779492504,120,862.4999801185156,,862.4999801185156
Rain_mm,-0.0028012689075605952,0.005960415909469113,0.9972026509851069,0.9856206998997079,1.008920700663969,-0.46997876492315127,0.6383701890552866,False,Dengue,Rondonia,quasi-poisson,lagged,70467.1779492504,120,862.4999801185156,,862.4999801185156
Rain_Lag1,0.00042058177776237334,0.005442911671864788,1.000420670234679,0.9898048018929809,1.011150396036386,0.07727146849294331,0.9384075878709894,False,Dengue,Rondonia,quasi-poisson,lagged,70467.1779492504,120,862.4999801185156,,862.4999801185156
Rain_Lag2,0.003088730045549889,0.0053802945704368894,1.003093505087203,0.9925710845104473,1.0137274756945025,0.5740819587316905,0.5659123412221103,False,Dengue,Rondonia,quasi-poisson,lagged,70467.1779492504,120,862.4999801185156,,862.4999801185156
Intercept,-19.932208989585263,2.8272517937377177,2.2057263109039507e-09,8.648609967375665e-12,5.625445680828001e-07,-7.050029655559698,1.7887913372760522e-12,True,Dengue,Roraima,quasi-poisson,lagged,3656.195953852574,117,37.7717640590601,,37.7717640590601
Temp_Avg,0.06094049225944004,0.11943943964089372,1.0628356653562845,0.8410023628537727,1.3431824944227249,0.5102208486799967,0.6098967475114134,False,Dengue,Roraima,quasi-poisson,lagged,3656.195953852574,117,37.7717640590601,,37.7717640590601
Temp_Lag1,0.0255712043903524,0.11586670173862554,1.025900952321686,0.8174810711647316,1.2874582679633164,0.22069502287237314,0.8253299070899893,False,Dengue,Roraima,quasi-poisson,lagged,3656.195953852574,117,37.7717640590601,,37.7717640590601
Temp_Lag2,0.23064344076694707,0.13586754887446642,1.25941010508132,0.9649712652524038,1.6436902008331489,1.6975609163307124,0.08959066468145482,False,Dengue,Roraima,quasi-poisson,lagged,3656.195953852574,117,37.7717640590601,,37.7717640590601
Rain_mm,0.011678073342738501,0.0025300827050856872,1.0117465282555418,1.0067417351110861,1.016776201618573,4.61568838017214,3.917944642273241e-06,True,Dengue,Roraima,quasi-poisson,lagged,3656.195953852574,117,37.7717640590601,,37.7717640590601
Rain_Lag1,0.009016616010788268,0.002622776661043964,1.0090573881430198,1.0038834950557325,1.014257946844206,3.437813117949324,0.000586432275045734,True,Dengue,Roraima,quasi-poisson,lagged,3656.195953852574,117,37.7717640590601,,37.7717640590601
Rain_Lag2,0.010111615875569685,0.002625990982038313,1.0101629110098254,1.0049770179627113,1.0153755643571407,3.8505904798351502,0.00011783338752269223,True,Dengue,Roraima,quasi-poisson,lagged,3656.195953852574,117,37.7717640590601,,37.7717640590601
Intercept,-40.40716378044656,7.9752912593841,2.8274292128348985e-18,4.599247375153546e-25,1.738187860209472e-11,-5.066543962629779,4.051032251872755e-07,True,Dengue,Santa Catarina,quasi-poisson,lagged,1495825.6794353114,120,22082.696921882427,,22082.696921882427
Temp_Avg,0.7108471921184824,0.41614433580662763,2.035715170149148,0.900508472217263,4.6019958521562145,1.7081746186467286,0.08760394657376658,False,Dengue,Santa Catarina,quasi-poisson,lagged,1495825.6794353114,120,22082.696921882427,,22082.696921882427
Temp_Lag1,0.21760063889171843,0.5419463637169423,1.243090526465705,0.4297230988038718,3.5959762491009504,0.4015169276149455,0.6880395778139845,False,Dengue,Santa Catarina,quasi-poisson,lagged,1495825.6794353114,120,22082.696921882427,,22082.696921882427
Temp_Lag2,0.7423835475406397,0.47577197240827324,2.100937234986544,0.8268520344721833,5.338243218051122,1.5603767993789672,0.11867086416587425,False,Dengue,Santa Catarina,quasi-poisson,lagged,1495825.6794353114,120,22082.696921882427,,22082.696921882427
Rain_mm,0.008795980383699005,0.005185908702691418,1.0088347786921086,0.998632535159712,1.0191412505261377,1.6961309749116884,0.08986107878004801,False,Dengue,Santa Catarina,quasi-poisson,lagged,1495825.6794353114,120,22082.696921882427,,22082.696921882427
Rain_Lag1,0.00937584280095154,0.004774434659206525,1.0094199337037932,1.0000179510300247,1.018910312068966,1.9637597894176093,0.049557955267300446,True,Dengue,Santa Catarina,quasi-poisson,lagged,1495825.6794353114,120,22082.696921882427,,22082.696921882427
Rain_Lag2,0.011121571603356788,0.00527522673103435,1.0111836461897052,1.0007824331517727,1.0216929598787652,2.1082641885187945,0.03500814377334582,True,Dengue,Santa Catarina,quasi-poisson,lagged,1495825.6794353114,120,22082.696921882427,,22082.696921882427
Intercept,-31.066529810886525,6.079154809811043,3.220902149699991e-14,2.1542519251096557e-19,4.815690559224599e-09,-5.110337009471907,3.2158464580156476e-07,True,Dengue,Sao Paulo,quasi-poisson,lagged,9506862.887379406,120,122871.5657761252,,122871.5657761252
Temp_Avg,0.405215897379702,0.40043369618842545,1.4996262304829278,0.6841116476306148,3.287297970939846,1.0119425543774074,0.31156552095293155,False,Dengue,Sao Paulo,quasi-poisson,lagged,9506862.887379406,120,122871.5657761252,,122871.5657761252
Temp_Lag1,-0.0100112442649134,0.5350003143561174,0.9900387014291474,0.3469370733118415,2.8252288548202773,-0.018712595107466645,0.9850703805718963,False,Dengue,Sao Paulo,quasi-poisson,lagged,9506862.887379406,120,122871.5657761252,,122871.5657761252
Temp_Lag2,0.6728594216429971,0.38107837735297106,1.9598333059540176,0.9286213630856993,4.136181591131654,1.765672002480912,0.07745089250677872,False,Dengue,Sao Paulo,quasi-poisson,lagged,9506862.887379406,120,122871.5657761252,,122871.5657761252
Rain_mm,0.0015123108104109543,0.01267356574681837,1.0015134549290863,0.9769421133765637,1.0267027970953853,0.1193279650433511,0.9050155288811113,False,Dengue,Sao Paulo,quasi-poisson,lagged,9506862.887379406,120,122871.5657761252,,122871.5657761252
Rain_Lag1,0.007974583654379752,0.01465126413376693,1.0080064653379788,0.9794717394326639,1.0373724868792078,0.5442932146722167,0.5862397154669712,False,Dengue,Sao Paulo,quasi-poisson,lagged,9506862.887379406,120,122871.5657761252,,122871.5657761252
Rain_Lag2,-0.0007715245471486346,0.012921147958996732,0.9992287730013879,0.9742406084862265,1.0248578555406982,-0.05971021689380453,0.952386434351522,False,Dengue,Sao Paulo,quasi-poisson,lagged,9506862.887379406,120,122871.5657761252,,122871.5657761252
Intercept,1.2584970751769413,6.879039161095028,3.520127023487457,4.909101236008056e-06,2524147.2248722534,0.18294663625328303,0.8548398899180756,False,Dengue,Sergipe,quasi-poisson,lagged,31081.497265628597,120,371.928353465812,,371.928353465812
Temp_Avg,0.12294551251748687,0.5000917068734286,1.1308228035810814,0.4243340700353702,3.0135695043115125,0.24584593351115883,0.8058014982101447,False,Dengue,Sergipe,quasi-poisson,lagged,31081.497265628597,120,371.928353465812,,371.928353465812
Temp_Lag1,-0.3783922251542524,0.6439488162108679,0.6849617887282836,0.19387689078637915,2.4199513934582435,-0.5876122692185273,0.5567925738342994,False,Dengue,Sergipe,quasi-poisson,lagged,31081.497265628597,120,371.928353465812,,371.928353465812
Temp_Lag2,-0.15104875778334625,0.48410333532882754,0.859805775413454,0.332907270406765,2.22063630671404,-0.3120175936832707,0.7550271525255143,False,Dengue,Sergipe,quasi-poisson,lagged,31081.497265628597,120,371.928353465812,,371.928353465812
Rain_mm,0.008216930460217407,0.0076208514621188385,1.0082507820886135,0.9933025898893871,1.0234239293542007,1.0782168503167282,0.280936993869215,False,Dengue,Sergipe,quasi-poisson,lagged,31081.497265628597,120,371.928353465812,,371.928353465812
Rain_Lag1,-0.0011036004228661966,0.00974288224887601,0.9988970083201235,0.9800029965377004,1.0181552880512117,-0.11327247878763123,0.9098145355360014,False,Dengue,Sergipe,quasi-poisson,lagged,31081.497265628597,120,371.928353465812,,371.928353465812
Rain_Lag2,-0.015567740622266166,0.009533734754080564,0.9845528102727062,0.9663261612226692,1.0031232466990188,-1.63291102845115,0.1024877103229449,False,Dengue,Sergipe,quasi-poisson,lagged,31081.497265628597,120,371.928353465812,,371.928353465812
Intercept,-28.11655081448663,14.116220767597744,6.153711492080282e-13,5.93153958550345e-25,0.6384205075577681,-1.9917902445267168,0.04639407706946885,True,Dengue,Tocantins,quasi-poisson,lagged,101732.69718223652,120,1303.2244372911318,,1303.2244372911318
Temp_Avg,0.6292245352176762,0.6522848231208737,1.8761551227857618,0.5224355154849726,6.737593330514119,0.9646469041041535,0.33472169791060224,False,Dengue,Tocantins,quasi-poisson,lagged,101732.69718223652,120,1303.2244372911318,,1303.2244372911318
Temp_Lag1,-0.05629590686885533,0.7398547689874104,0.945259385757349,0.22170419200435248,4.030213855157142,-0.07609048319834953,0.9393471114989271,False,Dengue,Tocantins,quasi-poisson,lagged,101732.69718223652,120,1303.2244372911318,,1303.2244372911318
Temp_Lag2,0.1863532479860035,0.5798293863912841,1.2048477952706529,0.3866975757961155,3.7539883894538115,0.3213932449091972,0.7479124015973426,False,Dengue,Tocantins,quasi-poisson,lagged,101732.69718223652,120,1303.2244372911318,,1303.2244372911318
Rain_mm,0.006188510156662205,0.011496692860895299,1.006207698547738,0.9837878469675925,1.0291384831978794,0.5382861168459778,0.5903795344969527,False,Dengue,Tocantins,quasi-poisson,lagged,101732.69718223652,120,1303.2244372911318,,1303.2244372911318
Rain_Lag1,-0.0008599301207410093,0.011971806058481459,0.9991404395132045,0.9759687905309135,1.0228622344855804,-0.07182960670598146,0.9427375109255278,False,Dengue,Tocantins,quasi-poisson,lagged,101732.69718223652,120,1303.2244372911318,,1303.2244372911318
Rain_Lag2,-0.0003792150362283628,0.010643656885082111,0.9996208568567055,0.9789832141322103,1.0206935553524088,-0.03562826576642669,0.9715787698025169,False,Dengue,Tocantins,quasi-poisson,lagged,101732.69718223652,120,1303.2244372911318,,1303.2244372911318
Intercept,-10.173911680804334,6.232487811785048,3.8152789608220466e-05,1.8894072169257425e-10,7.704190721032626,-1.632399771655618,0.10259529721691929,False,Chikungunya,Acre,quasi-poisson,lagged,4717.664766937679,108,55.18668839698926,,55.18668839698926
Temp_Avg,-0.5157121949179846,0.2625635510188048,0.5970752092278946,0.35688675696125677,0.9989129563393557,-1.964142368264395,0.04951358402728534,True,Chikungunya,Acre,quasi-poisson,lagged,4717.664766937679,108,55.18668839698926,,55.18668839698926
Temp_Lag1,0.042192472856714236,0.30738403803410996,1.0430952269490097,0.5710490096833103,1.9053489876240404,0.1372630574006325,0.890822869915967,False,Chikungunya,Acre,quasi-poisson,lagged,4717.664766937679,108,55.18668839698926,,55.18668839698926
Temp_Lag2,0.47951320664004454,0.24292461691719255,1.6152878993524233,1.0033866793657602,2.60034845135039,1.9739177228115157,0.04839109920583917,True,Chikungunya,Acre,quasi-poisson,lagged,4717.664766937679,108,55.18668839698926,,55.18668839698926
Rain_mm,0.0008695341932249134,0.0036876311016934733,1.0008699123476796,0.9936619479596466,1.0081301628786266,0.23579749959956586,0.813589808488735,False,Chikungunya,Acre,quasi-poisson,lagged,4717.664766937679,108,55.18668839698926,,55.18668839698926
Rain_Lag1,-0.003909658234545584,0.003950373703722837,0.9960979745288046,0.9884152354868441,1.0038404298489725,-0.9896932613897054,0.32232406969922445,False,Chikungunya,Acre,quasi-poisson,lagged,4717.664766937679,108,55.18668839698926,,55.18668839698926
Rain_Lag2,0.004817739847080156,0.003383753640537697,1.0048293638152854,0.9981872277715823,1.0115156979512856,1.4237856412958572,0.15450853345982174,False,Chikungunya,Acre,quasi-poisson,lagged,4717.664766937679,108,55.18668839698926,,55.18668839698926
Intercept,28.77507258036804,9.041367661388627,3139462052676.7417,63195.72680766935,1.55963424713728e+20,3.1826017542957206,0.001459582191717601,True,Chikungunya,Alagoas,quasi-poisson,lagged,23622.95902649905,108,348.9970196940466,,348.9970196940466
Temp_Avg,-0.1639936027192066,0.5007897840535765,0.8487474515386094,0.3180516209119581,2.2649538286512767,-0.3274699443582537,0.7433124718285944,False,Chikungunya,Alagoas,quasi-poisson,lagged,23622.95902649905,108,348.9970196940466,,348.9970196940466
Temp_Lag1,-0.3879206537819089,0.6191786130447019,0.6784661748534867,0.20159173606835745,2.2834088311250715,-0.6265084833508336,0.5309814743220187,False,Chikungunya,Alagoas,quasi-poisson,lagged,23622.95902649905,108,348.9970196940466,,348.9970196940466
Temp_Lag2,-0.9455719261235986,0.47146681149230435,0.38845733845777297,0.15417809608957578,0.9787324375443454,-2.005595946681038,0.0448993747174915,True,Chikungunya,Alagoas,quasi-poisson,lagged,23622.95902649905,108,348.9970196940466,,348.9970196940466
Rain_mm,0.005743009977287675,0.014157330237313179,1.005759532673948,0.9782349943507261,1.034058527251834,0.40565628413126575,0.6849951672103258,False,Chikungunya,Alagoas,quasi-poisson,lagged,23622.95902649905,108,348.9970196940466,,348.9970196940466
Rain_Lag1,0.003745581586190025,0.012105259011451245,1.0037526050431387,0.9802175657633054,1.0278527209888568,0.30941771527951667,0.757003796291263,False,Chikungunya,Alagoas,quasi-poisson,lagged,23622.95902649905,108,348.9970196940466,,348.9970196940466
Rain_Lag2,-0.004810880750813221,0.013456315689936764,0.9952006730006536,0.9692959851487994,1.0217976703874525,-0.3575184219563913,0.7207037375479124,False,Chikungunya,Alagoas,quasi-poisson,lagged,23622.95902649905,108,348.9970196940466,,348.9970196940466
Intercept,-28.707610676797383,6.409581523240894,3.4075567269533495e-13,1.1926064565587856e-18,9.736189824855803e-08,-4.478858810470652,7.504314644579679e-06,True,Chikungunya,Amapa,quasi-poisson,lagged,3015.908432984562,104,28.35963743550531,,28.35963743550531
Temp_Avg,0.18157627554964018,0.3935448106732281,1.1991059956905255,0.5544539334003641,2.5932816096783102,0.46138653242313576,0.6445213120822602,False,Chikungunya,Amapa,quasi-poisson,lagged,3015.908432984562,104,28.35963743550531,,28.35963743550531
Temp_Lag1,0.07506761281868046,0.5378782655087404,1.0779570321341094,0.37562131367724033,3.093518181254859,0.1395624579618948,0.8890057044532427,False,Chikungunya,Amapa,quasi-poisson,lagged,3015.908432984562,104,28.35963743550531,,28.35963743550531
Temp_Lag2,0.41908874914978966,0.39524448251042305,1.5205752985669738,0.7007595669612006,3.299490078513705,1.060327892467766,0.2889954540926445,False,Chikungunya,Amapa,quasi-poisson,lagged,3015.908432984562,104,28.35963743550531,,28.35963743550531
Rain_mm,0.002171924148008944,0.004074662249453548,1.0021742844837753,0.9942024571292094,1.0102100324522116,0.5330317005538853,0.5940116363926009,False,Chikungunya,Amapa,quasi-poisson,lagged,3015.908432984562,104,28.35963743550531,,28.35963743550531
Rain_Lag1,0.003925235934102607,0.0041687561840770965,1.0039329497622347,0.9957634733192284,1.01216945050081,0.9415844344880051,0.346405442011096,False,Chikungunya,Amapa,quasi-poisson,lagged,3015.908432984562,104,28.35963743550531,,28.35963743550531
Rain_Lag2,0.00399339536231412,0.0038632365906450783,1.0040013795900957,0.9964278470178237,1.0116324761854876,1.033691638763265,0.30128034315869323,False,Chikungunya,Amapa,quasi-poisson,lagged,3015.908432984562,104,28.35963743550531,,28.35963743550531
Intercept,-19.106930625781008,5.8719555382866675,5.034605699389239e-09,5.054241648270511e-14,0.0005015046037024374,-3.2539297174848962,0.0011382043573271439,True,Chikungunya,Amazonas,quasi-poisson,lagged,2238.5845257537085,108,19.06529896471285,,19.06529896471285
Temp_Avg,0.002844510466362582,0.3412342689877674,1.0028485599249246,0.5137725317308954,1.9574912476447164,0.008335946078336442,0.9933489543524727,False,Chikungunya,Amazonas,quasi-poisson,lagged,2238.5845257537085,108,19.06529896471285,,19.06529896471285
Temp_Lag1,0.12541961677476077,0.4312829416151595,1.133624040941374,0.4868033925589009,2.639881902722686,0.2908058832678679,0.7711997855216752,False,Chikungunya,Amazonas,quasi-poisson,lagged,2238.5845257537085,108,19.06529896471285,,19.06529896471285
Temp_Lag2,0.1252339917490904,0.323410019682851,1.1334136314789087,0.6013070076555633,2.1363903025691307,0.3872297830224924,0.6985861030775993,False,Chikungunya,Amazonas,quasi-poisson,lagged,2238.5845257537085,108,19.06529896471285,,19.06529896471285
Rain_mm,-0.0009149194687256834,0.004945279892043111,0.9990854989424776,0.9894483948463437,1.0088164672318765,-0.18500863221064123,0.8532222649308021,False,Chikungunya,Amazonas,quasi-poisson,lagged,2238.5845257537085,108,19.06529896471285,,19.06529896471285
Rain_Lag1,0.0034379706344722927,0.004940710181105874,1.0034438872339362,0.9937736432762739,1.013208230706949,0.69584543688065,0.48652563071513844,False,Chikungunya,Amazonas,quasi-poisson,lagged,2238.5845257537085,108,19.06529896471285,,19.06529896471285
Rain_Lag2,0.007285810308553353,0.00456370673785891,1.0073124164008762,0.998342320573161,1.0163631084504487,1.5964676801234459,0.11038441606350213,False,Chikungunya,Amazonas,quasi-poisson,lagged,2238.5845257537085,108,19.06529896471285,,19.06529896471285
Intercept,5.31011558984312,8.46497472269745,202.3736193711562,1.2607295966304405e-05,3248522278.4364247,0.6273043646078363,0.5304597429725462,False,Chikungunya,Bahia,quasi-poisson,lagged,174074.87117542734,108,2178.8100098236127,,2178.8100098236127
Temp_Avg,-0.739722431460553,0.5429433689890018,0.47724636571486845,0.16465688835599618,1.3832648962466298,-1.3624301791142004,0.1730621649259847,False,Chikungunya,Bahia,quasi-poisson,lagged,174074.87117542734,108,2178.8100098236127,,2178.8100098236127
Temp_Lag1,0.23001902737716762,0.6802542730310859,1.2586239580144039,0.33178127156728493,4.774634385493284,0.3381368357338585,0.7352600727945897,False,Chikungunya,Bahia,quasi-poisson,lagged,174074.87117542734,108,2178.8100098236127,,2178.8100098236127
Temp_Lag2,-0.08233635841418852,0.5134220368954033,0.9209621332304074,0.3366728637759086,2.5192741741397087,-0.1603677919866195,0.8725913594937942,False,Chikungunya,Bahia,quasi-poisson,lagged,174074.87117542734,108,2178.8100098236127,,2178.8100098236127
Rain_mm,0.006270743922692126,0.015436717916571356,1.0062904461984767,0.9763001362492387,1.0372020083912172,0.40622261523354436,0.6845790387084454,False,Chikungunya,Bahia,quasi-poisson,lagged,174074.87117542734,108,2178.8100098236127,,2178.8100098236127
Rain_Lag1,0.025153761102343963,0.018962191930297894,1.0254727862287263,0.9880597226043732,1.0643025024073098,1.3265218069095244,0.1846669168335806,False,Chikungunya,Bahia,quasi-poisson,lagged,174074.87117542734,108,2178.8100098236127,,2178.8100098236127
Rain_Lag2,-0.016624975254712793,0.01709661987442737,0.9835124569898777,0.9511016352135658,1.0170277468159998,-0.9724129902180225,0.3308451320190646,False,Chikungunya,Bahia,quasi-poisson,lagged,174074.87117542734,108,2178.8100098236127,,2178.8100098236127
Intercept,-11.544910881729546,10.591535556195742,9.685207061467735e-06,9.341397095721202e-15,10041.670947322265,-1.0900129467040411,0.2757074410613294,False,Chikungunya,Ceara,quasi-poisson,lagged,760230.9624001167,108,18881.417620510547,,18881.417620510547
Temp_Avg,0.10316795811179003,0.7837130394780675,1.1086776048361175,0.23861364116459877,5.151281483598231,0.13163996630768987,0.895269072048549,False,Chikungunya,Ceara,quasi-poisson,lagged,760230.9624001167,108,18881.417620510547,,18881.417620510547
Temp_Lag1,0.07748657546381343,1.063134007651435,1.0805677262406475,0.13449125783889584,8.681803038763736,0.07288505014997,0.9418975905524845,False,Chikungunya,Ceara,quasi-poisson,lagged,760230.9624001167,108,18881.417620510547,,18881.417620510547
Temp_Lag2,-0.07352446904211252,0.7611854573814446,0.9291134109981901,0.20899436993091777,4.130502323014901,-0.09659205694108262,0.9230503646413355,False,Chikungunya,Ceara,quasi-poisson,lagged,760230.9624001167,108,18881.417620510547,,18881.417620510547
Rain_mm,0.0010205944205777806,0.02736945764865619,1.001021115404286,0.9487371043944474,1.0561864491689903,0.0372895376181446,0.970254147463705,False,Chikungunya,Ceara,quasi-poisson,lagged,760230.9624001167,108,18881.417620510547,,18881.417620510547
Rain_Lag1,0.008471941031364678,0.025915145767792955,1.008507929482672,0.9585613189535985,1.0610570484314115,0.32691079985718274,0.7437353524011954,False,Chikungunya,Ceara,quasi-poisson,lagged,760230.9624001167,108,18881.417620510547,,18881.417620510547
Rain_Lag2,0.012662834948733118,0.02386773789997099,1.0127433481259784,0.966457522290566,1.0612459063307436,0.5305418972590825,0.5957362681809062,False,Chikungunya,Ceara,quasi-poisson,lagged,760230.9624001167,108,18881.417620510547,,18881.417620510547
Intercept,-19.0135457919675,5.610085198970615,5.527413833742391e-09,9.27088199336172e-14,0.0003295512089499504,-3.389172377534705,0.0007010392578761238,True,Chikungunya,Distrito Federal,quasi-poisson,lagged,6264.208198906471,108,69.73166892116937,,69.73166892116937
Temp_Avg,0.03224252641895342,0.3103223477451086,1.0327679484464984,0.5621484741161136,1.8973806466618237,0.1039001111368127,0.9172486189115869,False,Chikungunya,Distrito Federal,quasi-poisson,lagged,6264.208198906471,108,69.73166892116937,,69.73166892116937
Temp_Lag1,-0.13615902031023275,0.3756833620249333,0.8727038438179178,0.4179061430285363,1.822447484249024,-0.3624302646152218,0.7170305267118617,False,Chikungunya,Distrito Federal,quasi-poisson,lagged,6264.208198906471,108,69.73166892116937,,69.73166892116937
Temp_Lag2,0.464535524175929,0.28769177547121644,1.5912749084870126,0.9054344857425638,2.796619605562827,1.6146986594074735,0.10637596801295146,False,Chikungunya,Distrito Federal,quasi-poisson,lagged,6264.208198906471,108,69.73166892116937,,69.73166892116937
Rain_mm,0.006266709594089279,0.004349564736345252,1.006286386500336,0.997744111061556,1.014901797394252,1.4407670592241648,0.14965050255780832,False,Chikungunya,Distrito Federal,quasi-poisson,lagged,6264.208198906471,108,69.73166892116937,,69.73166892116937
Rain_Lag1,-0.0011083241237748662,0.004588514963370037,0.998892289840562,0.9899490384892055,1.0079163349920273,-0.24154309893780035,0.8091342169915301,False,Chikungunya,Distrito Federal,quasi-poisson,lagged,6264.208198906471,108,69.73166892116937,,69.73166892116937
Rain_Lag2,0.0028601278037767982,0.004343561220353298,1.0028642218715589,0.9943626973722526,1.0114384320407959,0.65847530601725,0.5102327596504779,False,Chikungunya,Distrito Federal,quasi-poisson,lagged,6264.208198906471,108,69.73166892116937,,69.73166892116937
Intercept,-33.40933512431605,4.64141997243198,3.0939273489179758e-15,3.4646045411977403e-19,2.7629088187575278e-11,-7.198084922879851,6.106226635438361e-13,True,Chikungunya,Espirito Santo,quasi-poisson,lagged,64927.726166318986,108,765.3929832797062,,765.3929832797062
Temp_Avg,0.3876558549658795,0.2900003017767253,1.4735225915366723,0.8346483867601902,2.601417389898815,1.3367429364412882,0.18130656148475355,False,Chikungunya,Espirito Santo,quasi-poisson,lagged,64927.726166318986,108,765.3929832797062,,765.3929832797062
Temp_Lag1,0.2604673425073787,0.3826753662539516,1.2975363388770491,0.6128859728040776,2.7470045414869624,0.6806483131044473,0.49609404874655105,False,Chikungunya,Espirito Santo,quasi-poisson,lagged,64927.726166318986,108,765.3929832797062,,765.3929832797062
Temp_Lag2,0.4075824983226817,0.29085032974261665,1.5031794502022688,0.8500295648103404,2.6581998474541866,1.4013478983619008,0.16111006437991526,False,Chikungunya,Espirito Santo,quasi-poisson,lagged,64927.726166318986,108,765.3929832797062,,765.3929832797062
Rain_mm,-0.00396733811878258,0.006845093753160271,0.9960405213699067,0.9827665032678687,1.0094938288107522,-0.5795885727570821,0.5621921009248865,False,Chikungunya,Espirito Santo,quasi-poisson,lagged,64927.726166318986,108,765.3929832797062,,765.3929832797062
Rain_Lag1,3.5718697799587765e-05,0.007381106952366479,1.0000357193357199,0.9856723804637039,1.0146083625441882,0.004839206101482635,0.9961388872349588,False,Chikungunya,Espirito Santo,quasi-poisson,lagged,64927.726166318986,108,765.3929832797062,,765.3929832797062
Rain_Lag2,0.002931888993127598,0.00634470681050714,1.0029361911831487,0.9905412814216548,1.0154862017878654,0.4620999962160976,0.6440096129092996,False,Chikungunya,Espirito Santo,quasi-poisson,lagged,64927.726166318986,108,765.3929832797062,,765.3929832797062
Intercept,-37.81478392568369,10.172764047083714,3.7778786757690335e-17,8.279734973698047e-26,1.7237710306149807e-08,-3.7172575467848663,0.00020139710849975678,True,Chikungunya,Goias,quasi-poisson,lagged,51390.03769707933,108,712.2877122409933,,712.2877122409933
Temp_Avg,0.4094044972868853,0.591013355360387,1.505920738157107,0.4728478184175279,4.796040462238455,0.6927161519679017,0.4884877007209125,False,Chikungunya,Goias,quasi-poisson,lagged,51390.03769707933,108,712.2877122409933,,712.2877122409933
Temp_Lag1,-0.3344454520229485,0.8119468619531137,0.7157348856532106,0.1457501679478923,3.5147570239792816,-0.4119055909871368,0.6804086226607828,False,Chikungunya,Goias,quasi-poisson,lagged,51390.03769707933,108,712.2877122409933,,712.2877122409933
Temp_Lag2,1.0676567329422677,0.5887056627626059,2.9085559850150964,0.9174048904399891,9.221335100916946,1.8135662699966206,0.06974452731398273,False,Chikungunya,Goias,quasi-poisson,lagged,51390.03769707933,108,712.2877122409933,,712.2877122409933
Rain_mm,-0.002502143147243799,0.014352304384563452,0.9975009846036835,0.9698317659021225,1.0259596037873402,-0.1743373802700956,0.8616003238266745,False,Chikungunya,Goias,quasi-poisson,lagged,51390.03769707933,108,712.2877122409933,,712.2877122409933
Rain_Lag1,-0.0036887565380775422,0.015023718533426801,0.9963180385665911,0.9674077138168271,1.0260923288039148,-0.24552886356798403,0.8060469621090178,False,Chikungunya,Goias,quasi-poisson,lagged,51390.03769707933,108,712.2877122409933,,712.2877122409933
Rain_Lag2,0.005161620377130111,0.013727112922501086,1.0051749644887895,0.9784911653542241,1.0325864402355358,0.3760164578138883,0.70690466080816,False,Chikungunya,Goias,quasi-poisson,lagged,51390.03769707933,108,712.2877122409933,,712.2877122409933
Intercept,-67.96286833416556,13.132959574691847,3.0486060569956027e-30,2.0188331827034836e-41,4.603648766216693e-19,-5.174984964176306,2.279293356277634e-07,True,Chikungunya,Maranhao,quasi-poisson,lagged,27135.328491746244,108,351.86299704401495,,351.86299704401495
Temp_Avg,1.5117141263242577,0.703804769926119,4.534496836819026,1.1414013675676244,18.01440067216631,2.147916852684798,0.03172036133916989,True,Chikungunya,Maranhao,quasi-poisson,lagged,27135.328491746244,108,351.86299704401495,,351.86299704401495
Temp_Lag1,0.13291756463025406,0.8504848695979531,1.1421558404109644,0.2156641850838924,6.048848413460139,0.15628445535202495,0.8758088086114411,False,Chikungunya,Maranhao,quasi-poisson,lagged,27135.328491746244,108,351.86299704401495,,351.86299704401495
Temp_Lag2,0.43344792313000813,0.6813215844786383,1.542567017423859,0.4057807124363261,5.864036732936947,0.6361869827765572,0.5246545565652783,False,Chikungunya,Maranhao,quasi-poisson,lagged,27135.328491746244,108,351.86299704401495,,351.86299704401495
Rain_mm,0.006489344429074579,0.009996747333915826,1.0065104458447245,0.986981206912531,1.0264261066972133,0.6491455882913305,0.5162442775587306,False,Chikungunya,Maranhao,quasi-poisson,lagged,27135.328491746244,108,351.86299704401495,,351.86299704401495
Rain_Lag1,0.00620041118890511,0.009907732622735609,1.0062196735292586,0.9868682391602124,1.0259505689015875,0.6258153530179869,0.5314360604123209,False,Chikungunya,Maranhao,quasi-poisson,lagged,27135.328491746244,108,351.86299704401495,,351.86299704401495
Rain_Lag2,0.01314370128787088,0.009036325040664726,1.013230459420604,0.9954429193539935,1.0313358445142569,1.4545405603187564,0.14579649678663986,False,Chikungunya,Maranhao,quasi-poisson,lagged,27135.328491746244,108,351.86299704401495,,351.86299704401495
Intercept,-30.03949395589461,14.207613353856983,8.995256168830352e-14,7.248512594149769e-26,0.11162929289546411,-2.1143237226215548,0.034487627553781985,True,Chikungunya,Mato Grosso,quasi-poisson,lagged,292727.9664584606,108,5813.49812521246,,5813.49812521246
Temp_Avg,-0.3937298875767312,0.7348918362895083,0.6745362322516107,0.1597543610780233,2.848117106474354,-0.5357657659726983,0.5921204448283826,False,Chikungunya,Mato Grosso,quasi-poisson,lagged,292727.9664584606,108,5813.49812521246,,5813.49812521246
Temp_Lag1,0.532640283952893,1.15586630747426,1.7034238992581152,0.17677851128048908,16.414059376027648,0.46081478498736705,0.644931493307948,False,Chikungunya,Mato Grosso,quasi-poisson,lagged,292727.9664584606,108,5813.49812521246,,5813.49812521246
Temp_Lag2,0.6756339797652053,0.876771745078935,1.9652785279204559,0.35245277385329943,10.95840344815331,0.7705927837630975,0.44094833983404014,False,Chikungunya,Mato Grosso,quasi-poisson,lagged,292727.9664584606,108,5813.49812521246,,5813.49812521246
Rain_mm,-0.009658188484659793,0.022778585330974828,0.990388302025986,0.947143926585355,1.0356071144605725,-0.424002998620216,0.6715636264170239,False,Chikungunya,Mato Grosso,quasi-poisson,lagged,292727.9664584606,108,5813.49812521246,,5813.49812521246
Rain_Lag1,0.006059713340575633,0.025466047891730913,1.0060781105452834,0.9570939312903431,1.0575693058190643,0.23795264056435253,0.8119178265714468,False,Chikungunya,Mato Grosso,quasi-poisson,lagged,292727.9664584606,108,5813.49812521246,,5813.49812521246
Rain_Lag2,0.03428796449211163,0.022598976599372177,1.034882573258772,0.9900438641204545,1.081752010438596,1.517235275736521,0.12920729296307476,False,Chikungunya,Mato Grosso,quasi-poisson,lagged,292727.9664584606,108,5813.49812521246,,5813.49812521246
Intercept,-24.213366758977067,6.459007385493632,3.049779411658558e-11,9.688361757675709e-17,9.600337696316368e-06,-3.748775208611493,0.0001777002690372953,True,Chikungunya,Mato Grosso do Sul,quasi-poisson,lagged,223485.4664157553,108,3590.8268967210743,,3590.8268967210743
Temp_Avg,0.3201793239705826,0.3893375964294693,1.3773747384981891,0.642157058995899,2.954356950026256,0.8223693958838749,0.4108666918029038,False,Chikungunya,Mato Grosso do Sul,quasi-poisson,lagged,223485.4664157553,108,3590.8268967210743,,3590.8268967210743
Temp_Lag1,0.24056707678045797,0.5402485053810224,1.2719702506370276,0.44117220432104215,3.667294318769608,0.4452896664855974,0.6561104346038278,False,Chikungunya,Mato Grosso do Sul,quasi-poisson,lagged,223485.4664157553,108,3590.8268967210743,,3590.8268967210743
Temp_Lag2,0.058291388099577346,0.3745049979221418,1.0600238290419748,0.5087805942946096,2.2085168552756547,0.15564915935166213,0.8763095735673092,False,Chikungunya,Mato Grosso do Sul,quasi-poisson,lagged,223485.4664157553,108,3590.8268967210743,,3590.8268967210743
Rain_mm,0.012202703428347256,0.013407561614818769,1.0122774601825282,0.9860224880006463,1.0392315275398856,0.9101359202302798,0.36275083313784373,False,Chikungunya,Mato Grosso do Sul,quasi-poisson,lagged,223485.4664157553,108,3590.8268967210743,,3590.8268967210743
Rain_Lag1,0.012987520444897642,0.01365539603079218,1.013072224590272,0.9863174135235735,1.0405527857100463,0.9510907201527868,0.341558325096065,False,Chikungunya,Mato Grosso do Sul,quasi-poisson,lagged,223485.4664157553,108,3590.8268967210743,,3590.8268967210743
Rain_Lag2,0.008393227672865392,0.013628515525337063,1.0084285495606404,0.9818481040780548,1.0357285769002547,0.6158578061756883,0.53798837146168,False,Chikungunya,Mato Grosso do Sul,quasi-poisson,lagged,223485.4664157553,108,3590.8268967210743,,3590.8268967210743
Intercept,-47.11191048880889,11.270192660008147,3.463835371651563e-21,8.834369862730599e-31,1.3581223865802679e-11,-4.180222282799452,2.912242822206146e-05,True,Chikungunya,Minas Gerais,quasi-poisson,lagged,846308.8635885087,108,12886.712114492995,,12886.712114492995
Temp_Avg,1.0396226696241264,0.7289725106134167,2.828149666216207,0.6776235026018296,11.803649820007358,1.4261479747011356,0.15382563319372178,False,Chikungunya,Minas Gerais,quasi-poisson,lagged,846308.8635885087,108,12886.712114492995,,12886.712114492995
Temp_Lag1,-0.41520600660900175,0.9514395052788724,0.6602042602540046,0.10228140038679881,4.261475337736909,-0.4363976945515863,0.6625482113682719,False,Chikungunya,Minas Gerais,quasi-poisson,lagged,846308.8635885087,108,12886.712114492995,,12886.712114492995
Temp_Lag2,1.0633713812340417,0.6358954205150226,2.896118468256873,0.8327817774577035,10.071668724288976,1.6722425526713167,0.09447650260888496,False,Chikungunya,Minas Gerais,quasi-poisson,lagged,846308.8635885087,108,12886.712114492995,,12886.712114492995
Rain_mm,0.009810312095586401,0.02046785111397222,1.0098585909550328,0.970147966739502,1.0511946720386403,0.4793034716228451,0.6317227527857023,False,Chikungunya,Minas Gerais,quasi-poisson,lagged,846308.8635885087,108,12886.712114492995,,12886.712114492995
Rain_Lag1,0.0006716674880495044,0.024170490249944134,1.0006718931071676,0.9543712871137839,1.0492187382155582,0.027788740778688047,0.9778306460532493,False,Chikungunya,Minas Gerais,quasi-poisson,lagged,846308.8635885087,108,12886.712114492995,,12886.712114492995
Rain_Lag2,0.006761434873870431,0.0213298920981243,1.006784344980605,0.9655618166440604,1.049766778082609,0.3169933932513899,0.7512486153656515,False,Chikungunya,Minas Gerais,quasi-poisson,lagged,846308.8635885087,108,12886.712114492995,,12886.712114492995
Intercept,-24.87104951359213,7.766389669544733,1.5799394276006362e-11,3.870402117571464e-18,6.449481265924123e-05,-3.2023952662486064,0.0013628984934042077,True,Chikungunya,Para,quasi-poisson,lagged,40907.6630473557,108,467.69498170221016,,467.69498170221016
Temp_Avg,-0.007190522263043619,0.4736256184619963,0.9928352676907297,0.39239090303439567,2.5120915422550403,-0.015181869355786519,0.987887086154563,False,Chikungunya,Para,quasi-poisson,lagged,40907.6630473557,108,467.69498170221016,,467.69498170221016
Temp_Lag1,-0.08006811037366496,0.5706154015593682,0.9230534747284775,0.30165409542890087,2.8245189775954396,-0.14031887354399508,0.8884080529187093,False,Chikungunya,Para,quasi-poisson,lagged,40907.6630473557,108,467.69498170221016,,467.69498170221016
Temp_Lag2,0.5854922551512389,0.4904383265190216,1.7958747967114383,0.6867624228572122,4.696189217874415,1.1938142341094762,0.23255064242296886,False,Chikungunya,Para,quasi-poisson,lagged,40907.6630473557,108,467.69498170221016,,467.69498170221016
Rain_mm,0.020454034683026028,0.00868869101519559,1.0206646519906888,1.0034300695643414,1.038195249894766,2.3540985226950886,0.01856768905276196,True,Chikungunya,Para,quasi-poisson,lagged,40907.6630473557,108,467.69498170221016,,467.69498170221016
Rain_Lag1,0.00806817261342023,0.009898434653851387,1.0081008080284242,0.9887312145139404,1.0278498587173237,0.8150958101522628,0.41501746975912956,False,Chikungunya,Para,quasi-poisson,lagged,40907.6630473557,108,467.69498170221016,,467.69498170221016
Rain_Lag2,0.004281916065837971,0.009130149709708527,1.0042910965671372,0.9864790628983773,1.0224247473440036,0.46898640241186884,0.639079355417504,False,Chikungunya,Para,quasi-poisson,lagged,40907.6630473557,108,467.69498170221016,,467.69498170221016
Intercept,-39.89435188223617,14.475730239414245,4.721751407378384e-18,2.2496387287700146e-30,9.910451872985676e-06,-2.755947452903798,0.005852239790780311,True,Chikungunya,Paraiba,quasi-poisson,lagged,52650.960364230734,108,736.2293817166948,,736.2293817166948
Temp_Avg,0.6079454922985126,0.6925420226893158,1.8366540998722967,0.47263263040245795,7.137252203059431,0.8778463578826691,0.38002710302108467,False,Chikungunya,Paraiba,quasi-poisson,lagged,52650.960364230734,108,736.2293817166948,,736.2293817166948
Temp_Lag1,0.3064006256606293,0.7875491131238013,1.3585264580998355,0.29019689559340706,6.359799726952056,0.3890558957590543,0.6972347983138649,False,Chikungunya,Paraiba,quasi-poisson,lagged,52650.960364230734,108,736.2293817166948,,736.2293817166948
Temp_Lag2,0.19919313457238141,0.7279713828221394,1.2204176479805304,0.2929859053413951,5.083586644780125,0.27362769921005126,0.7843707452139395,False,Chikungunya,Paraiba,quasi-poisson,lagged,52650.960364230734,108,736.2293817166948,,736.2293817166948
Rain_mm,0.02844673457918538,0.011145010056263822,1.0288552069694048,1.0066243595202868,1.0515770127125796,2.552418924305724,0.010697780417584957,True,Chikungunya,Paraiba,quasi-poisson,lagged,52650.960364230734,108,736.2293817166948,,736.2293817166948
Rain_Lag1,0.025511332063779688,0.011044677322100722,1.0258395310835717,1.003871238473341,1.0482885684962364,2.3098304567695034,0.02089754240681274,True,Chikungunya,Paraiba,quasi-poisson,lagged,52650.960364230734,108,736.2293817166948,,736.2293817166948
Rain_Lag2,0.027826206308551413,0.011357288206367454,1.0282169712692186,1.0055814399429803,1.0513620259995984,2.4500748596791504,0.014282651706920557,True,Chikungunya,Paraiba,quasi-poisson,lagged,52650.960364230734,108,736.2293817166948,,736.2293817166948
Intercept,-28.209201836880716,5.887346364182943,5.609179050639206e-13,5.463725937797155e-18,5.7585043577084764e-08,-4.791496897226573,1.6554158113191164e-06,True,Chikungunya,Parana,quasi-poisson,lagged,40581.03922944094,108,660.9863159919792,,660.9863159919792
Temp_Avg,0.3365307846297247,0.3561408298913526,1.400081969611472,0.6966269443772096,2.813887027271964,0.9449373853943949,0.3446908436708065,False,Chikungunya,Parana,quasi-poisson,lagged,40581.03922944094,108,660.9863159919792,,660.9863159919792
Temp_Lag1,0.4324742137597112,0.4677366037845307,1.5410657364889544,0.616134786791219,3.854487126994482,0.9246105826665992,0.355168506280755,False,Chikungunya,Parana,quasi-poisson,lagged,40581.03922944094,108,660.9863159919792,,660.9863159919792
Temp_Lag2,0.03523996342517488,0.3549006902432073,1.0358682494712683,0.5166625169641436,2.0768354487328478,0.0992952800430609,0.9209038258782862,False,Chikungunya,Parana,quasi-poisson,lagged,40581.03922944094,108,660.9863159919792,,660.9863159919792
Rain_mm,-0.004278198419090915,0.009340010485565651,0.9957309400350808,0.9776685043903787,1.0141270793635508,-0.4580507083693941,0.6469160107797467,False,Chikungunya,Parana,quasi-poisson,lagged,40581.03922944094,108,660.9863159919792,,660.9863159919792
Rain_Lag1,0.0067106260394878695,0.009060799222706356,1.0067331927410659,0.9890122705223814,1.024771634866874,0.7406218672930138,0.4589227454168596,False,Chikungunya,Parana,quasi-poisson,lagged,40581.03922944094,108,660.9863159919792,,660.9863159919792
Rain_Lag2,0.0010476556244813813,0.008437839450696542,1.0010482046073335,0.9846288511316773,1.0177413619312605,0.12416159736185756,0.901187327765473,False,Chikungunya,Parana,quasi-poisson,lagged,40581.03922944094,108,660.9863159919792,,660.9863159919792
Intercept,-4.356408218288883,8.266654542749283,0.012824367353691562,1.1784673223862054e-09,139557.87733631497,-0.5269856379942606,0.5982035620016157,False,Chikungunya,Pernambuco,quasi-poisson,lagged,129212.12254682159,108,2063.8211555056378,,2063.8211555056378
Temp_Avg,0.20807955775134412,0.6427394609782261,1.231311125996608,0.34934692860435446,4.339889562103729,0.32373857586813576,0.7461359629777755,False,Chikungunya,Pernambuco,quasi-poisson,lagged,129212.12254682159,108,2063.8211555056378,,2063.8211555056378
Temp_Lag1,-0.4481599734988784,0.7493760808183225,0.638802484388997,0.14705669417413253,2.774906755202543,-0.5980441396120962,0.5498104813981806,False,Chikungunya,Pernambuco,quasi-poisson,lagged,129212.12254682159,108,2063.8211555056378,,2063.8211555056378
Temp_Lag2,0.028296084441119307,0.577352883529686,1.0287002214650118,0.3317692548287267,3.189638974197487,0.049010033981521456,0.9609112995895661,False,Chikungunya,Pernambuco,quasi-poisson,lagged,129212.12254682159,108,2063.8211555056378,,2063.8211555056378
Rain_mm,0.0022312394831998823,0.01701662457849852,1.0022337305503934,0.9693579394997606,1.0362245046152085,0.131121155838343,0.895679465707397,False,Chikungunya,Pernambuco,quasi-poisson,lagged,129212.12254682159,108,2063.8211555056378,,2063.8211555056378
Rain_Lag1,0.020320316666357793,0.015120047607875348,1.0205281798623356,0.9907282733547802,1.0512244314644468,1.3439320558603176,0.17897035897500357,False,Chikungunya,Pernambuco,quasi-poisson,lagged,129212.12254682159,108,2063.8211555056378,,2063.8211555056378
Rain_Lag2,0.021702502426696864,0.015443865589861576,1.0219397146574924,0.9914691220900849,1.053346752940377,1.4052506673551919,0.15994675236354805,False,Chikungunya,Pernambuco,quasi-poisson,lagged,129212.12254682159,108,2063.8211555056378,,2063.8211555056378
Intercept,-1.3050499809060279,21.037261834031018,0.27115898193530963,3.3569525769431385e-19,2.1902958650416205e+17,-0.06203516366350055,0.9505348293621889,False,Chikungunya,Piaui,quasi-poisson,lagged,69294.63971726557,108,1237.4693192277534,,1237.4693192277534
Temp_Avg,-0.07453592534870412,0.9090796689678163,0.9281741284807874,0.1562446741282701,5.5138341040271825,-0.08199053162560924,0.9346542427736904,False,Chikungunya,Piaui,quasi-poisson,lagged,69294.63971726557,108,1237.4693192277534,,1237.4693192277534
Temp_Lag1,-0.43909995523837697,0.9693469454274101,0.6446163436292078,0.09642208864648955,4.30949211230364,-0.4529853395728879,0.6505592982047779,False,Chikungunya,Piaui,quasi-poisson,lagged,69294.63971726557,108,1237.4693192277534,,1237.4693192277534
Temp_Lag2,0.2552187289858927,0.7376330514436491,1.2907439131061784,0.3040564050547385,5.479311803744836,0.3459968726813348,0.7293450650003348,False,Chikungunya,Piaui,quasi-poisson,lagged,69294.63971726557,108,1237.4693192277534,,1237.4693192277534
Rain_mm,-0.004923300811992826,0.02292831815991011,0.9950887987686807,0.9513599379399234,1.0408276383584962,-0.21472577175770172,0.8299811282613532,False,Chikungunya,Piaui,quasi-poisson,lagged,69294.63971726557,108,1237.4693192277534,,1237.4693192277534
Rain_Lag1,-0.012585466003753952,0.025516022946290035,0.9874933997726246,0.9393220653584593,1.0381351088802193,-0.49323776006338194,0.6218446001790521,False,Chikungunya,Piaui,quasi-poisson,lagged,69294.63971726557,108,1237.4693192277534,,1237.4693192277534
Rain_Lag2,-0.02402821604633605,0.026848600806079096,0.9762581632237145,0.9262126068804107,1.0290078046670326,-0.8949522628715739,0.3708126070713498,False,Chikungunya,Piaui,quasi-poisson,lagged,69294.63971726557,108,1237.4693192277534,,1237.4693192277534
Intercept,4.421794894730947,6.184885014100415,83.24556837666816,0.00045256474014890324,15312338.853606839,0.7149356673002097,0.474648796354753,False,Chikungunya,Rio Grande do Norte,quasi-poisson,lagged,71798.79842114168,108,911.0749798966183,,911.0749798966183
Temp_Avg,0.24039351495405292,0.4604931110757946,1.2717495043143157,0.5157294448201104,3.1360373505294974,0.5220349863485482,0.6016459712419919,False,Chikungunya,Rio Grande do Norte,quasi-poisson,lagged,71798.79842114168,108,911.0749798966183,,911.0749798966183
Temp_Lag1,-0.46702855939914417,0.5931533983643563,0.626862187349311,0.19600615441005648,2.004815629953512,-0.787365562916766,0.4310678998261914,False,Chikungunya,Rio Grande do Norte,quasi-poisson,lagged,71798.79842114168,108,911.0749798966183,,911.0749798966183
Temp_Lag2,-0.2284271935307331,0.4037352272783823,0.7957842333357239,0.3606857353459853,1.7557460247721293,-0.5657846481977374,0.5715401837324061,False,Chikungunya,Rio Grande do Norte,quasi-poisson,lagged,71798.79842114168,108,911.0749798966183,,911.0749798966183
Rain_mm,-0.008523469156602986,0.01394959436891979,0.9915127526218361,0.9647708431131978,1.0189959052238713,-0.6110191401402746,0.5411869091372381,False,Chikungunya,Rio Grande do Norte,quasi-poisson,lagged,71798.79842114168,108,911.0749798966183,,911.0749798966183
Rain_Lag1,-0.009101450164866715,0.014533546041510224,0.9909398426628563,0.963110430438237,1.019573395472284,-0.6262374054392135,0.5311592359330974,False,Chikungunya,Rio Grande do Norte,quasi-poisson,lagged,71798.79842114168,108,911.0749798966183,,911.0749798966183
Rain_Lag2,-0.0020423549418727566,0.012584208048905851,0.9979597292458564,0.9736460860486101,1.02288052657641,-0.162295071246087,0.8710734958033912,False,Chikungunya,Rio Grande do Norte,quasi-poisson,lagged,71798.79842114168,108,911.0749798966183,,911.0749798966183
Intercept,-18.64103162673335,3.869526101688432,8.022372573316242e-09,4.078455365659719e-12,1.5780106911795573e-05,-4.817393948731735,1.454453497418129e-06,True,Chikungunya,Rio Grande do Sul,quasi-poisson,lagged,7126.37625807556,108,96.04245373945601,,96.04245373945601
Temp_Avg,0.19069386984605718,0.22821129313210645,1.2100889506566148,0.773677418141738,1.892669004115827,0.8356022492527079,0.40337870297462963,False,Chikungunya,Rio Grande do Sul,quasi-poisson,lagged,7126.37625807556,108,96.04245373945601,,96.04245373945601
Temp_Lag1,0.17489601629810392,0.3051197467279966,1.1911223528609023,0.654987788331903,2.1661052080042067,0.5732045145344772,0.5665062280078288,False,Chikungunya,Rio Grande do Sul,quasi-poisson,lagged,7126.37625807556,108,96.04245373945601,,96.04245373945601
Temp_Lag2,-0.037591316136388886,0.24538761679664362,0.9631064665437461,0.5953826058470976,1.5579461959232879,-0.1531915775829119,0.8782471993926189,False,Chikungunya,Rio Grande do Sul,quasi-poisson,lagged,7126.37625807556,108,96.04245373945601,,96.04245373945601
Rain_mm,-0.0021488939239355416,0.0048880049146927985,0.99785341329566,0.9883391374976774,1.007459278549656,-0.43962597449037044,0.6602080249747828,False,Chikungunya,Rio Grande do Sul,quasi-poisson,lagged,7126.37625807556,108,96.04245373945601,,96.04245373945601
Rain_Lag1,0.0045493181501257765,0.004996721345097444,1.0045596820081437,0.9947694714159585,1.0144462447966858,0.9104606472781119,0.36257962634503693,False,Chikungunya,Rio Grande do Sul,quasi-poisson,lagged,7126.37625807556,108,96.04245373945601,,96.04245373945601
Rain_Lag2,0.0010262866426731,0.004829721381747409,1.0010268134550142,0.9915955492684716,1.010547780287179,0.2124939642588215,0.8317216860955412,False,Chikungunya,Rio Grande do Sul,quasi-poisson,lagged,7126.37625807556,108,96.04245373945601,,96.04245373945601
Intercept,-31.36571836676157,6.844404728454818,2.388039974558396e-14,3.564237782826846e-20,1.5999872251974018e-08,-4.58268024922054,4.590537109772086e-06,True,Chikungunya,Rio de Janeiro,quasi-poisson,lagged,296247.6773923188,108,3999.5391591598395,,3999.5391591598395
Temp_Avg,-0.3912485935967115,0.4547233287172862,0.6762120331615563,0.2773413231295692,1.6487363247303048,-0.8604102074559744,0.389562961070657,False,Chikungunya,Rio de Janeiro,quasi-poisson,lagged,296247.6773923188,108,3999.5391591598395,,3999.5391591598395
Temp_Lag1,0.023217857685259302,0.6260024205143255,1.0234894903118135,0.3000677829973398,3.4909803588878527,0.03708908611916139,0.9704139740577631,False,Chikungunya,Rio de Janeiro,quasi-poisson,lagged,296247.6773923188,108,3999.5391591598395,,3999.5391591598395
Temp_Lag2,1.2481576757603203,0.44681183778768596,3.483918533779378,1.451222745296923,8.363766616356376,2.7934749489636714,0.005214506771538563,True,Chikungunya,Rio de Janeiro,quasi-poisson,lagged,296247.6773923188,108,3999.5391591598395,,3999.5391591598395
Rain_mm,0.020949044159269674,0.005828514618721343,1.021170015735093,1.009570664177913,1.03290263677139,3.5942337850506183,0.00032534760912850125,True,Chikungunya,Rio de Janeiro,quasi-poisson,lagged,296247.6773923188,108,3999.5391591598395,,3999.5391591598395
Rain_Lag1,0.009271582776474116,0.00652915840304275,1.009314697042881,0.9964806398231416,1.0223140490191234,1.420027238449802,0.1555997513239522,False,Chikungunya,Rio de Janeiro,quasi-poisson,lagged,296247.6773923188,108,3999.5391591598395,,3999.5391591598395
Rain_Lag2,0.016161633917268672,0.006757221976168015,1.0162929395401281,1.002921738827178,1.0298424084085924,2.3917571413620853,0.01676793351775907,True,Chikungunya,Rio de Janeiro,quasi-poisson,lagged,296247.6773923188,108,3999.5391591598395,,3999.5391591598395
Intercept,-18.32594059801024,9.23646492511172,1.099373141433858e-08,1.5097583979619046e-16,0.8005395470809936,-1.984085983825525,0.04724625536120386,True,Chikungunya,Rondonia,quasi-poisson,lagged,35380.09881075413,108,710.5149443385453,,710.5149443385453
Temp_Avg,-0.18587693524543591,0.41437132323347264,0.8303757786855974,0.3685994489299108,1.870659155431416,-0.4485757696622885,0.6537377162608098,False,Chikungunya,Rondonia,quasi-poisson,lagged,35380.09881075413,108,710.5149443385453,,710.5149443385453
Temp_Lag1,0.25490896114352246,0.5147297473461269,1.2903441440701555,0.4704990478509681,3.5387702010048105,0.4952287340255672,0.6204386698795736,False,Chikungunya,Rondonia,quasi-poisson,lagged,35380.09881075413,108,710.5149443385453,,710.5149443385453
Temp_Lag2,0.31072269144487374,0.4198843654695408,1.3644108059305013,0.5991455842677018,3.1071193650125255,0.7400196744582388,0.4592880563768984,False,Chikungunya,Rondonia,quasi-poisson,lagged,35380.09881075413,108,710.5149443385453,,710.5149443385453
Rain_mm,-0.011640364356094852,0.010153166699228186,0.9884271225737797,0.9689516442352233,1.0082940489879675,-1.1464762375052622,0.2515981538919363,False,Chikungunya,Rondonia,quasi-poisson,lagged,35380.09881075413,108,710.5149443385453,,710.5149443385453
Rain_Lag1,-0.006285007240803813,0.009464422280564431,0.9937347021044616,0.9754705832736061,1.012340787205123,-0.6640666545183985,0.5066476511013427,False,Chikungunya,Rondonia,quasi-poisson,lagged,35380.09881075413,108,710.5149443385453,,710.5149443385453
Rain_Lag2,-0.005340831733230431,0.009307051632503002,0.9946734051516921,0.9766932447713489,1.0129845662521013,-0.5738478676295996,0.566070753525584,False,Chikungunya,Rondonia,quasi-poisson,lagged,35380.09881075413,108,710.5149443385453,,710.5149443385453
Intercept,7.118461947708079,3.8210787101443735,1234.5501697696677,0.6901458518918803,2208394.236523045,1.8629456464243102,0.06246991377822919,False,Chikungunya,Roraima,quasi-poisson,lagged,20568.57654292859,105,362.6791547979684,,362.6791547979684
Temp_Avg,-0.20509605831200323,0.08960831403169921,0.8145690665236583,0.6833634974965777,0.9709660620854966,-2.288806128407347,0.022090619250545007,True,Chikungunya,Roraima,quasi-poisson,lagged,20568.57654292859,105,362.6791547979684,,362.6791547979684
Temp_Lag1,-0.18887561662964156,0.10309093814570662,0.8278894759740738,0.6764248964170381,1.0132698959768247,-1.832126276343403,0.06693260938698176,False,Chikungunya,Roraima,quasi-poisson,lagged,20568.57654292859,105,362.6791547979684,,362.6791547979684
Temp_Lag2,-0.17798064376027292,0.10706220208896262,0.836958623703742,0.6785327315294469,1.032374276496729,-1.6624041004908632,0.0964317772958656,False,Chikungunya,Roraima,quasi-poisson,lagged,20568.57654292859,105,362.6791547979684,,362.6791547979684
Rain_mm,-0.006469726899861522,0.009158636162835803,0.9935511567218371,0.9758751178492703,1.01154736191949,-0.7064072406451279,0.4799349193589373,False,Chikungunya,Roraima,quasi-poisson,lagged,20568.57654292859,105,362.6791547979684,,362.6791547979684
Rain_Lag1,-0.005754801072728416,0.010543588934606813,0.9942617260762818,0.9739257255483356,1.0150223513026257,-0.5458104549049381,0.5851962358887759,False,Chikungunya,Roraima,quasi-poisson,lagged,20568.57654292859,105,362.6791547979684,,362.6791547979684
Rain_Lag2,-0.0017494861512532445,0.009021033700235387,0.9982520433075911,0.9807568473151548,1.0160593267288858,-0.19393411103292907,0.8462274739766509,False,Chikungunya,Roraima,quasi-poisson,lagged,20568.57654292859,105,362.6791547979684,,362.6791547979684
Intercept,-22.618050082966384,3.6788168650607798,1.5035077032435194e-10,1.1107939950165176e-13,2.0350626883601298e-07,-6.148185928410627,7.837412940858712e-10,True,Chikungunya,Santa Catarina,quasi-poisson,lagged,8451.341420269173,108,105.93763553040422,,105.93763553040422
Temp_Avg,0.38921569275395906,0.22656655362957248,1.4758228412983967,0.9466226326719401,2.300867297827322,1.7178868042028463,0.08581726419374691,False,Chikungunya,Santa Catarina,quasi-poisson,lagged,8451.341420269173,108,105.93763553040422,,105.93763553040422
Temp_Lag1,0.18442729011267972,0.2943902853047611,1.2025295423185511,0.6753138933036751,2.141340959349391,0.6264720655498377,0.5310053538449073,False,Chikungunya,Santa Catarina,quasi-poisson,lagged,8451.341420269173,108,105.93763553040422,,105.93763553040422
Temp_Lag2,0.05396714931772606,0.23001452983047815,1.0554499293352857,0.6724272652281258,1.6566469132627089,0.2346249576385462,0.8144998368083973,False,Chikungunya,Santa Catarina,quasi-poisson,lagged,8451.341420269173,108,105.93763553040422,,105.93763553040422
Rain_mm,-0.0029598634875474487,0.004321534504787386,0.9970445125897898,0.9886350039723237,1.0055255540124903,-0.684910298475812,0.4934005269524908,False,Chikungunya,Santa Catarina,quasi-poisson,lagged,8451.341420269173,108,105.93763553040422,,105.93763553040422
Rain_Lag1,-0.0017929683546093617,0.004566571348672093,0.9982086380529283,0.989314056524346,1.0071831876968393,-0.3926290027485799,0.6945935152475273,False,Chikungunya,Santa Catarina,quasi-poisson,lagged,8451.341420269173,108,105.93763553040422,,105.93763553040422
Rain_Lag2,-0.006647801132580178,0.0046159899365237145,0.9933742466139706,0.9844273854606964,1.0024024203411106,-1.4401680298260384,0.1498198658330543,False,Chikungunya,Santa Catarina,quasi-poisson,lagged,8451.341420269173,108,105.93763553040422,,105.93763553040422
Intercept,-25.952343272778315,3.6593134397228617,5.358466552236572e-12,4.113107313795148e-15,6.9808934221423624e-09,-7.0921345493551975,1.3204992654891612e-12,True,Chikungunya,Sao Paulo,quasi-poisson,lagged,100339.73391454507,108,1153.8629675948775,,1153.8629675948775
Temp_Avg,0.38192256143718584,0.2506009930697453,1.4650986256079972,0.8965014352594889,2.3943229741033734,1.5240265282224645,0.12750208447415345,False,Chikungunya,Sao Paulo,quasi-poisson,lagged,100339.73391454507,108,1153.8629675948775,,1153.8629675948775
Temp_Lag1,0.14252894916629444,0.35666035642210775,1.1531864642608802,0.5731972679100914,2.3200372643142146,0.39962094637064555,0.6894357262057298,False,Chikungunya,Sao Paulo,quasi-poisson,lagged,100339.73391454507,108,1153.8629675948775,,1153.8629675948775
Temp_Lag2,0.20598438110693218,0.25341495730780905,1.2287340123802883,0.7477332851745244,2.0191521537359023,0.8128343460671676,0.41631304063662045,False,Chikungunya,Sao Paulo,quasi-poisson,lagged,100339.73391454507,108,1153.8629675948775,,1153.8629675948775
Rain_mm,-0.014106189595003739,0.008531616417449825,0.9859928365235371,0.9696421842323324,1.0026192027169372,-1.6534017593843258,0.09824912504216354,False,Chikungunya,Sao Paulo,quasi-poisson,lagged,100339.73391454507,108,1153.8629675948775,,1153.8629675948775
Rain_Lag1,-0.005880524606813179,0.009424405104551342,0.9941367318357978,0.9759417676795986,1.0126709136908485,-0.6239677243896582,0.5326487817059855,False,Chikungunya,Sao Paulo,quasi-poisson,lagged,100339.73391454507,108,1153.8629675948775,,1153.8629675948775
Rain_Lag2,-0.008534426359331496,0.008112355103304172,0.9915018884751182,0.9758614668348728,1.0073929837994862,-1.0520282027416938,0.29278661043648,False,Chikungunya,Sao Paulo,quasi-poisson,lagged,100339.73391454507,108,1153.8629675948775,,1153.8629675948775
Intercept,-5.094974427577981,5.560104262246515,0.006127463326924362,1.1335075700049665e-07,331.2356072102674,-0.9163451236289223,0.35948590789552526,False,Chikungunya,Sergipe,quasi-poisson,lagged,29124.39094796794,108,280.9921353320193,,280.9921353320193
Temp_Avg,-0.1667238257246011,0.37692053384541613,0.846433342175429,0.4043444876871467,1.771878743406056,-0.4423315016129591,0.6582493385815946,False,Chikungunya,Sergipe,quasi-poisson,lagged,29124.39094796794,108,280.9921353320193,,280.9921353320193
Temp_Lag1,-0.29256867137350584,0.484809893738486,0.7463439908090961,0.28857621155011604,1.9302677432235633,-0.6034709174712551,0.5461954569419241,False,Chikungunya,Sergipe,quasi-poisson,lagged,29124.39094796794,108,280.9921353320193,,280.9921353320193
Temp_Lag2,0.3379187864824367,0.3784864072575192,1.4020266352667996,0.6677011593792704,2.943949787094784,0.8928161751724927,0.37195562273478977,False,Chikungunya,Sergipe,quasi-poisson,lagged,29124.39094796794,108,280.9921353320193,,280.9921353320193
Rain_mm,-0.014512450775192785,0.00854685922133856,0.9855923472672403,0.969219379532623,1.0022419026125677,-1.697986406393614,0.08951032749942534,False,Chikungunya,Sergipe,quasi-poisson,lagged,29124.39094796794,108,280.9921353320193,,280.9921353320193
Rain_Lag1,-0.010698282291093535,0.010100035388906132,0.9893587408000262,0.9699659107554408,1.0091392977254925,-1.059232159012484,0.2894940625046667,False,Chikungunya,Sergipe,quasi-poisson,lagged,29124.39094796794,108,280.9921353320193,,280.9921353320193
Rain_Lag2,-0.01319910825168817,0.008976813913703982,0.9868876179886251,0.9696756318897559,1.0044051211652931,-1.470355560288316,0.14146548057734365,False,Chikungunya,Sergipe,quasi-poisson,lagged,29124.39094796794,108,280.9921353320193,,280.9921353320193
Intercept,-51.11656285805978,16.442323279814126,6.314788608918334e-23,6.37339283077499e-37,6.256723260925308e-09,-3.1088406418096914,0.0018782299341539854,True,Chikungunya,Tocantins,quasi-poisson,lagged,53242.287084216056,108,746.899620120599,,746.899620120599
Temp_Avg,0.7694278294726125,0.6800901172738554,2.158530852652216,0.5691855495514347,8.185828760978525,1.1313615797813203,0.2579029354224296,False,Chikungunya,Tocantins,quasi-poisson,lagged,53242.287084216056,108,746.899620120599,,746.899620120599
Temp_Lag1,0.24051095949313073,0.7482611536571595,1.2718988731197758,0.29344034867709895,5.512966266351797,0.3214264943698103,0.7478872078702161,False,Chikungunya,Tocantins,quasi-poisson,lagged,53242.287084216056,108,746.899620120599,,746.899620120599
Temp_Lag2,0.5668405557820553,0.5969397248337762,1.7626891265335316,0.5470794146666417,5.679381957174926,0.9495775405798259,0.342326954975009,False,Chikungunya,Tocantins,quasi-poisson,lagged,53242.287084216056,108,746.899620120599,,746.899620120599
Rain_mm,0.007258074810061445,0.012260689045050885,1.0072844784763082,0.9833670057980203,1.0317836724203533,0.5919793564123722,0.5538644121355283,False,Chikungunya,Tocantins,quasi-poisson,lagged,53242.287084216056,108,746.899620120599,,746.899620120599
Rain_Lag1,0.0077268772085638746,0.01211471120945624,1.0077568065614113,0.984109648473913,1.0319721819064906,0.6378094429962635,0.5235977318382603,False,Chikungunya,Tocantins,quasi-poisson,lagged,53242.287084216056,108,746.899620120599,,746.899620120599
Rain_Lag2,0.01297995515865532,0.011000729492514995,1.0130645604378994,0.9914552411067166,1.035144866922709,1.1799176743221447,0.23803295958302573,False,Chikungunya,Tocantins,quasi-poisson,lagged,53242.287084216056,108,746.899620120599,,746.899620120599
Intercept,-12.554314518918611,8.55410256363006,3.529640551696578e-06,1.8464237595494454e-13,67.47293171325377,-1.4676366603665085,0.14220294426867963,False,Zika,Acre,quasi-poisson,lagged,9371.171593608386,120,127.67559681437346,,127.67559681437346
Temp_Avg,-0.21410731524052243,0.3669426896974502,0.8072617488853295,0.393247935441435,1.657151818182786,-0.5834897962323685,0.5595636240808437,False,Zika,Acre,quasi-poisson,lagged,9371.171593608386,120,127.67559681437346,,127.67559681437346
Temp_Lag1,-0.06382878122554225,0.4282582746818751,0.9381656173471848,0.4052646373935871,2.171802433178079,-0.14904272724900985,0.8815199179987838,False,Zika,Acre,quasi-poisson,lagged,9371.171593608386,120,127.67559681437346,,127.67559681437346
Temp_Lag2,0.3923468011324689,0.3297666042006318,1.4804510444836882,0.7756951040953396,2.825511316935501,1.1897711779624687,0.2341363407332433,False,Zika,Acre,quasi-poisson,lagged,9371.171593608386,120,127.67559681437346,,127.67559681437346
Rain_mm,-0.0014222445523950095,0.005361720022711841,0.9985787663580776,0.9881396789247643,1.009128136324078,-0.26525901135652163,0.7908099379753428,False,Zika,Acre,quasi-poisson,lagged,9371.171593608386,120,127.67559681437346,,127.67559681437346
Rain_Lag1,-0.005454238324799451,0.005244440191574882,0.9945606090271224,0.9843897813558949,1.004836522851698,-1.0400039137755077,0.29833808234900827,False,Zika,Acre,quasi-poisson,lagged,9371.171593608386,120,127.67559681437346,,127.67559681437346
Rain_Lag2,0.004946131637468619,0.004414298781858271,1.0049583839387255,0.9963009643753811,1.0136910326910158,1.1204795782732369,0.2625094503019807,False,Zika,Acre,quasi-poisson,lagged,9371.171593608386,120,127.67559681437346,,127.67559681437346
Intercept,-42.8001045694333,13.302992964298967,2.5831567498228693e-19,1.2257856806466962e-30,5.4436096778639486e-08,-3.2173289638125246,0.001293901480371451,True,Zika,Alagoas,quasi-poisson,lagged,31290.681069753562,120,562.9041059400906,,562.9041059400906
Temp_Avg,0.8656911433280368,0.8666763277702438,2.3766481229635716,0.43474550759760433,12.992558178690638,0.9988632613922411,0.3178609354603026,False,Zika,Alagoas,quasi-poisson,lagged,31290.681069753562,120,562.9041059400906,,562.9041059400906
Temp_Lag1,-0.09503735327892038,1.0865869003337134,0.9093389670417689,0.10809468986969722,7.64975002913996,-0.0874641073343811,0.9303026142600541,False,Zika,Alagoas,quasi-poisson,lagged,31290.681069753562,120,562.9041059400906,,562.9041059400906
Temp_Lag2,0.4104616432311867,0.7935593343047537,1.5075135579310321,0.31825107872245284,7.140893713443824,0.5172412767229269,0.6049877412807687,False,Zika,Alagoas,quasi-poisson,lagged,31290.681069753562,120,562.9041059400906,,562.9041059400906
Rain_mm,0.01716395894966738,0.023300779404155276,1.017312106076419,0.9718968819459313,1.064849512735873,0.7366259579542861,0.46134984480126007,False,Zika,Alagoas,quasi-poisson,lagged,31290.681069753562,120,562.9041059400906,,562.9041059400906
Rain_Lag1,0.034091274148870074,0.019487352628130603,1.034679041867209,0.9959044726390474,1.074963261127211,1.7494051038855967,0.08022101925749414,False,Zika,Alagoas,quasi-poisson,lagged,31290.681069753562,120,562.9041059400906,,562.9041059400906
Rain_Lag2,0.03381337313565795,0.021633100441339034,1.034391543463024,0.9914492635591016,1.0791937666551454,1.563038697451034,0.11804349306392115,False,Zika,Alagoas,quasi-poisson,lagged,31290.681069753562,120,562.9041059400906,,562.9041059400906
Intercept,-44.442452966148736,8.650482956125696,4.9990549958049356e-20,2.1649514812259293e-27,1.154323829785372e-12,-5.137568987946222,2.783153099095159e-07,True,Zika,Amapa,quasi-poisson,lagged,3218.8474498356004,116,31.066895752886868,,31.066895752886868
Temp_Avg,0.6749343007357651,0.4991623677209122,1.9639039446870694,0.7382860410346462,5.2241522791793304,1.3521337832765652,0.17633252173459457,False,Zika,Amapa,quasi-poisson,lagged,3218.8474498356004,116,31.066895752886868,,31.066895752886868
Temp_Lag1,0.029180541292980866,0.6454910860961494,1.0296104649005822,0.2905493064595905,3.648598313141151,0.04520673007192274,0.9639425299147608,False,Zika,Amapa,quasi-poisson,lagged,3218.8474498356004,116,31.066895752886868,,31.066895752886868
Temp_Lag2,0.5825658139131444,0.48143276565141996,1.7906269571401867,0.6969494424699152,4.600541594917096,1.2100668161313923,0.22625325521774609,False,Zika,Amapa,quasi-poisson,lagged,3218.8474498356004,116,31.066895752886868,,31.066895752886868
Rain_mm,3.462434261486229e-06,0.004817851142876388,1.0000034624402556,0.9906048866638676,1.0094912092149033,0.0007186677543173451,0.9994265861438432,False,Zika,Amapa,quasi-poisson,lagged,3218.8474498356004,116,31.066895752886868,,31.066895752886868
Rain_Lag1,-0.0031806923515838217,0.005184759518090146,0.9968243606915224,0.9867457998406033,1.0070058633424896,-0.6134696007570007,0.5395658772399754,False,Zika,Amapa,quasi-poisson,lagged,3218.8474498356004,116,31.066895752886868,,31.066895752886868
Rain_Lag2,-0.004587116962118785,0.004746222495916798,0.9954233877905788,0.9862063039466391,1.0047266144975748,-0.9664774388611381,0.33380533094264764,False,Zika,Amapa,quasi-poisson,lagged,3218.8474498356004,116,31.066895752886868,,31.066895752886868
Intercept,-24.131946523259234,20.711521997219187,3.308482085200208e-11,7.755777573814385e-29,14113418.807996264,-1.1651459765486711,0.243959909019287,False,Zika,Amazonas,quasi-poisson,lagged,24410.60769959038,120,508.31148811775415,,508.31148811775415
Temp_Avg,-0.1478759279426871,1.201892566952816,0.86253812518312,0.08179122138450977,9.095988601232829,-0.12303589522780736,0.9020786736136046,False,Zika,Amazonas,quasi-poisson,lagged,24410.60769959038,120,508.31148811775415,,508.31148811775415
Temp_Lag1,0.24166543950154873,1.521203745192319,1.2733681028765276,0.0645771981009816,25.108960640996287,0.15886460986262957,0.8737755437745522,False,Zika,Amazonas,quasi-poisson,lagged,24410.60769959038,120,508.31148811775415,,508.31148811775415
Temp_Lag2,0.33418048915827087,1.1176609594820632,1.3967952272194761,0.15622859505051098,12.488347003007416,0.29899987677223144,0.7649401395769415,False,Zika,Amazonas,quasi-poisson,lagged,24410.60769959038,120,508.31148811775415,,508.31148811775415
Rain_mm,0.002528916008485288,0.015925797271609272,1.0025321164138576,0.9717218804941725,1.0343192477359022,0.1587936833149042,0.8738314256502695,False,Zika,Amazonas,quasi-poisson,lagged,24410.60769959038,120,508.31148811775415,,508.31148811775415
Rain_Lag1,0.01399486618121143,0.015407815813967897,1.0140932527541342,0.9839261330225308,1.0451852946748712,0.9082965652097449,0.36372155675625684,False,Zika,Amazonas,quasi-poisson,lagged,24410.60769959038,120,508.31148811775415,,508.31148811775415
Rain_Lag2,0.01336398467027028,0.0149748300826262,1.0134536818385473,0.9841404264631597,1.043640051372847,0.8924298036459977,0.3721626023178637,False,Zika,Amazonas,quasi-poisson,lagged,24410.60769959038,120,508.31148811775415,,508.31148811775415
Intercept,-13.0725707489275,18.653438738804134,2.102106230579637e-06,2.7830887411036284e-22,15877505231.43383,-0.7008129134781493,0.4834197780549343,False,Zika,Bahia,quasi-poisson,lagged,209719.0294388702,120,3658.911775347415,,3658.911775347415
Temp_Avg,-0.07991809593371402,1.1093413547761732,0.9231919564654041,0.10495462644704896,8.120493753673728,-0.0720410319056741,0.9425692539258337,False,Zika,Bahia,quasi-poisson,lagged,209719.0294388702,120,3658.911775347415,,3658.911775347415
Temp_Lag1,0.6790323328453547,1.2620024083341046,1.9719685994332061,0.16621180212667397,23.395812495835404,0.5380594588101504,0.5905360000852315,False,Zika,Bahia,quasi-poisson,lagged,209719.0294388702,120,3658.911775347415,,3658.911775347415
Temp_Lag2,-0.3989101033118261,0.9137341770652191,0.6710510239066513,0.11193587790322673,4.022923526587934,-0.4365712844331457,0.6624222916174087,False,Zika,Bahia,quasi-poisson,lagged,209719.0294388702,120,3658.911775347415,,3658.911775347415
Rain_mm,0.030628631784815424,0.031727325862422856,1.0311025140754786,0.9689357963671603,1.0972578353683848,0.9653707317669435,0.3343591556799943,False,Zika,Bahia,quasi-poisson,lagged,209719.0294388702,120,3658.911775347415,,3658.911775347415
Rain_Lag1,-0.005502574511482589,0.04196388045906361,0.9945125369216773,0.9159882149084448,1.0797684620792298,-0.13112644615529376,0.8956752807769637,False,Zika,Bahia,quasi-poisson,lagged,209719.0294388702,120,3658.911775347415,,3658.911775347415
Rain_Lag2,-0.13236623553306293,0.04150500408998829,0.876020106631858,0.8075776693563,0.9502630599419325,-3.1891632933242353,0.001426852528592537,True,Zika,Bahia,quasi-poisson,lagged,209719.0294388702,120,3658.911775347415,,3658.911775347415
Intercept,-14.678086309920635,5.31119645253215,4.220735242859373e-07,1.2717636857952162e-11,0.014007795779430496,-2.763612011173632,0.005716546799372946,True,Zika,Ceara,quasi-poisson,lagged,33821.071732125485,120,470.8519177443113,,470.8519177443113
Temp_Avg,-0.034405409704958645,0.4566869433945344,0.9661797265896674,0.3947463711147231,2.3648178485764606,-0.07533696814107431,0.9399466087209809,False,Zika,Ceara,quasi-poisson,lagged,33821.071732125485,120,470.8519177443113,,470.8519177443113
Temp_Lag1,0.1762538771821789,0.5870547340275534,1.1927408298966518,0.37742877578481837,3.769269272975707,0.3002341467770302,0.7639985604408457,False,Zika,Ceara,quasi-poisson,lagged,33821.071732125485,120,470.8519177443113,,470.8519177443113
Temp_Lag2,0.018550131196444664,0.3851078697007116,1.0187232537050552,0.47890104314907705,2.1670386450095047,0.048168663005669,0.9615818244845604,False,Zika,Ceara,quasi-poisson,lagged,33821.071732125485,120,470.8519177443113,,470.8519177443113
Rain_mm,-0.018152058932195105,0.017983284242341482,0.982011697354625,0.9480014036856136,1.0172421369759055,-1.009385087149779,0.3127899876237543,False,Zika,Ceara,quasi-poisson,lagged,33821.071732125485,120,470.8519177443113,,470.8519177443113
Rain_Lag1,-0.009019377698931949,0.016962680057887994,0.9910211748768587,0.9586145340623231,1.0245233450533702,-0.5317189069269601,0.5949206949839951,False,Zika,Ceara,quasi-poisson,lagged,33821.071732125485,120,470.8519177443113,,470.8519177443113
Rain_Lag2,0.00019539849764685369,0.015423723763268124,1.0001954175891767,0.9704114714320328,1.0308934949935356,0.012668697951670966,0.9898921118787234,False,Zika,Ceara,quasi-poisson,lagged,33821.071732125485,120,470.8519177443113,,470.8519177443113
Intercept,-19.378569308113104,10.14856205403458,3.837021938373021e-09,8.817873488498945e-18,1.6696471518624776,-1.909489167522912,0.05619901781733727,False,Zika,Distrito Federal,quasi-poisson,lagged,9913.27787853658,117,137.4387977323541,,137.4387977323541
Temp_Avg,-0.43951495184781103,0.5409920483237151,0.6443488855331561,0.22316154191651896,1.8604705932849948,-0.8124240517206588,0.4165483498281417,False,Zika,Distrito Federal,quasi-poisson,lagged,9913.27787853658,117,137.4387977323541,,137.4387977323541
Temp_Lag1,0.20899245998764654,0.6437710751944911,1.2324357059147744,0.34895969610317346,4.352645265843453,0.32463785348620605,0.7454551746635281,False,Zika,Distrito Federal,quasi-poisson,lagged,9913.27787853658,117,137.4387977323541,,137.4387977323541
Temp_Lag2,0.5581169091631918,0.49279988736819497,1.7473789269746718,0.6651312628379275,4.590572244954243,1.1325426881564915,0.2574063480600337,False,Zika,Distrito Federal,quasi-poisson,lagged,9913.27787853658,117,137.4387977323541,,137.4387977323541
Rain_mm,0.014660283128445143,0.006829869204764102,1.0147682721503581,1.0012745510377794,1.0284438419969082,2.1464954436051307,0.031833471904907595,True,Zika,Distrito Federal,quasi-poisson,lagged,9913.27787853658,117,137.4387977323541,,137.4387977323541
Rain_Lag1,0.0035339644692517188,0.007360936066476778,1.0035402162840812,0.989165648760663,1.0181236752017204,0.48009715576068135,0.6311583105768805,False,Zika,Distrito Federal,quasi-poisson,lagged,9913.27787853658,117,137.4387977323541,,137.4387977323541
Rain_Lag2,0.0008064926793999222,0.007313000407928541,1.0008068179820664,0.9865640904482443,1.0152551634676938,0.1102820503777829,0.9121856921502343,False,Zika,Distrito Federal,quasi-poisson,lagged,9913.27787853658,117,137.4387977323541,,137.4387977323541
Intercept,-9.910296390827135,6.749139746878632,4.9660714466396035e-05,8.933656094927722e-11,27.605568594846094,-1.4683791953501164,0.14200124959826121,False,Zika,Espirito Santo,quasi-poisson,lagged,41516.45940867431,120,556.0837147791038,,556.0837147791038
Temp_Avg,-0.08087627111618101,0.38360887650571174,0.9223078004998628,0.43485194199181376,1.9561869149451991,-0.2108300304541488,0.8330199042805224,False,Zika,Espirito Santo,quasi-poisson,lagged,41516.45940867431,120,556.0837147791038,,556.0837147791038
Temp_Lag1,-0.14205887880414192,0.4733238253558996,0.8675701734877517,0.34308619140044105,2.1938452342054826,-0.30013042064241247,0.76407767588072,False,Zika,Espirito Santo,quasi-poisson,lagged,41516.45940867431,120,556.0837147791038,,556.0837147791038
Temp_Lag2,0.29417612410701954,0.3607548737684906,1.3420202449709075,0.6617261836461924,2.721697255484047,0.8154460147246769,0.41481705424307114,False,Zika,Espirito Santo,quasi-poisson,lagged,41516.45940867431,120,556.0837147791038,,556.0837147791038
Rain_mm,-0.02112851259489268,0.010486691876600937,0.9790931306851474,0.9591743384779614,0.99942556853221,-2.0147929245482024,0.043926350719017515,True,Zika,Espirito Santo,quasi-poisson,lagged,41516.45940867431,120,556.0837147791038,,556.0837147791038
Rain_Lag1,-0.007614783991502165,0.011038239668455671,0.9924141350255378,0.9711738992878242,1.014118909209481,-0.689854924355663,0.49028542466523684,False,Zika,Espirito Santo,quasi-poisson,lagged,41516.45940867431,120,556.0837147791038,,556.0837147791038
Rain_Lag2,-0.014434395476321867,0.009788547620688004,0.9856692809749739,0.9669389210993986,1.0047624625070295,-1.4746207543410124,0.14031453191633902,False,Zika,Espirito Santo,quasi-poisson,lagged,41516.45940867431,120,556.0837147791038,,556.0837147791038
Intercept,21.074223278491395,11.765131013886927,1420426873.4526255,0.13732107132890817,1.4692665031675077e+19,1.791244249946432,0.0732541081405007,False,Zika,Goias,quasi-poisson,lagged,54860.634647970786,120,866.4668293102586,,866.4668293102586
Temp_Avg,-1.238123521384106,0.7265901448521,0.2899277510404219,0.06979169875525579,1.2044140251999054,-1.704019150488382,0.08837750956769308,False,Zika,Goias,quasi-poisson,lagged,54860.634647970786,120,866.4668293102586,,866.4668293102586
Temp_Lag1,0.08020072625411245,1.0324431401788035,1.083504533655017,0.1432179291836718,8.19717252680973,0.07768052605804801,0.938082185244129,False,Zika,Goias,quasi-poisson,lagged,54860.634647970786,120,866.4668293102586,,866.4668293102586
Temp_Lag2,-0.08882820068471586,0.7197875525640097,0.9150027569191918,0.22321679526337465,3.7507484335211845,-0.12340891471142312,0.9017832981177376,False,Zika,Goias,quasi-poisson,lagged,54860.634647970786,120,866.4668293102586,,866.4668293102586
Rain_mm,0.003999683009516877,0.01748523201777397,1.0040076924164079,0.9701822177801768,1.0390124947226351,0.2287463503744844,0.8190660673492203,False,Zika,Goias,quasi-poisson,lagged,54860.634647970786,120,866.4668293102586,,866.4668293102586
Rain_Lag1,-0.018617129749276318,0.02005482696629578,0.981555098555771,0.9437211101932464,1.0209058598928056,-0.9283116618539934,0.3532459265184964,False,Zika,Goias,quasi-poisson,lagged,54860.634647970786,120,866.4668293102586,,866.4668293102586
Rain_Lag2,-0.02698106461423455,0.01787963261170053,0.973379672669434,0.9398592541717852,1.008095608954741,-1.5090390949407984,0.1312887923128736,False,Zika,Goias,quasi-poisson,lagged,54860.634647970786,120,866.4668293102586,,866.4668293102586
Intercept,-92.99556367923233,8.920940557123284,4.0976971022252747e-41,1.0444362775271061e-48,1.6076731441521227e-33,-10.424412435410332,0.0,True,Zika,Maranhao,quasi-poisson,lagged,10544.836429340474,120,100.2697335219411,,100.2697335219411
Temp_Avg,2.650954417121442,0.5492094264460813,14.167553950790005,4.828345880903241,41.57108664116597,4.82685527500082,1.3870584261166385e-06,True,Zika,Maranhao,quasi-poisson,lagged,10544.836429340474,120,100.2697335219411,,100.2697335219411
Temp_Lag1,0.08307647420096709,0.6739440895939397,1.0866249041421583,0.2900059202939842,4.071481303226511,0.12326908935579771,0.9018940172412857,False,Zika,Maranhao,quasi-poisson,lagged,10544.836429340474,120,100.2697335219411,,100.2697335219411
Temp_Lag2,0.23932299741553265,0.5198734261432372,1.2703888026228034,0.45857614917044665,3.519345070058451,0.46034858752252056,0.6452660312104412,False,Zika,Maranhao,quasi-poisson,lagged,10544.836429340474,120,100.2697335219411,,100.2697335219411
Rain_mm,0.010990749253753054,0.007675656272026805,1.0110513694217973,0.9959546674523647,1.0263769075198228,1.4318970084431462,0.15217329852659467,False,Zika,Maranhao,quasi-poisson,lagged,10544.836429340474,120,100.2697335219411,,100.2697335219411
Rain_Lag1,0.00226208015035137,0.008177628734220177,1.002264640583926,0.9863282469056541,1.0184585232312766,0.27661810334889003,0.7820733624660148,False,Zika,Maranhao,quasi-poisson,lagged,10544.836429340474,120,100.2697335219411,,100.2697335219411
Rain_Lag2,0.00020109250912517251,0.00781486747256151,1.0002011127295791,0.9849976262247188,1.0156392657917483,0.025732043419958293,0.9794710653604577,False,Zika,Maranhao,quasi-poisson,lagged,10544.836429340474,120,100.2697335219411,,100.2697335219411
Intercept,-3.2981670375569037,17.30347164898009,0.036950834858877665,6.896231557634272e-17,19798699990816.934,-0.19060724370599388,0.8488333145891802,False,Zika,Mato Grosso,quasi-poisson,lagged,140196.79100173942,120,3684.7263373396863,,3684.7263373396863
Temp_Avg,-0.027378266789301886,0.9739479269934911,0.9729931209209632,0.1442343021119145,6.563734142970646,-0.028110606358408376,0.9775739347666363,False,Zika,Mato Grosso,quasi-poisson,lagged,140196.79100173942,120,3684.7263373396863,,3684.7263373396863
Temp_Lag1,-1.065888649128913,1.2493636101683094,0.34442164873438225,0.02975847465929516,3.9863021702242007,-0.8531452656807578,0.39357875191386893,False,Zika,Mato Grosso,quasi-poisson,lagged,140196.79100173942,120,3684.7263373396863,,3684.7263373396863
Temp_Lag2,0.8545071483785873,1.0018899551769125,2.350215787429595,0.3298236491860532,16.746871429972874,0.8528952146522913,0.39371741565759577,False,Zika,Mato Grosso,quasi-poisson,lagged,140196.79100173942,120,3684.7263373396863,,3684.7263373396863
Rain_mm,0.05346717223681891,0.03487649229267427,1.0549223604577367,0.9852195663440573,1.1295565218251975,1.5330432827973808,0.12526519077506393,False,Zika,Mato Grosso,quasi-poisson,lagged,140196.79100173942,120,3684.7263373396863,,3684.7263373396863
Rain_Lag1,-0.015100963741274417,0.03796655017427552,0.9850124840368537,0.9143741817489409,1.061107818959453,-0.39774390014255684,0.6908189738124235,False,Zika,Mato Grosso,quasi-poisson,lagged,140196.79100173942,120,3684.7263373396863,,3684.7263373396863
Rain_Lag2,-0.04306659273779437,0.03972037115447155,0.957847602248928,0.8861061564034524,1.035397421069589,-1.0842444691745061,0.27825641951288493,False,Zika,Mato Grosso,quasi-poisson,lagged,140196.79100173942,120,3684.7263373396863,,3684.7263373396863
Intercept,-2.51855360225596,4.4866427416003445,0.08057606754723519,1.2220772675819759e-05,531.2677711633404,-0.5613448066421297,0.574562502002522,False,Zika,Mato Grosso do Sul,quasi-poisson,lagged,20829.55504818874,120,277.17307088964293,,277.17307088964293
Temp_Avg,-0.2903400012525693,0.29622996389371953,0.7480092002733881,0.4185534285210851,1.3367893453187836,-0.980116924825122,0.3270284056490942,False,Zika,Mato Grosso do Sul,quasi-poisson,lagged,20829.55504818874,120,277.17307088964293,,277.17307088964293
Temp_Lag1,0.20635872593025112,0.41419521489326716,1.2291940687015375,0.5458211640494818,2.768155868712461,0.4982161032049275,0.6183317335546428,False,Zika,Mato Grosso do Sul,quasi-poisson,lagged,20829.55504818874,120,277.17307088964293,,277.17307088964293
Temp_Lag2,-0.2460929175696014,0.2935733778145679,0.7818495739880464,0.43977293676129336,1.3900099466036362,-0.8382671460252198,0.40188068327292426,False,Zika,Mato Grosso do Sul,quasi-poisson,lagged,20829.55504818874,120,277.17307088964293,,277.17307088964293
Rain_mm,-0.0033916216735746275,0.01039072135086728,0.9966141233783642,0.9765225507156243,1.0171190723546017,-0.3264086831942173,0.7441151687463403,False,Zika,Mato Grosso do Sul,quasi-poisson,lagged,20829.55504818874,120,277.17307088964293,,277.17307088964293
Rain_Lag1,0.004175304952011197,0.010566498057673979,1.004184033681874,0.9836009220261571,1.0251978733655382,0.3951455751206861,0.6927354558060261,False,Zika,Mato Grosso do Sul,quasi-poisson,lagged,20829.55504818874,120,277.17307088964293,,277.17307088964293
Rain_Lag2,0.011220900724709635,0.010294610288496094,1.0112840911612804,0.9910834548422877,1.0318964644593323,1.0899781934677646,0.2757227499891193,False,Zika,Mato Grosso do Sul,quasi-poisson,lagged,20829.55504818874,120,277.17307088964293,,277.17307088964293
Intercept,15.8036392980381,14.87598554158986,7301857.297242893,1.5875916691852855e-06,3.358364812827481e+19,1.0623591461456272,0.28807267294846417,False,Zika,Minas Gerais,quasi-poisson,lagged,71517.07342931186,120,1153.2246679175942,,1153.2246679175942
Temp_Avg,-0.6390129474101305,0.9619006865322898,0.5278131463436894,0.08011130546250378,3.4774956648736417,-0.6643232054587785,0.5064834719141535,False,Zika,Minas Gerais,quasi-poisson,lagged,71517.07342931186,120,1153.2246679175942,,1153.2246679175942
Temp_Lag1,-2.192493405307637,1.1465058234663335,0.11163804241047531,0.011800128953569257,1.0561793487412114,-1.9123264447788637,0.05583433595132581,False,Zika,Minas Gerais,quasi-poisson,lagged,71517.07342931186,120,1153.2246679175942,,1153.2246679175942
Temp_Lag2,1.7737644945641433,0.6257157346048725,5.892995808359897,1.7286861251498933,20.088898205471583,2.8347768746525794,0.004585770152897517,True,Zika,Minas Gerais,quasi-poisson,lagged,71517.07342931186,120,1153.2246679175942,,1153.2246679175942
Rain_mm,0.009201839807870843,0.019287461371626766,1.0092443068942918,0.9718035689710296,1.048127526509325,0.47708921514198893,0.6332985940897402,False,Zika,Minas Gerais,quasi-poisson,lagged,71517.07342931186,120,1153.2246679175942,,1153.2246679175942
Rain_Lag1,-0.0598775973222625,0.025334234939531766,0.9418798151401993,0.8962528583829219,0.9898295752932578,-2.3635052514978048,0.018102970088393677,True,Zika,Minas Gerais,quasi-poisson,lagged,71517.07342931186,120,1153.2246679175942,,1153.2246679175942
Rain_Lag2,-0.05290110110056818,0.025041487979395993,0.9484738108599775,0.9030454292892648,0.996187501436416,-2.1125382462933087,0.03464030909984084,True,Zika,Minas Gerais,quasi-poisson,lagged,71517.07342931186,120,1153.2246679175942,,1153.2246679175942
Intercept,-33.674257233568106,12.94615503393441,2.373864365752972e-15,2.2670769574328447e-26,0.0002485681841772549,-2.6011010331099294,0.00929250822725547,True,Zika,Para,quasi-poisson,lagged,22390.071954442377,120,387.31061413724905,,387.31061413724905
Temp_Avg,0.19037724335041178,0.7008545522216376,1.209705865083471,0.3062671009014424,4.778143900243049,0.2716358804361551,0.7859020078172172,False,Zika,Para,quasi-poisson,lagged,22390.071954442377,120,387.31061413724905,,387.31061413724905
Temp_Lag1,-0.18493812865864556,0.8191034112455745,0.8311557069797656,0.16689660088485334,4.139208381611378,-0.22578117258407981,0.8213716210963891,False,Zika,Para,quasi-poisson,lagged,22390.071954442377,120,387.31061413724905,,387.31061413724905
Temp_Lag2,0.8824279788645271,0.7870112974684506,2.416760431928601,0.5167923319542564,11.301891735213873,1.1212392778896565,0.2621860247875549,False,Zika,Para,quasi-poisson,lagged,22390.071954442377,120,387.31061413724905,,387.31061413724905
Rain_mm,0.004130359891176043,0.01683508826696318,1.0041389015836304,0.9715462416370463,1.0378249541417734,0.24534233653418816,0.8061913734137502,False,Zika,Para,quasi-poisson,lagged,22390.071954442377,120,387.31061413724905,,387.31061413724905
Rain_Lag1,0.0026635552639505677,0.019912647988089716,1.0026671056788148,0.9642880376174624,1.0425736767349127,0.13376198211025028,0.8935907908460705,False,Zika,Para,quasi-poisson,lagged,22390.071954442377,120,387.31061413724905,,387.31061413724905
Rain_Lag2,-0.03589583412427443,0.01914542854964977,0.9647407813176646,0.9292096674510809,1.0016305337098927,-1.8749036633568112,0.06080597800537335,False,Zika,Para,quasi-poisson,lagged,22390.071954442377,120,387.31061413724905,,387.31061413724905
Intercept,16.1618906594967,19.008785613935917,10447681.643825093,6.893106030452722e-10,1.583524919658763e+23,0.8502326759710482,0.39519573823121346,False,Zika,Paraiba,quasi-poisson,lagged,25977.030953003537,120,367.7808531179807,,367.7808531179807
Temp_Avg,0.5561990229578613,1.088281653304287,1.7440308646626643,0.20662845176607386,14.720352550187407,0.5110800327002722,0.6092950169254376,False,Zika,Paraiba,quasi-poisson,lagged,25977.030953003537,120,367.7808531179807,,367.7808531179807
Temp_Lag1,0.06825432242128837,1.2516523021076613,1.0706375609941818,0.09209043554428878,12.447164357913158,0.05453137609091175,0.9565118112658904,False,Zika,Paraiba,quasi-poisson,lagged,25977.030953003537,120,367.7808531179807,,367.7808531179807
Temp_Lag2,-1.6475703766949872,1.1032248312609285,0.1925170848557843,0.022150592221936508,1.6732206340137776,-1.4934130650521165,0.13532909510039604,False,Zika,Paraiba,quasi-poisson,lagged,25977.030953003537,120,367.7808531179807,,367.7808531179807
Rain_mm,0.008699252189456733,0.01852175830256308,1.0087372006450273,0.9727740982672256,1.0460298457552475,0.4696774489413843,0.6385854818433827,False,Zika,Paraiba,quasi-poisson,lagged,25977.030953003537,120,367.7808531179807,,367.7808531179807
Rain_Lag1,0.0004701412430276608,0.0171767428847909,1.0004702517767434,0.9673486747763687,1.0347258964526078,0.02737080284551189,0.978163985474684,False,Zika,Paraiba,quasi-poisson,lagged,25977.030953003537,120,367.7808531179807,,367.7808531179807
Rain_Lag2,-0.013868210885841156,0.01705139323374295,0.9862275097485246,0.9538117618515317,1.019744922306982,-0.813318342714506,0.41603556308000655,False,Zika,Paraiba,quasi-poisson,lagged,25977.030953003537,120,367.7808531179807,,367.7808531179807
Intercept,18.174034373826856,5.5215201229115465,78141697.70649661,1559.0858469250684,3916477679850.92,3.2914911055768328,0.0009965776807940863,True,Zika,Parana,quasi-poisson,lagged,11284.736947109053,120,155.8242344680447,,155.8242344680447
Temp_Avg,-1.3518221541946163,0.40618498115004603,0.25876831502696807,0.11672381184784845,0.5736707857791782,-3.3280948753131,0.0008744208183302238,True,Zika,Parana,quasi-poisson,lagged,11284.736947109053,120,155.8242344680447,,155.8242344680447
Temp_Lag1,-0.08636812442001429,0.4823013825998542,0.9172565045425072,0.3564081078606832,2.360663173954557,-0.17907500897974907,0.8578788047456729,False,Zika,Parana,quasi-poisson,lagged,11284.736947109053,120,155.8242344680447,,155.8242344680447
Temp_Lag2,-0.08430744991697431,0.3590288764856602,0.9191486204821488,0.4547515524077529,1.857792858674437,-0.234820805340825,0.8143478188656461,False,Zika,Parana,quasi-poisson,lagged,11284.736947109053,120,155.8242344680447,,155.8242344680447
Rain_mm,0.010487543420218652,0.009559829282800905,1.0105427304604804,0.9917842135984544,1.0296560442128364,1.0970429607029488,0.2726226125900879,False,Zika,Parana,quasi-poisson,lagged,11284.736947109053,120,155.8242344680447,,155.8242344680447
Rain_Lag1,-0.012052026441700558,0.010004617364538566,0.9880203083437741,0.9688348873748742,1.0075856499601963,-1.2046464150062397,0.22833983035207872,False,Zika,Parana,quasi-poisson,lagged,11284.736947109053,120,155.8242344680447,,155.8242344680447
Rain_Lag2,0.012103547125755662,0.00940126283758675,1.0121770914685573,0.9936970196089084,1.031000842587778,1.2874384361816835,0.1979415146658412,False,Zika,Parana,quasi-poisson,lagged,11284.736947109053,120,155.8242344680447,,155.8242344680447
Intercept,-0.5955850341754374,6.230507508380537,0.5512399772887777,2.7404737512301588e-06,110880.65062653177,-0.09559173684877634,0.9238448281855982,False,Zika,Pernambuco,quasi-poisson,lagged,21074.092962670482,120,229.4601134732774,,229.4601134732774
Temp_Avg,-0.09160033470811824,0.4721346506568725,0.9124697591719634,0.36168404577517993,2.3020121322157494,-0.19401315828159685,0.8461655788455114,False,Zika,Pernambuco,quasi-poisson,lagged,21074.092962670482,120,229.4601134732774,,229.4601134732774
Temp_Lag1,-0.6913129862631706,0.5397855973727206,0.5009179387300297,0.17389688730623332,1.4429170368051067,-1.2807177324255667,0.20029282903978807,False,Zika,Pernambuco,quasi-poisson,lagged,21074.092962670482,120,229.4601134732774,,229.4601134732774
Temp_Lag2,0.3709080317700675,0.4211060953266901,1.449049800713057,0.6347907162827043,3.307775729995754,0.8807947353084988,0.3784289297886203,False,Zika,Pernambuco,quasi-poisson,lagged,21074.092962670482,120,229.4601134732774,,229.4601134732774
Rain_mm,-0.009842685469807964,0.013627741568516207,0.9902055952250814,0.9641069380430665,1.0170107507008304,-0.7222536045552292,0.4701385718331481,False,Zika,Pernambuco,quasi-poisson,lagged,21074.092962670482,120,229.4601134732774,,229.4601134732774
Rain_Lag1,0.014424880855216496,0.011734044433413564,1.014529421506389,0.9914628043650197,1.038132688962832,1.2293187516949036,0.2189523193659202,False,Zika,Pernambuco,quasi-poisson,lagged,21074.092962670482,120,229.4601134732774,,229.4601134732774
Rain_Lag2,0.014346394714699506,0.012307825247396856,1.0144497981323604,0.9902706961540121,1.0392192730004144,1.1656319801691866,0.24376327209803272,False,Zika,Pernambuco,quasi-poisson,lagged,21074.092962670482,120,229.4601134732774,,229.4601134732774
Intercept,-38.75277451866309,11.823476361484133,1.4787129221767804e-17,1.2750805124894494e-27,1.71486575537377e-07,-3.277612550984005,0.0010468898478908084,True,Zika,Piaui,quasi-poisson,lagged,3381.656658024655,116,42.68808173495654,,42.68808173495654
Temp_Avg,0.5219862246851668,0.6715862505130844,1.6853718546095924,0.451887137411915,6.285813543130252,0.7772437632342459,0.4370149669663981,False,Zika,Piaui,quasi-poisson,lagged,3381.656658024655,116,42.68808173495654,,42.68808173495654
Temp_Lag1,0.08362374365947411,0.7674986100310521,1.0872197435189137,0.24155126958538595,4.893564719101965,0.1089562151208206,0.9132372187799589,False,Zika,Piaui,quasi-poisson,lagged,3381.656658024655,116,42.68808173495654,,42.68808173495654
Temp_Lag2,0.3721575631200207,0.6123478154905261,1.4508615655594483,0.4369029655926046,4.818001817777647,0.607755190278422,0.5433498527676075,False,Zika,Piaui,quasi-poisson,lagged,3381.656658024655,116,42.68808173495654,,42.68808173495654
Rain_mm,-0.012787194437315103,0.01824498652145855,0.9872942143672919,0.9526122148832658,1.0232388903837175,-0.700860722603201,0.4833899383750815,False,Zika,Piaui,quasi-poisson,lagged,3381.656658024655,116,42.68808173495654,,42.68808173495654
Rain_Lag1,-0.00885120203413374,0.018089899551333666,0.9911878545371111,0.9566598301041142,1.0269620737341507,-0.48928972817216065,0.6246365921826411,False,Zika,Piaui,quasi-poisson,lagged,3381.656658024655,116,42.68808173495654,,42.68808173495654
Rain_Lag2,-0.005805093578829773,0.018017904968262173,0.9942117234197468,0.9597137775923372,1.0299497350814686,-0.3221847150961899,0.7473127632240835,False,Zika,Piaui,quasi-poisson,lagged,3381.656658024655,116,42.68808173495654,,42.68808173495654
Intercept,11.201223232044287,8.641719472500025,73219.95206801144,0.003225888270145435,1661917875599.6409,1.296179917398291,0.19491350674054075,False,Zika,Rio Grande do Norte,quasi-poisson,lagged,32862.562264135406,120,454.2795859386387,,454.2795859386387
Temp_Avg,0.48443432197022984,0.6168606242223224,1.623256508537439,0.48451228036326655,5.438379581490846,0.7853221667065512,0.4322647023973749,False,Zika,Rio Grande do Norte,quasi-poisson,lagged,32862.562264135406,120,454.2795859386387,,454.2795859386387
Temp_Lag1,-0.6699677384634874,0.7930177973620264,0.5117250865578062,0.10814497171400983,2.4214030487251104,-0.8448331685519985,0.3982039927267058,False,Zika,Rio Grande do Norte,quasi-poisson,lagged,32862.562264135406,120,454.2795859386387,,454.2795859386387
Temp_Lag2,-0.5497695627315884,0.5581038031681543,0.5770827764383806,0.1932727226220914,1.72308086906292,-0.9850668632085009,0.3245912288356889,False,Zika,Rio Grande do Norte,quasi-poisson,lagged,32862.562264135406,120,454.2795859386387,,454.2795859386387
Rain_mm,-0.0031268837834681693,0.015603962642873198,0.9968779998261436,0.9668512220237933,1.0278372968875629,-0.20039036589826187,0.8411752935821022,False,Zika,Rio Grande do Norte,quasi-poisson,lagged,32862.562264135406,120,454.2795859386387,,454.2795859386387
Rain_Lag1,-0.0225906394634445,0.01689782103641599,0.9776626183620573,0.9458130332871387,1.0105847156922987,-1.3368965983697003,0.1812563913451002,False,Zika,Rio Grande do Norte,quasi-poisson,lagged,32862.562264135406,120,454.2795859386387,,454.2795859386387
Rain_Lag2,-0.0029302784921771824,0.014607358837626597,0.9970740105834255,0.968932138730195,1.0260332409695678,-0.20060289644074314,0.8410090930800225,False,Zika,Rio Grande do Norte,quasi-poisson,lagged,32862.562264135406,120,454.2795859386387,,454.2795859386387
Intercept,1.086841501634398,3.1399161401111044,2.964894653004206,0.006298812641292677,1395.5964090414463,0.3461371110363287,0.7292396746608867,False,Zika,Rio Grande do Sul,quasi-poisson,lagged,3205.9887445242944,118,33.550672782758156,,33.550672782758156
Temp_Avg,-0.1949668919863206,0.21128191293145254,0.8228619009281094,0.543851285722912,1.245012608729953,-0.9227807969041576,0.3561214500828944,False,Zika,Rio Grande do Sul,quasi-poisson,lagged,3205.9887445242944,118,33.550672782758156,,33.550672782758156
Temp_Lag1,-0.4309136207825821,0.2812065648527427,0.6499150475033827,0.37453182940756574,1.127780166613502,-1.5323739721661027,0.12543017652040822,False,Zika,Rio Grande do Sul,quasi-poisson,lagged,3205.9887445242944,118,33.550672782758156,,33.550672782758156
Temp_Lag2,-0.17372156499012992,0.21506817297074587,0.8405308983088997,0.5514218338760067,1.2812191095988201,-0.807751154392147,0.4192338491142784,False,Zika,Rio Grande do Sul,quasi-poisson,lagged,3205.9887445242944,118,33.550672782758156,,33.550672782758156
Rain_mm,0.007390796247552905,0.0045587207810632545,1.0074181755922949,0.9984568953289004,1.0164598845094797,1.6212434589663793,0.10496543573614825,False,Zika,Rio Grande do Sul,quasi-poisson,lagged,3205.9887445242944,118,33.550672782758156,,33.550672782758156
Rain_Lag1,0.008979471289396367,0.004708121077267479,1.0090199076835735,0.9997515848381093,1.0183741536820197,1.9072303243755817,0.056490768271696856,False,Zika,Rio Grande do Sul,quasi-poisson,lagged,3205.9887445242944,118,33.550672782758156,,33.550672782758156
Rain_Lag2,-0.003858930767810743,0.0048086083859400575,0.9961485053373113,0.9868040371281209,1.0055814603005349,-0.8025046870304333,0.4222610782552043,False,Zika,Rio Grande do Sul,quasi-poisson,lagged,3205.9887445242944,118,33.550672782758156,,33.550672782758156
Intercept,-3.93158333204601,18.446495259968312,0.019612594706578355,3.8954828268045725e-18,98743567415501.4,-0.2131344342997307,0.8312221069500163,False,Zika,Rio de Janeiro,quasi-poisson,lagged,363010.04505574686,120,15947.844919448613,,15947.844919448613
Temp_Avg,-1.261658632678124,0.9609486165485587,0.28318393862146474,0.04306184584662034,1.8622783467945412,-1.3129303804085033,0.1892064086196279,False,Zika,Rio de Janeiro,quasi-poisson,lagged,363010.04505574686,120,15947.844919448613,,15947.844919448613
Temp_Lag1,-0.6603928768391807,1.028060512139296,0.5166483154564276,0.06887985798546054,3.8752327555656136,-0.6423677099171584,0.5206344602225634,False,Zika,Rio de Janeiro,quasi-poisson,lagged,363010.04505574686,120,15947.844919448613,,15947.844919448613
Temp_Lag2,1.653830626193591,0.8612619453931846,5.226964072144563,0.9663368623422826,28.272908212636047,1.9202411473533545,0.054827446383158396,False,Zika,Rio de Janeiro,quasi-poisson,lagged,363010.04505574686,120,15947.844919448613,,15947.844919448613
Rain_mm,0.009483489623409735,0.017745652972834126,1.0095286004008899,0.9750193225278853,1.045259279975174,0.5344119846098367,0.5930565290998726,False,Zika,Rio de Janeiro,quasi-poisson,lagged,363010.04505574686,120,15947.844919448613,,15947.844919448613
Rain_Lag1,-0.011452875559148028,0.021405267809177512,0.9886124589595657,0.9479939103159156,1.0309713842828159,-0.5350493935066585,0.5926157025265932,False,Zika,Rio de Janeiro,quasi-poisson,lagged,363010.04505574686,120,15947.844919448613,,15947.844919448613
Rain_Lag2,-0.011245126811414317,0.02295361518189942,0.9888178632954165,0.9453177046732935,1.0343197445032855,-0.48990656688720263,0.6242000159304109,False,Zika,Rio de Janeiro,quasi-poisson,lagged,363010.04505574686,120,15947.844919448613,,15947.844919448613
Intercept,-31.619494517814683,6.522192447485363,1.8527977316283858e-14,5.2002679078203736e-20,6.60131265384389e-09,-4.84798551597563,1.24721504524139e-06,True,Zika,Rondonia,quasi-poisson,lagged,12512.086434120247,120,152.15155125940998,,152.15155125940998
Temp_Avg,0.10741609416363376,0.26708469972622034,1.1133974362840626,0.6596341490335355,1.8793051465576867,0.40217988628230084,0.6875516437864133,False,Zika,Rondonia,quasi-poisson,lagged,12512.086434120247,120,152.15155125940998,,152.15155125940998
Temp_Lag1,0.06880733950752949,0.33527510185117093,1.0712298056041836,0.5552527518740342,2.0666863739832646,0.20522651138608305,0.837395157164988,False,Zika,Rondonia,quasi-poisson,lagged,12512.086434120247,120,152.15155125940998,,152.15155125940998
Temp_Lag2,0.6380329178562589,0.28519730439246893,1.8927540123597661,1.0822543224145549,3.310236491651284,2.237163213079468,0.025275674710649287,True,Zika,Rondonia,quasi-poisson,lagged,12512.086434120247,120,152.15155125940998,,152.15155125940998
Rain_mm,0.001239059801453472,0.005189969482812252,1.001239827753196,0.9911065028114057,1.0114767583862863,0.23874124993545653,0.8113062286384718,False,Zika,Rondonia,quasi-poisson,lagged,12512.086434120247,120,152.15155125940998,,152.15155125940998
Rain_Lag1,0.004198741097225376,0.005086102083179557,1.0042075681604867,0.994246595602885,1.0142683358541564,0.8255322108282477,0.4090695033258389,False,Zika,Rondonia,quasi-poisson,lagged,12512.086434120247,120,152.15155125940998,,152.15155125940998
Rain_Lag2,0.0011740688696478701,0.00545023620857003,1.0011747583583126,0.9905366677450032,1.0119270991307348,0.21541614431347897,0.8294428841166941,False,Zika,Rondonia,quasi-poisson,lagged,12512.086434120247,120,152.15155125940998,,152.15155125940998
Intercept,-7.790530182548073,2.470746076254269,0.0004136335245576132,3.2619268072790575e-06,0.052451419895798004,-3.153108389980232,0.001615418131686308,True,Zika,Roraima,quasi-poisson,lagged,3358.335271472687,111,38.52906387382829,,38.52906387382829
Temp_Avg,-0.06506862547242677,0.08080438650226174,0.9370031588865216,0.7997586990365462,1.0977997748833486,-0.8052610543686942,0.4206690508024391,False,Zika,Roraima,quasi-poisson,lagged,3358.335271472687,111,38.52906387382829,,38.52906387382829
Temp_Lag1,-0.021534912554500255,0.0978484220934624,0.9786953081193975,0.8078993299593543,1.1855988371510493,-0.2200844131541604,0.825805413715035,False,Zika,Roraima,quasi-poisson,lagged,3358.335271472687,111,38.52906387382829,,38.52906387382829
Temp_Lag2,-0.0002670700509168067,0.0968068280962495,0.9997329656091146,0.8269521435884722,1.2086140779423065,-0.0027587935290191946,0.9977988040289487,False,Zika,Roraima,quasi-poisson,lagged,3358.335271472687,111,38.52906387382829,,38.52906387382829
Rain_mm,0.0029980663331057537,0.0039291992229479236,1.003002565028647,0.9953078784141728,1.0107567389669727,0.7630222248838843,0.4454501414781378,False,Zika,Roraima,quasi-poisson,lagged,3358.335271472687,111,38.52906387382829,,38.52906387382829
Rain_Lag1,-0.002701365830448092,0.004659566434842176,0.9973022795749635,0.9882356317030951,1.00645211014233,-0.5797461777234195,0.562085797957206,False,Zika,Roraima,quasi-poisson,lagged,3358.335271472687,111,38.52906387382829,,38.52906387382829
Rain_Lag2,0.0012685586208115891,0.0042096681637619465,1.0012693635816428,0.9930419292743087,1.0095649628609544,0.3013440897151259,0.7631521237244026,False,Zika,Roraima,quasi-poisson,lagged,3358.335271472687,111,38.52906387382829,,38.52906387382829
Intercept,-7.9936580221878195,2.861885896176095,0.0003375968849976217,1.236835596136046e-06,0.09214778190096745,-2.7931435117202033,0.00521985282667492,True,Zika,Santa Catarina,quasi-poisson,lagged,2357.9280146637175,120,22.284903381979525,,22.284903381979525
Temp_Avg,-0.08679039904591268,0.19757214337452247,0.9168692521643796,0.6224874571144691,1.3504677338581008,-0.4392845953054765,0.6604553348258904,False,Zika,Santa Catarina,quasi-poisson,lagged,2357.9280146637175,120,22.284903381979525,,22.284903381979525
Temp_Lag1,-0.3939526283189163,0.25634558177862543,0.6743860022823968,0.40804004144168565,1.114587868552183,-1.5368028798683389,0.12434158800026163,False,Zika,Santa Catarina,quasi-poisson,lagged,2357.9280146637175,120,22.284903381979525,,22.284903381979525
Temp_Lag2,0.18244453973708907,0.1991990647085843,1.2001475886070159,0.8122187105730624,1.7733576137675906,0.9158905439841997,0.3597243069186238,False,Zika,Santa Catarina,quasi-poisson,lagged,2357.9280146637175,120,22.284903381979525,,22.284903381979525
Rain_mm,0.008832865519598207,0.0034610402817823803,1.0088719903862955,1.0020513276670315,1.0157390793101317,2.552083998008085,0.010708069932560349,True,Zika,Santa Catarina,quasi-poisson,lagged,2357.9280146637175,120,22.284903381979525,,22.284903381979525
Rain_Lag1,0.002190320671697025,0.0037714646628836754,1.0021927211763244,0.9948117556064665,1.0096284495215884,0.580761287054536,0.5614013497183488,False,Zika,Santa Catarina,quasi-poisson,lagged,2357.9280146637175,120,22.284903381979525,,22.284903381979525
Rain_Lag2,-0.00036795478536329196,0.003758803271079146,0.9996321129016965,0.9922946305455277,1.0070238519732297,-0.09789147205292624,0.9220184717785442,False,Zika,Santa Catarina,quasi-poisson,lagged,2357.9280146637175,120,22.284903381979525,,22.284903381979525
Intercept,-12.477946519680305,5.628943617658645,3.8097517833296708e-06,6.158049037217184e-11,0.23569491835587203,-2.216747469371615,0.026640352997093553,True,Zika,Sao Paulo,quasi-poisson,lagged,34633.08093950509,120,628.8705345186323,,628.8705345186323
Temp_Avg,0.06995513677722076,0.3849744942328877,1.0724600661600554,0.504294492055503,2.280751845652603,0.18171369227100503,0.8558074199951151,False,Zika,Sao Paulo,quasi-poisson,lagged,34633.08093950509,120,628.8705345186323,,628.8705345186323
Temp_Lag1,-0.2727640050717415,0.5167449086947772,0.7612724228624171,0.27648905963852216,2.096052923643675,-0.5278503967474084,0.5976031750826771,False,Zika,Sao Paulo,quasi-poisson,lagged,34633.08093950509,120,628.8705345186323,,628.8705345186323
Temp_Lag2,0.1701978491350734,0.3578492713710508,1.1855393860604801,0.5879068730742778,2.3906909414938666,0.4756132337030714,0.6343499455941011,False,Zika,Sao Paulo,quasi-poisson,lagged,34633.08093950509,120,628.8705345186323,,628.8705345186323
Rain_mm,0.021688947654413905,0.01177897768062413,1.0219258625912544,0.9986031279356752,1.0457933080900081,1.8413268317921356,0.06557367798241076,False,Zika,Sao Paulo,quasi-poisson,lagged,34633.08093950509,120,628.8705345186323,,628.8705345186323
Rain_Lag1,0.002716794952048575,0.013684713768640534,1.0027204887838246,0.9761829669176328,1.029979432853297,0.19852771479037423,0.8426322029983866,False,Zika,Sao Paulo,quasi-poisson,lagged,34633.08093950509,120,628.8705345186323,,628.8705345186323
Rain_Lag2,-0.0012222628253555252,0.012319420376441867,0.9987784838336161,0.9749507454347313,1.0231885707458634,-0.09921431268737524,0.920968111047,False,Zika,Sao Paulo,quasi-poisson,lagged,34633.08093950509,120,628.8705345186323,,628.8705345186323
Intercept,-12.081831964329176,6.413607805132064,5.661441793642888e-06,1.9658658031033484e-11,1.630422744635399,-1.8837809126185563,0.05959461644373265,False,Zika,Sergipe,quasi-poisson,lagged,7242.10352484789,117,68.46800438711922,,68.46800438711922
Temp_Avg,-0.06610023967546905,0.4302160520127073,0.9360370315405465,0.4027965425880287,2.17520567278394,-0.15364428957550064,0.8778902135040481,False,Zika,Sergipe,quasi-poisson,lagged,7242.10352484789,117,68.46800438711922,,68.46800438711922
Temp_Lag1,-0.14931240727196607,0.5613271331194917,0.8612999964816266,0.28664419007660724,2.588008791460206,-0.2659989130441364,0.7902400461423325,False,Zika,Sergipe,quasi-poisson,lagged,7242.10352484789,117,68.46800438711922,,68.46800438711922
Temp_Lag2,0.2917842177563941,0.4371851606467191,1.3388140941591276,0.5683040540210894,3.1539862614680723,0.6674156490690665,0.5045066727176042,False,Zika,Sergipe,quasi-poisson,lagged,7242.10352484789,117,68.46800438711922,,68.46800438711922
Rain_mm,-0.010990092656168933,0.008426396578215102,0.9890700777841611,0.9728690107597467,1.0055409391692005,-1.3042458367769916,0.19214977607448036,False,Zika,Sergipe,quasi-poisson,lagged,7242.10352484789,117,68.46800438711922,,68.46800438711922
Rain_Lag1,-0.005280018329459309,0.009513115005498523,0.9947338964664227,0.9763582273020234,1.01345540715476,-0.5550251759184547,0.5788774403486543,False,Zika,Sergipe,quasi-poisson,lagged,7242.10352484789,117,68.46800438711922,,68.46800438711922
Rain_Lag2,-0.0073941305650500385,0.008252981420567799,0.992633138765965,0.9767056281321198,1.0088203853813427,-0.8959344736464132,0.370287760932825,False,Zika,Sergipe,quasi-poisson,lagged,7242.10352484789,117,68.46800438711922,,68.46800438711922
Intercept,-35.76632617446553,13.760818310177875,2.930096370486774e-16,5.668091933385529e-28,0.00015147010389458704,-2.599142388793244,0.009345699851770695,True,Zika,Tocantins,quasi-poisson,lagged,30885.39658748308,120,365.58378567409136,,365.58378567409136
Temp_Avg,0.6254579673501675,0.6233611618578201,1.8691017490301565,0.5508295249031451,6.342327689936148,1.003363708906885,0.31568540748207696,False,Zika,Tocantins,quasi-poisson,lagged,30885.39658748308,120,365.58378567409136,,365.58378567409136
Temp_Lag1,-0.1336252467817829,0.7043492022882808,0.8749178814660404,0.21999517091285264,3.4795368286163737,-0.18971448586533907,0.8495328688815924,False,Zika,Tocantins,quasi-poisson,lagged,30885.39658748308,120,365.58378567409136,,365.58378567409136
Temp_Lag2,0.5148339962027575,0.5503284234750112,1.6733606945101902,0.5690370607729416,4.920832414901255,0.935503190898034,0.34952903966742044,False,Zika,Tocantins,quasi-poisson,lagged,30885.39658748308,120,365.58378567409136,,365.58378567409136
Rain_mm,-0.005440065029888842,0.011859987659051052,0.9945747053278359,0.9717218861323361,1.0179649739238643,-0.4586906147189124,0.6464563546623827,False,Zika,Tocantins,quasi-poisson,lagged,30885.39658748308,120,365.58378567409136,,365.58378567409136
Rain_Lag1,-0.005259346397626666,0.011589520683970926,0.9947544597502628,0.9724128645500413,1.0176093625117963,-0.45380189060801196,0.6499714227255895,False,Zika,Tocantins,quasi-poisson,lagged,30885.39658748308,120,365.58378567409136,,365.58378567409136
Rain_Lag2,0.012635715539813762,0.009651928785202187,1.0127158834974042,0.9937376260356124,1.0320565849754528,1.3091389110937242,0.19048730071243902,False,Zika,Tocantins,quasi-poisson,lagged,30885.39658748308,120,365.58378567409136,,365.58378567409136
