Term,Coef,SE,IRR,IRR_CI_L,IRR_CI_U,z,p_value,Significant,Virus,Location_Name,Model,Spec,AIC,n,dispersion,alpha,overdispersion
Intercept,-5.653523072678729,6.824397814791521,0.003505146111833451,5.440783342455945e-09,2258.139773629595,-0.8284281230535853,0.40742808515944096,False,Dengue,Acre,negbin,lagged,1777.519190325806,120,1.7296596755372946,1.0055746862578545,1.0055746862578545
Temp_Avg,-0.33864795898179134,0.25374090952502926,0.7127333162912066,0.43344943132118524,1.1719678085701362,-1.3346210495410349,0.18200040511629656,False,Dengue,Acre,negbin,lagged,1777.519190325806,120,1.7296596755372946,1.0055746862578545,1.0055746862578545
Temp_Lag1,0.01620916822901991,0.2973691084994987,1.0163412494737274,0.5674320432182168,1.8203933805419175,0.05450858130762172,0.9565299718609458,False,Dengue,Acre,negbin,lagged,1777.519190325806,120,1.7296596755372946,1.0055746862578545,1.0055746862578545
Temp_Lag2,0.27304262864896495,0.2571494142240642,1.3139562558108786,0.7937631013844938,2.1750583255548013,1.0618053689636344,0.28832405193210264,False,Dengue,Acre,negbin,lagged,1777.519190325806,120,1.7296596755372946,1.0055746862578545,1.0055746862578545
Rain_mm,-0.0030663798907676195,0.003470728753196001,0.9969383166503635,0.9901795306068407,1.0037432369426462,-0.8834974176371349,0.37696757716021256,False,Dengue,Acre,negbin,lagged,1777.519190325806,120,1.7296596755372946,1.0055746862578545,1.0055746862578545
Rain_Lag1,-0.003404023554225471,0.003233910051625084,0.9966017635655937,0.9903048170284501,1.00293874983092,-1.0526030408653149,0.29252296292112256,False,Dengue,Acre,negbin,lagged,1777.519190325806,120,1.7296596755372946,1.0055746862578545,1.0055746862578545
Rain_Lag2,-0.0015466413603737574,0.0028209718589604555,0.9984545540729934,0.9929492279499277,1.003990404028364,-0.5482654339358436,0.5835096582078565,False,Dengue,Acre,negbin,lagged,1777.519190325806,120,1.7296596755372946,1.0055746862578545,1.0055746862578545
Intercept,-23.556219873346492,6.417321920927607,5.88387847811336e-11,2.0282850834448327e-16,1.706861931184101e-05,-3.6707243556735114,0.00024186406381663562,True,Dengue,Alagoas,negbin,lagged,1870.7649883337558,120,1.3922347584988852,0.9456554034652175,0.9456554034652175
Temp_Avg,0.3520695125296789,0.4194012243357829,1.4220073676124378,0.6250292144810674,3.235216701387173,0.8394575220596003,0.4012126164829094,False,Dengue,Alagoas,negbin,lagged,1870.7649883337558,120,1.3922347584988852,0.9456554034652175,0.9456554034652175
Temp_Lag1,0.3579997301880914,0.5121136549085429,1.4304652345232909,0.5242728450938309,3.902988312914724,0.6990630434410613,0.48451263303099024,False,Dengue,Alagoas,negbin,lagged,1870.7649883337558,120,1.3922347584988852,0.9456554034652175,0.9456554034652175
Temp_Lag2,-0.17081058591404824,0.41599736903778445,0.8429812308697822,0.3730042634554763,1.905118587695596,-0.4106049668274074,0.6813622211267876,False,Dengue,Alagoas,negbin,lagged,1870.7649883337558,120,1.3922347584988852,0.9456554034652175,0.9456554034652175
Rain_mm,0.02691193291435224,0.011584133608404821,1.0272773294591302,1.0042158930201535,1.0508683630239097,2.3231718334832046,0.020169923256380014,True,Dengue,Alagoas,negbin,lagged,1870.7649883337558,120,1.3922347584988852,0.9456554034652175,0.9456554034652175
Rain_Lag1,0.027147580049962466,0.0108791878841063,1.0275194329436705,1.0058413664288604,1.049664708884843,2.495368251670982,0.01258264714867799,True,Dengue,Alagoas,negbin,lagged,1870.7649883337558,120,1.3922347584988852,0.9456554034652175,0.9456554034652175
Rain_Lag2,0.016967589928846654,0.011423388538673,1.0171123571071763,0.9945924222655029,1.0401421967640483,1.4853377236889203,0.13745438361995435,False,Dengue,Alagoas,negbin,lagged,1870.7649883337558,120,1.3922347584988852,0.9456554034652175,0.9456554034652175
Intercept,-67.31422110183968,5.867034485236391,5.831834917518241e-30,5.911322395005695e-35,5.753416280242014e-25,-11.473295626815716,1.7968325430932855e-30,True,Dengue,Amapa,negbin,lagged,1359.156163887128,120,1.0820453213086147,1.1505809911130496,1.1505809911130496
Temp_Avg,0.8377455903243651,0.4342003124021052,2.3111508185443155,0.98680086082862,5.412863241295566,1.9293988659053376,0.05368136440313682,False,Dengue,Amapa,negbin,lagged,1359.156163887128,120,1.0820453213086147,1.1505809911130496,1.1505809911130496
Temp_Lag1,0.2571691950347144,0.565106653667033,1.2932639220834823,0.4272269764740916,3.914854782734392,0.45508081238456144,0.6490511015047776,False,Dengue,Amapa,negbin,lagged,1359.156163887128,120,1.0820453213086147,1.1505809911130496,1.1505809911130496
Temp_Lag2,1.0774636795154915,0.44713358541189696,2.9372203634437213,1.2227248503341686,7.055768483866711,2.409713147633359,0.015965067401003508,True,Dengue,Amapa,negbin,lagged,1359.156163887128,120,1.0820453213086147,1.1505809911130496,1.1505809911130496
Rain_mm,0.0060185584198910284,0.004707005872786851,1.006036706332441,0.9967979643951095,1.0153610768079848,1.2786383919099837,0.20102442387244823,False,Dengue,Amapa,negbin,lagged,1359.156163887128,120,1.0820453213086147,1.1505809911130496,1.1505809911130496
Rain_Lag1,0.0011434202849758593,0.00470283284622518,1.0011440742391744,0.9919583761600922,1.0104148333966525,0.24313436653264167,0.8079013091902872,False,Dengue,Amapa,negbin,lagged,1359.156163887128,120,1.0820453213086147,1.1505809911130496,1.1505809911130496
Rain_Lag2,0.004771808438753158,0.003699337023758098,1.004783211647402,0.9975241777880905,1.012095069862999,1.2899090859003577,0.19708222573449574,False,Dengue,Amapa,negbin,lagged,1359.156163887128,120,1.0820453213086147,1.1505809911130496,1.1505809911130496
Intercept,-19.017088172805217,5.372682168643981,5.5078682682528244e-09,1.4711743884952366e-13,0.00020620677669256843,-3.5395892732670187,0.00040075020184511333,True,Dengue,Amazonas,negbin,lagged,1696.2607587181299,120,1.3300582362183737,0.47346486837691454,0.47346486837691454
Temp_Avg,0.6343053724117218,0.2743793154625648,1.8857118189653521,1.1013337156221392,3.2287298697442472,2.311782764463759,0.020789657700199755,True,Dengue,Amazonas,negbin,lagged,1696.2607587181299,120,1.3300582362183737,0.47346486837691454,0.47346486837691454
Temp_Lag1,-0.1352249166628005,0.34374307499012896,0.8735194205188392,0.44532036092228816,1.7134545037268671,-0.3933895007679316,0.6940318230558051,False,Dengue,Amazonas,negbin,lagged,1696.2607587181299,120,1.3300582362183737,0.47346486837691454,0.47346486837691454
Temp_Lag2,-0.14694058153113754,0.26496697448169293,0.863345274546619,0.5136178094355744,1.451205642384314,-0.5545618725449497,0.5791943741069789,False,Dengue,Amazonas,negbin,lagged,1696.2607587181299,120,1.3300582362183737,0.47346486837691454,0.47346486837691454
Rain_mm,8.567018226349557e-05,0.0038175635189059563,1.0000856738520583,0.9926305343484398,1.0075968050898572,0.022441062693318872,0.9820961252973501,False,Dengue,Amazonas,negbin,lagged,1696.2607587181299,120,1.3300582362183737,0.47346486837691454,0.47346486837691454
Rain_Lag1,0.005431155236095912,0.003740937647316284,1.005445930696858,0.9981007233602143,1.0128451927692166,1.4518165626182449,0.14655261735727193,False,Dengue,Amazonas,negbin,lagged,1696.2607587181299,120,1.3300582362183737,0.47346486837691454,0.47346486837691454
Rain_Lag2,0.0025832670506126167,0.0038513384296356176,1.0025866065599356,0.9950469507320001,1.010183391762482,0.6707452740934596,0.5023828157659607,False,Dengue,Amazonas,negbin,lagged,1696.2607587181299,120,1.3300582362183737,0.47346486837691454,0.47346486837691454
Intercept,-31.50284214614308,7.417484141407721,2.0820420268033532e-14,1.010647077576176e-20,4.2892312237935444e-08,-4.247106100339345,2.165494245273161e-05,True,Dengue,Bahia,negbin,lagged,2277.302456838627,120,2.387187480024488,1.225201695911142,1.225201695911142
Temp_Avg,0.1746622491869591,0.5931434543836397,1.1908439401725868,0.37235822359713655,3.8084543323529734,0.29446881339769315,0.7683996908262491,False,Dengue,Bahia,negbin,lagged,2277.302456838627,120,2.387187480024488,1.225201695911142,1.225201695911142
Temp_Lag1,0.30268150089406365,0.7502582787743073,1.3534833125602383,0.31104280939019235,5.8895979012360336,0.40343640244603857,0.6866272116775067,False,Dengue,Bahia,negbin,lagged,2277.302456838627,120,2.387187480024488,1.225201695911142,1.225201695911142
Temp_Lag2,0.4261933508384217,0.5403080690186959,1.531416847240817,0.5310970721151452,4.4158359801775395,0.7887969387769304,0.4302306989922262,False,Dengue,Bahia,negbin,lagged,2277.302456838627,120,2.387187480024488,1.225201695911142,1.225201695911142
Rain_mm,0.031190519953079532,0.017663678116223006,1.0316820411778687,0.9965755875655878,1.0680251928395588,1.765799837828394,0.0774294357399176,False,Dengue,Bahia,negbin,lagged,2277.302456838627,120,2.387187480024488,1.225201695911142,1.225201695911142
Rain_Lag1,0.01756535739075163,0.01866656123426016,1.0177205355358845,0.9811586569978008,1.0556448552578679,0.9410066037504857,0.346701475031268,False,Dengue,Bahia,negbin,lagged,2277.302456838627,120,2.387187480024488,1.225201695911142,1.225201695911142
Rain_Lag2,-0.01830117950053556,0.01421384665041059,0.9818652701301254,0.9548888631527962,1.0096037831089881,-1.2875599371973596,0.19789919278659818,False,Dengue,Bahia,negbin,lagged,2277.302456838627,120,2.387187480024488,1.225201695911142,1.225201695911142
Intercept,1.5260463944454705,5.610801193737728,4.599954418597772,7.704476470107573e-05,274640.08405079535,0.27198368677698054,0.7856345627480211,False,Dengue,Ceara,negbin,lagged,2078.9783446109677,120,1.559710373369745,1.0955083648593367,1.0955083648593367
Temp_Avg,-0.4586171184184369,0.4680067520882969,0.6321572399326411,0.2526095273812718,1.5819782418423631,-0.9799369696527616,0.32711723259208847,False,Dengue,Ceara,negbin,lagged,2078.9783446109677,120,1.559710373369745,1.0955083648593367,1.0955083648593367
Temp_Lag1,0.0373419326784603,0.5850623638329395,1.0380479026615803,0.32976325191323946,3.2676274326152233,0.0638255594392037,0.9491091262582964,False,Dengue,Ceara,negbin,lagged,2078.9783446109677,120,1.559710373369745,1.0955083648593367,1.0955083648593367
Temp_Lag2,0.07808282310538067,0.42983978493104763,1.0812122043141446,0.46561174593500915,2.5107180842491577,0.18165564436504233,0.855852977374752,False,Dengue,Ceara,negbin,lagged,2078.9783446109677,120,1.559710373369745,1.0955083648593367,1.0955083648593367
Rain_mm,-0.022715585411663408,0.012282436302112116,0.9775404710102351,0.9542885780470034,1.001358912226072,-1.8494364516066886,0.06439481603061224,False,Dengue,Ceara,negbin,lagged,2078.9783446109677,120,1.559710373369745,1.0955083648593367,1.0955083648593367
Rain_Lag1,-0.011211019839179492,0.013345726000145266,0.9888515894539707,0.9633209485532913,1.0150588621934762,-0.8400457074465235,0.400882759413394,False,Dengue,Ceara,negbin,lagged,2078.9783446109677,120,1.559710373369745,1.0955083648593367,1.0955083648593367
Rain_Lag2,0.00028777634422242943,0.013692197604175407,1.000287817755807,0.973800393681687,1.0274957012163004,0.02101754243852518,0.9832316619241811,False,Dengue,Ceara,negbin,lagged,2078.9783446109677,120,1.559710373369745,1.0955083648593367,1.0955083648593367
Intercept,-30.637871237860608,5.972679885021185,4.944718632467931e-14,4.074683008674435e-19,6.000526250072545e-09,-5.1296690644172935,2.9025199053816436e-07,True,Dengue,Distrito Federal,negbin,lagged,2187.588727606313,120,2.0912000955268377,1.5936814827775447,1.5936814827775447
Temp_Avg,0.07926758936399098,0.4338405433112698,1.0824939471851378,0.4625225920596633,2.5334830466860825,0.18271134541503295,0.8550245132643675,False,Dengue,Distrito Federal,negbin,lagged,2187.588727606313,120,2.0912000955268377,1.5936814827775447,1.5936814827775447
Temp_Lag1,-0.05268089578583594,0.5020974871226052,0.9486826928316293,0.35459039571668927,2.5381365726480447,-0.10492164796071168,0.9164379811880382,False,Dengue,Distrito Federal,negbin,lagged,2187.588727606313,120,2.0912000955268377,1.5936814827775447,1.5936814827775447
Temp_Lag2,1.029528951694653,0.38775495175471314,2.799746708095046,1.3093479251900315,5.986630045907315,2.655102009750516,0.007928442867163535,True,Dengue,Distrito Federal,negbin,lagged,2187.588727606313,120,2.0912000955268377,1.5936814827775447,1.5936814827775447
Rain_mm,0.009127403587476907,0.004847808983799534,1.0091691853585487,0.999625768021492,1.0188037136066914,1.8827894452894023,0.05972890799813877,False,Dengue,Distrito Federal,negbin,lagged,2187.588727606313,120,2.0912000955268377,1.5936814827775447,1.5936814827775447
Rain_Lag1,0.005467127871798675,0.004769887851607436,1.0054820998875884,0.9961256723316807,1.0149264106685152,1.1461753487466737,0.251722605613263,False,Dengue,Distrito Federal,negbin,lagged,2187.588727606313,120,2.0912000955268377,1.5936814827775447,1.5936814827775447
Rain_Lag2,0.0025059236872066494,0.005300530482386625,1.0025090661383358,0.9921478742143501,1.0129784619912674,0.4727684701623164,0.6363783710489932,False,Dengue,Distrito Federal,negbin,lagged,2187.588727606313,120,2.0912000955268377,1.5936814827775447,1.5936814827775447
Intercept,-32.21462790537366,4.638878411251336,1.0217975667174152e-14,1.149931163165396e-18,9.079415366704525e-11,-6.944486371369189,3.7983974212402474e-12,True,Dengue,Espirito Santo,negbin,lagged,2195.2144194288257,120,1.634912508302996,1.0565568431987127,1.0565568431987127
Temp_Avg,0.41740107242105395,0.2765497974281335,1.51801122329497,0.8828177215593351,2.6102308752697745,1.5093161387309395,0.1312180123682384,False,Dengue,Espirito Santo,negbin,lagged,2195.2144194288257,120,1.634912508302996,1.0565568431987127,1.0565568431987127
Temp_Lag1,0.07561878118697726,0.38651171461346684,1.0785513317171256,0.5056329948610787,2.300627108933805,0.1956442154996524,0.8448886500239552,False,Dengue,Espirito Santo,negbin,lagged,2195.2144194288257,120,1.634912508302996,1.0565568431987127,1.0565568431987127
Temp_Lag2,0.6117453775108732,0.300243774467159,1.8436464512793596,1.0235403813883683,3.320857974068792,2.037495627000208,0.04160039972147501,True,Dengue,Espirito Santo,negbin,lagged,2195.2144194288257,120,1.634912508302996,1.0565568431987127,1.0565568431987127
Rain_mm,-0.009526790002513323,0.005805857337772023,0.9905184460957872,0.9793107506879251,1.0018544076707137,-1.6408928859711174,0.10081965202670407,False,Dengue,Espirito Santo,negbin,lagged,2195.2144194288257,120,1.634912508302996,1.0565568431987127,1.0565568431987127
Rain_Lag1,-0.0046785655827814646,0.007008104364545443,0.9953323618569515,0.9817540599243144,1.0090984606023545,-0.6675935944177287,0.5043930476770101,False,Dengue,Espirito Santo,negbin,lagged,2195.2144194288257,120,1.634912508302996,1.0565568431987127,1.0565568431987127
Rain_Lag2,-0.004609229815494561,0.0057550008852659705,0.9954013763825262,0.9842365331974827,1.0066928697366522,-0.8009086197180564,0.42318454961196394,False,Dengue,Espirito Santo,negbin,lagged,2195.2144194288257,120,1.634912508302996,1.0565568431987127,1.0565568431987127
Intercept,-11.637415975568622,4.5989064946218,8.829466399618977e-06,1.0746479632692763e-09,0.07254420011631853,-2.5304745789413245,0.011390833885097169,True,Dengue,Goias,negbin,lagged,2463.2267981199766,120,1.7272206617115262,0.8328935497312783,0.8328935497312783
Temp_Avg,-0.27820030933017437,0.33629982115028395,0.757145143087084,0.3916651713986964,1.463670526672388,-0.8272389452323069,0.40810164166419616,False,Dengue,Goias,negbin,lagged,2463.2267981199766,120,1.7272206617115262,0.8328935497312783,0.8328935497312783
Temp_Lag1,-0.31602617230539953,0.45328051796063523,0.7290403692507365,0.2998550800595659,1.772522446148547,-0.6971977832341882,0.4856790260538779,False,Dengue,Goias,negbin,lagged,2463.2267981199766,120,1.7272206617115262,0.8328935497312783,0.8328935497312783
Temp_Lag2,0.8014126349888948,0.3161922133758388,2.2286870270985784,1.1992254580462502,4.141878269370376,2.534574227595869,0.011258407213945169,True,Dengue,Goias,negbin,lagged,2463.2267981199766,120,1.7272206617115262,0.8328935497312783,0.8328935497312783
Rain_mm,0.001565816695829848,0.008299038964283982,1.001567043226883,0.9854072222182817,1.0179918712388247,0.1886744600873123,0.8503479699435781,False,Dengue,Goias,negbin,lagged,2463.2267981199766,120,1.7272206617115262,0.8328935497312783,0.8328935497312783
Rain_Lag1,-0.005487614132580763,0.008923732996919623,0.9945274153173452,0.977283855949288,1.0120752264520407,-0.6149460247718112,0.5385903664617022,False,Dengue,Goias,negbin,lagged,2463.2267981199766,120,1.7272206617115262,0.8328935497312783,0.8328935497312783
Rain_Lag2,0.0056474545750659355,0.008506867092421893,1.0056634315088306,0.9890345586703557,1.0225718895341467,0.6638700844517501,0.5067734645935346,False,Dengue,Goias,negbin,lagged,2463.2267981199766,120,1.7272206617115262,0.8328935497312783,0.8328935497312783
Intercept,-76.93896782129676,8.44063030629353,3.853282338367183e-34,2.517800218479022e-41,5.897125860185153e-27,-9.115310708956093,7.844536784335475e-20,True,Dengue,Maranhao,negbin,lagged,1718.3311268241837,120,1.1379563071467684,0.8327379252004699,0.8327379252004699
Temp_Avg,1.5398407404685832,0.5022269407734298,4.663847449679574,1.7427702354810157,12.48097574255342,3.06602576535864,0.0021692462105577437,True,Dengue,Maranhao,negbin,lagged,1718.3311268241837,120,1.1379563071467684,0.8327379252004699,0.8327379252004699
Temp_Lag1,0.10983374397685644,0.6479247012793141,1.116092497932857,0.31345525056078277,3.97397223914249,0.16951621656033788,0.8653906179757422,False,Dengue,Maranhao,negbin,lagged,1718.3311268241837,120,1.1379563071467684,0.8327379252004699,0.8327379252004699
Temp_Lag2,0.7867481763325137,0.5096289974121361,2.19624300674119,0.8088638594489754,5.963282063245475,1.5437665052961496,0.12264490836257808,False,Dengue,Maranhao,negbin,lagged,1718.3311268241837,120,1.1379563071467684,0.8327379252004699,0.8327379252004699
Rain_mm,0.011816056359519487,0.006556515040249747,1.0118861417256504,0.9989658220116647,1.0249735689200257,1.8021855035765153,0.07151622468312674,False,Dengue,Maranhao,negbin,lagged,1718.3311268241837,120,1.1379563071467684,0.8327379252004699,0.8327379252004699
Rain_Lag1,0.011353911632363541,0.0066665789403474885,1.0114186119223076,0.9982888825429113,1.0247210265800746,1.7031091559791431,0.0885476428028972,False,Dengue,Maranhao,negbin,lagged,1718.3311268241837,120,1.1379563071467684,0.8327379252004699,0.8327379252004699
Rain_Lag2,0.0038501294771527686,0.006255260053137752,1.0038575507468748,0.991625086403238,1.0162409120232032,0.6155027040356977,0.5382227841113005,False,Dengue,Maranhao,negbin,lagged,1718.3311268241837,120,1.1379563071467684,0.8327379252004699,0.8327379252004699
Intercept,-15.765203083988679,4.140104192734483,1.423178238869306e-07,4.257272602914206e-11,0.00047575912761721646,-3.8079242333212817,0.00014013819305169024,True,Dengue,Mato Grosso,negbin,lagged,2072.6212875715855,120,1.3570483526726644,0.872480879773593,0.872480879773593
Temp_Avg,0.001021316495258487,0.28168676829363526,1.0010218382165492,0.5763243037630572,1.7386820476660092,0.003625716967272842,0.9971071027482262,False,Dengue,Mato Grosso,negbin,lagged,2072.6212875715855,120,1.3570483526726644,0.872480879773593,0.872480879773593
Temp_Lag1,0.15739556104256475,0.36886416687809076,1.1704585101315665,0.5680316124780516,2.411790283929561,0.4267033102583364,0.669595439182922,False,Dengue,Mato Grosso,negbin,lagged,2072.6212875715855,120,1.3570483526726644,0.872480879773593,0.872480879773593
Temp_Lag2,0.19842143081558,0.25249521115068646,1.2194762103988972,0.7434385374269366,2.0003297554036292,0.7858423528562061,0.43195985063690234,False,Dengue,Mato Grosso,negbin,lagged,2072.6212875715855,120,1.3570483526726644,0.872480879773593,0.872480879773593
Rain_mm,-0.0140738536038791,0.008683011130444718,0.9860247200946385,0.9693858470099966,1.0029491885367747,-1.6208494256713315,0.10504993546155507,False,Dengue,Mato Grosso,negbin,lagged,2072.6212875715855,120,1.3570483526726644,0.872480879773593,0.872480879773593
Rain_Lag1,-0.011573294970417414,0.010294305167916289,0.9884934179968494,0.9687486100530739,1.0086406600052429,-1.1242424604321315,0.2609101809545771,False,Dengue,Mato Grosso,negbin,lagged,2072.6212875715855,120,1.3570483526726644,0.872480879773593,0.872480879773593
Rain_Lag2,-0.0002939515334541455,0.009294057585433134,0.9997060916660649,0.9816599591219053,1.0180839713664318,-0.031627901027304256,0.974768792714045,False,Dengue,Mato Grosso,negbin,lagged,2072.6212875715855,120,1.3570483526726644,0.872480879773593,0.872480879773593
Intercept,-11.229136456448202,4.179147268395454,1.328152672292459e-05,3.6803237889688173e-09,0.04793028065098168,-2.686944425569269,0.007210894915270734,True,Dengue,Mato Grosso do Sul,negbin,lagged,2075.07096246329,120,1.33517339400496,1.7652980278319268,1.7652980278319268
Temp_Avg,-0.3476855664710419,0.26723263192373187,0.7063209322849333,0.41833968830117646,1.1925458505019744,-1.3010595448922242,0.19323807379130042,False,Dengue,Mato Grosso do Sul,negbin,lagged,2075.07096246329,120,1.33517339400496,1.7652980278319268,1.7652980278319268
Temp_Lag1,0.1847531640940373,0.3831935011920886,1.202921479265765,0.5676182971384797,2.5492837221311633,0.4821406509225311,0.6297060338659694,False,Dengue,Mato Grosso do Sul,negbin,lagged,2075.07096246329,120,1.33517339400496,1.7652980278319268,1.7652980278319268
Temp_Lag2,0.3196292929398702,0.24388789592168708,1.3766173479643384,0.8535160064168271,2.2203160906989257,1.310558245344426,0.19000705385327687,False,Dengue,Mato Grosso do Sul,negbin,lagged,2075.07096246329,120,1.33517339400496,1.7652980278319268,1.7652980278319268
Rain_mm,0.0017997576646980318,0.00909199807217783,1.0018013782005686,0.9841070880258778,1.0198138125168836,0.1979496311383325,0.8430844723591214,False,Dengue,Mato Grosso do Sul,negbin,lagged,2075.07096246329,120,1.33517339400496,1.7652980278319268,1.7652980278319268
Rain_Lag1,-0.005458587539531993,0.009318849684712228,0.9945562834788756,0.9765556579299728,1.0128887104131072,-0.585757655098453,0.5580383834145577,False,Dengue,Mato Grosso do Sul,negbin,lagged,2075.07096246329,120,1.33517339400496,1.7652980278319268,1.7652980278319268
Rain_Lag2,0.013409318033047166,0.009020086364866302,1.0134996261433606,0.9957390524643404,1.0315769876159573,1.4866063905194018,0.13711879900187934,False,Dengue,Mato Grosso do Sul,negbin,lagged,2075.07096246329,120,1.33517339400496,1.7652980278319268,1.7652980278319268
Intercept,-49.85977765512287,6.989547560421169,2.2190837617204703e-22,2.492015274411206e-28,1.9760443654162414e-16,-7.133477127683851,9.786457817462705e-13,True,Dengue,Minas Gerais,negbin,lagged,2568.3353984618843,120,1.594972581661239,1.8287315528911958,1.8287315528911958
Temp_Avg,1.0645435512203996,0.580459431307732,2.8995152017879273,0.9294549553630851,9.045288700532105,1.833967188408089,0.06665886487477547,False,Dengue,Minas Gerais,negbin,lagged,2568.3353984618843,120,1.594972581661239,1.8287315528911958,1.8287315528911958
Temp_Lag1,-0.6905651780858946,0.7335685793210652,0.5012926693566067,0.11903239529421066,2.1111424308445748,-0.9413778037290375,0.3465112841497072,False,Dengue,Minas Gerais,negbin,lagged,2568.3353984618843,120,1.594972581661239,1.8287315528911958,1.8287315528911958
Temp_Lag2,1.5699806915267949,0.5022165813653383,4.806555385633317,1.7961333079657622,12.862616918632984,3.126102860360777,0.001771395816628194,True,Dengue,Minas Gerais,negbin,lagged,2568.3353984618843,120,1.594972581661239,1.8287315528911958,1.8287315528911958
Rain_mm,0.02041930986478982,0.014842332924330065,1.0206292102115264,0.9913658277534486,1.0507563964531463,1.3757480019409738,0.1688996649868756,False,Dengue,Minas Gerais,negbin,lagged,2568.3353984618843,120,1.594972581661239,1.8287315528911958,1.8287315528911958
Rain_Lag1,-0.013572954446364178,0.016466488628677823,0.9865187427636629,0.9551878348271954,1.0188773289811264,-0.8242774007523193,0.40978195648131155,False,Dengue,Minas Gerais,negbin,lagged,2568.3353984618843,120,1.594972581661239,1.8287315528911958,1.8287315528911958
Rain_Lag2,-0.02117058013799707,0.015237469789975488,0.9790519435089967,0.9502444412309139,1.0087327707458942,-1.389376348553937,0.16471833844727746,False,Dengue,Minas Gerais,negbin,lagged,2568.3353984618843,120,1.594972581661239,1.8287315528911958,1.8287315528911958
Intercept,-33.179937784923474,4.9105794737085775,3.891670928434566e-15,2.5713812695446663e-19,5.889870473352485e-11,-6.756827368861471,1.410460750432533e-11,True,Dengue,Para,negbin,lagged,1800.4026529780858,120,1.2360915016556175,0.6520275648531145,0.6520275648531145
Temp_Avg,0.2065637035895576,0.28321409179434825,1.229446051849149,0.7057205676778022,2.141835825164097,0.7293553166116847,0.4657843431449654,False,Dengue,Para,negbin,lagged,1800.4026529780858,120,1.2360915016556175,0.6520275648531145,0.6520275648531145
Temp_Lag1,0.12261169596656253,0.3039664757676485,1.1304453792118387,0.6230287606219389,2.051120006250958,0.4033724299922032,0.686674265573481,False,Dengue,Para,negbin,lagged,1800.4026529780858,120,1.2360915016556175,0.6520275648531145,0.6520275648531145
Temp_Lag2,0.5745672897965419,0.2518022494115875,1.7763617107514609,1.0844087211132754,2.9098446609544033,2.2818195275824302,0.022499997400335942,True,Dengue,Para,negbin,lagged,1800.4026529780858,120,1.2360915016556175,0.6520275648531145,0.6520275648531145
Rain_mm,0.0006386274538238639,0.007443528443639962,1.0006388314197534,0.9861461716123041,1.0153444791131172,0.08579633417932753,0.9316283206359603,False,Dengue,Para,negbin,lagged,1800.4026529780858,120,1.2360915016556175,0.6520275648531145,0.6520275648531145
Rain_Lag1,0.0027405370632903187,0.008505392119862098,1.0027442957678268,0.986166542450954,1.0196007260557838,0.32221172459415687,0.7472923028226326,False,Dengue,Para,negbin,lagged,1800.4026529780858,120,1.2360915016556175,0.6520275648531145,0.6520275648531145
Rain_Lag2,-0.010220743069032643,0.00712739774847862,0.9898313112299241,0.9760998010173177,1.0037559926454367,-1.434007674289584,0.15157007285168853,False,Dengue,Para,negbin,lagged,1800.4026529780858,120,1.2360915016556175,0.6520275648531145,0.6520275648531145
Intercept,19.217074277632488,7.5041271798674405,221752904.6066358,90.82958014639667,541391368563212.0,2.560867348995537,0.010441121425651763,True,Dengue,Paraiba,negbin,lagged,1953.5659645036249,120,1.3564279569705553,0.8036912581480661,0.8036912581480661
Temp_Avg,-0.28235172448332324,0.5961272139591313,0.7540084346612838,0.23439183304529188,2.425548331415207,-0.473643406762303,0.6357542164333989,False,Dengue,Paraiba,negbin,lagged,1953.5659645036249,120,1.3564279569705553,0.8036912581480661,0.8036912581480661
Temp_Lag1,-0.3823346908688029,0.7009014181191124,0.6822666665646726,0.17271689493568548,2.6950913196917057,-0.5454899661849854,0.5854165795995288,False,Dengue,Paraiba,negbin,lagged,1953.5659645036249,120,1.3564279569705553,0.8036912581480661,0.8036912581480661
Temp_Lag2,-0.3809231875241962,0.5634269707804105,0.6832303682204957,0.2264479752575803,2.0614171335722196,-0.6760826287683286,0.49898818507553067,False,Dengue,Paraiba,negbin,lagged,1953.5659645036249,120,1.3564279569705553,0.8036912581480661,0.8036912581480661
Rain_mm,-0.0029346757112275433,0.00981590757127053,0.9970696262402311,0.9780701783174524,1.0164381468833246,-0.298971408391908,0.7649618611615613,False,Dengue,Paraiba,negbin,lagged,1953.5659645036249,120,1.3564279569705553,0.8036912581480661,0.8036912581480661
Rain_Lag1,-0.0015453709847576193,0.010485349080452365,0.9984558224861184,0.9781456876321395,1.019187675273328,-0.14738383747648656,0.882829062031566,False,Dengue,Paraiba,negbin,lagged,1953.5659645036249,120,1.3564279569705553,0.8036912581480661,0.8036912581480661
Rain_Lag2,-0.0034151212874730693,0.009725810486200439,0.996590703606438,0.9777730316673374,1.0157705299164805,-0.35114001987995214,0.7254833055886144,False,Dengue,Paraiba,negbin,lagged,1953.5659645036249,120,1.3564279569705553,0.8036912581480661,0.8036912581480661
Intercept,-23.385054390183853,3.5229406665613334,6.982322743900624e-11,7.001841635737048e-14,6.962858264482865e-08,-6.637935918747534,3.181060926239369e-11,True,Dengue,Parana,negbin,lagged,2354.2364477549936,120,1.396170709228703,2.509064384206239,2.509064384206239
Temp_Avg,-0.08238811027565579,0.26123106482879926,0.9209144729589365,0.5518930522831238,1.536680817047439,-0.3153840464174878,0.7524700783409461,False,Dengue,Parana,negbin,lagged,2354.2364477549936,120,1.396170709228703,2.509064384206239,2.509064384206239
Temp_Lag1,0.06208056719685866,0.38017121989039715,1.064048068644933,0.5050716271679954,2.2416588687339267,0.1632963358319349,0.8702851187638028,False,Dengue,Parana,negbin,lagged,2354.2364477549936,120,1.396170709228703,2.509064384206239,2.509064384206239
Temp_Lag2,0.7741442079741492,0.2907843315248148,2.1687353463720527,1.2265519230988922,3.834662776216029,2.66226245380792,0.007761733282557342,True,Dengue,Parana,negbin,lagged,2354.2364477549936,120,1.396170709228703,2.509064384206239,2.509064384206239
Rain_mm,0.004284699001576492,0.009328283885646148,1.0042938914486106,0.986098789296316,1.0228247223797315,0.4593233926091756,0.6460019516958757,False,Dengue,Parana,negbin,lagged,2354.2364477549936,120,1.396170709228703,2.509064384206239,2.509064384206239
Rain_Lag1,0.0035497082145228443,0.008846889798855074,1.0035560158899879,0.9863044533823461,1.0211093274244483,0.4012379825260434,0.6882449187422313,False,Dengue,Parana,negbin,lagged,2354.2364477549936,120,1.396170709228703,2.509064384206239,2.509064384206239
Rain_Lag2,0.006220490222965189,0.008332298655868523,1.0062398776511943,0.9899401273144016,1.0228080097352372,0.7465515195598558,0.4553343218841225,False,Dengue,Parana,negbin,lagged,2354.2364477549936,120,1.396170709228703,2.509064384206239,2.509064384206239
Intercept,-19.16318157982439,6.440816559142221,4.759222226612722e-09,1.5667591749945317e-14,0.0014456718405599,-2.975272064319825,0.0029272880290294847,True,Dengue,Pernambuco,negbin,lagged,2073.031269905229,120,2.134504337520574,0.7598664860099428,0.7598664860099428
Temp_Avg,0.048903777893326957,0.5105341750689962,1.0501193011870875,0.38606744174131336,2.856367638130338,0.09578943052483772,0.9236878119763006,False,Dengue,Pernambuco,negbin,lagged,2073.031269905229,120,2.134504337520574,0.7598664860099428,0.7598664860099428
Temp_Lag1,-0.37767341414491906,0.6876075780734326,0.6854543238016035,0.1781045988716724,2.6380432228863846,-0.5492572016194179,0.5828289538947724,False,Dengue,Pernambuco,negbin,lagged,2073.031269905229,120,2.134504337520574,0.7598664860099428,0.7598664860099428
Temp_Lag2,0.7536518203159697,0.4963543646888398,2.124745053416442,0.8031588736551729,5.620981962724232,1.5183745201644945,0.12892001122416613,False,Dengue,Pernambuco,negbin,lagged,2073.031269905229,120,2.134504337520574,0.7598664860099428,0.7598664860099428
Rain_mm,-0.01889103897956385,0.0130941432505425,0.9812862783720864,0.9564224600240369,1.0067964737017359,-1.442709050764446,0.14910244857005683,False,Dengue,Pernambuco,negbin,lagged,2073.031269905229,120,2.134504337520574,0.7598664860099428,0.7598664860099428
Rain_Lag1,0.0005131713078160684,0.012723566756969241,1.000513303002738,0.9758708574251151,1.0257780134214776,0.04033234686610046,0.9678281656818173,False,Dengue,Pernambuco,negbin,lagged,2073.031269905229,120,2.134504337520574,0.7598664860099428,0.7598664860099428
Rain_Lag2,0.011095782233546377,0.011954640788039688,1.0111575687369694,0.9877404544099996,1.0351298504066901,0.9281568915602569,0.3533261921279004,False,Dengue,Pernambuco,negbin,lagged,2073.031269905229,120,2.134504337520574,0.7598664860099428,0.7598664860099428
Intercept,2.5989043356138835,9.450051923176424,13.448994375259144,1.2151872949644745e-07,1488457379.8234138,0.27501482073765365,0.783304851886242,False,Dengue,Piaui,negbin,lagged,1836.2058276023795,120,2.043188129118645,1.293236451922497,1.293236451922497
Temp_Avg,-0.2552186703484627,0.5473904649371363,0.7747470652260751,0.26497919073029863,2.2652081222760843,-0.4662461016338176,0.6410393537269135,False,Dengue,Piaui,negbin,lagged,1836.2058276023795,120,2.043188129118645,1.293236451922497,1.293236451922497
Temp_Lag1,-0.15006759810622228,0.49261884970552045,0.860649796162301,0.32771841062067353,2.2602272183346277,-0.30463226934156146,0.760646240075584,False,Dengue,Piaui,negbin,lagged,1836.2058276023795,120,2.043188129118645,1.293236451922497,1.293236451922497
Temp_Lag2,0.015104375187968543,0.5068426660299986,1.0152190227622522,0.3759469446394237,2.741529566537302,0.02980091495903101,0.9762258290603345,False,Dengue,Piaui,negbin,lagged,1836.2058276023795,120,2.043188129118645,1.293236451922497,1.293236451922497
Rain_mm,-0.0013983492979868554,0.013403308159021288,0.9986026279368344,0.9727104427853235,1.02518402667384,-0.10432866881790495,0.9169085276230343,False,Dengue,Piaui,negbin,lagged,1836.2058276023795,120,2.043188129118645,1.293236451922497,1.293236451922497
Rain_Lag1,0.0010290154394671813,0.013595926099023346,1.0010295450575006,0.9747063822827633,1.028063597707446,0.07568557169055956,0.939669255188899,False,Dengue,Piaui,negbin,lagged,1836.2058276023795,120,2.043188129118645,1.293236451922497,1.293236451922497
Rain_Lag2,-0.008254503533760362,0.013836495271512952,0.9917794713343759,0.9652443142809889,1.019044096098093,-0.5965747374448944,0.550791341866073,False,Dengue,Piaui,negbin,lagged,1836.2058276023795,120,2.043188129118645,1.293236451922497,1.293236451922497
Intercept,23.969601122658446,4.013921804913558,25695998662.463715,9843426.057732629,67078712573112.92,5.971616361164925,2.349144189729368e-09,True,Dengue,Rio Grande do Norte,negbin,lagged,1999.0859148693664,120,2.2622902482638336,0.8879099234676239,0.8879099234676239
Temp_Avg,-0.30810835819958526,0.36342520190358346,0.7348356882227097,0.36044288990585543,1.4981110844682841,-0.8477902924336168,0.39655477032401487,False,Dengue,Rio Grande do Norte,negbin,lagged,1999.0859148693664,120,2.2622902482638336,0.8879099234676239,0.8879099234676239
Temp_Lag1,-0.05121817562360826,0.44665273439112485,0.9500713655061559,0.39587469877610354,2.280104291447125,-0.1146711341495058,0.9087057945775859,False,Dengue,Rio Grande do Norte,negbin,lagged,1999.0859148693664,120,2.2622902482638336,0.8879099234676239,0.8879099234676239
Temp_Lag2,-0.7569954238729893,0.3077451772751581,0.46907367943176176,0.25661561598832056,0.85743073697302,-2.4598124674953135,0.013900963114173378,True,Dengue,Rio Grande do Norte,negbin,lagged,1999.0859148693664,120,2.2622902482638336,0.8879099234676239,0.8879099234676239
Rain_mm,0.0018748469480353923,0.00841154820570673,1.0018766055724535,0.9854944465794735,1.018531089928811,0.22288963959850117,0.8236213999759275,False,Dengue,Rio Grande do Norte,negbin,lagged,1999.0859148693664,120,2.2622902482638336,0.8879099234676239,0.8879099234676239
Rain_Lag1,-0.016832006427645173,0.008909727471517267,0.9833088603284685,0.9662863382621719,1.0006312585764139,-1.8891718609187487,0.05886880391809126,False,Dengue,Rio Grande do Norte,negbin,lagged,1999.0859148693664,120,2.2622902482638336,0.8879099234676239,0.8879099234676239
Rain_Lag2,-0.016812419432566776,0.00966943798228698,0.983328120582901,0.9648674757741788,1.0021419697593839,-1.7387173342819624,0.08208449543677276,False,Dengue,Rio Grande do Norte,negbin,lagged,1999.0859148693664,120,2.2622902482638336,0.8879099234676239,0.8879099234676239
Intercept,-21.06546511447892,4.959821620355018,7.102066623752938e-10,4.260880425337557e-14,1.1837776537516781e-05,-4.247222325098676,2.1643715830890968e-05,True,Dengue,Rio Grande do Sul,negbin,lagged,1874.2418775508627,120,2.0925418902302133,3.811500464045186,3.811500464045186
Temp_Avg,-0.11548720537380616,0.42832161159452076,0.8909319713056916,0.3848130819183822,2.06271515910418,-0.26962731332626394,0.7874469853187884,False,Dengue,Rio Grande do Sul,negbin,lagged,1874.2418775508627,120,2.0925418902302133,3.811500464045186,3.811500464045186
Temp_Lag1,0.4158489527142594,0.49746920139442297,1.515656915716395,0.5716715407353935,4.018419183861797,0.8359290415338694,0.4031948233586964,False,Dengue,Rio Grande do Sul,negbin,lagged,1874.2418775508627,120,2.0925418902302133,3.811500464045186,3.811500464045186
Temp_Lag2,0.2906599655319567,0.326197027895136,1.3373097752110705,0.7056145109169645,2.5345247400751654,0.8910564495559918,0.372898887115347,False,Dengue,Rio Grande do Sul,negbin,lagged,1874.2418775508627,120,2.0925418902302133,3.811500464045186,3.811500464045186
Rain_mm,0.00773940791534411,0.0092782786848052,1.0077694345455785,0.9896083518604193,1.0262638055701878,0.8341426441543237,0.4042006071529576,False,Dengue,Rio Grande do Sul,negbin,lagged,1874.2418775508627,120,2.0925418902302133,3.811500464045186,3.811500464045186
Rain_Lag1,0.01760843056835321,0.007818516771570416,1.0177643729373618,1.0022867483258835,1.033481007856034,2.2521446308564235,0.024313133678496794,True,Dengue,Rio Grande do Sul,negbin,lagged,1874.2418775508627,120,2.0925418902302133,3.811500464045186,3.811500464045186
Rain_Lag2,0.007930898379268091,0.006233879447080246,1.0079624312600537,0.9957216728920775,1.020353669595979,1.2722251764080352,0.20329312479505435,False,Dengue,Rio Grande do Sul,negbin,lagged,1874.2418775508627,120,2.0925418902302133,3.811500464045186,3.811500464045186
Intercept,-46.57880381720403,4.6710776331002934,5.903132461337415e-21,6.237075151478732e-25,5.587069581458186e-17,-9.971746880663316,2.0263303732865576e-23,True,Dengue,Rio de Janeiro,negbin,lagged,2128.0747870711066,120,2.4549513707274064,1.27732177152867,1.27732177152867
Temp_Avg,0.6473495334625676,0.3341056195349271,1.910470474516232,0.9925305551732675,3.677365311298763,1.9375595488746165,0.052676981640979406,False,Dengue,Rio de Janeiro,negbin,lagged,2128.0747870711066,120,2.4549513707274064,1.27732177152867,1.27732177152867
Temp_Lag1,0.023919987566140055,0.4087639353959685,1.0242083652079685,0.45966499534330335,2.2821028052800183,0.058517852224337814,0.9533361428420036,False,Dengue,Rio de Janeiro,negbin,lagged,2128.0747870711066,120,2.4549513707274064,1.27732177152867,1.27732177152867
Temp_Lag2,1.0446127159915017,0.2853292993808363,2.842297534085359,1.6247716603572329,4.972178841728127,3.661077632960611,0.0002511566356106452,True,Dengue,Rio de Janeiro,negbin,lagged,2128.0747870711066,120,2.4549513707274064,1.27732177152867,1.27732177152867
Rain_mm,0.004812475476212231,0.004850261057559674,1.004824074034779,0.9953169635734661,1.01442199491391,0.9922095778146726,0.3210953012824118,False,Dengue,Rio de Janeiro,negbin,lagged,2128.0747870711066,120,2.4549513707274064,1.27732177152867,1.27732177152867
Rain_Lag1,-0.004528524167953102,0.005170745860682063,0.9954817141369825,0.9854437949254283,1.0056218815159272,-0.8757970880734318,0.3811403533704487,False,Dengue,Rio de Janeiro,negbin,lagged,2128.0747870711066,120,2.4549513707274064,1.27732177152867,1.27732177152867
Rain_Lag2,-0.002893230978687745,0.005156505724555788,0.9971109503805422,0.987084152591553,1.0072396003506623,-0.5610836355538004,0.5747405233811687,False,Dengue,Rio de Janeiro,negbin,lagged,2128.0747870711066,120,2.4549513707274064,1.27732177152867,1.27732177152867
Intercept,-14.067107679169844,5.305989558607468,7.775579365782792e-07,2.3669182886936796e-11,0.025543608650282244,-2.6511751528703895,0.00802122322633702,True,Dengue,Rondonia,negbin,lagged,1689.5610703100647,120,1.5333295335938957,1.364728408570024,1.364728408570024
Temp_Avg,0.31066321333886615,0.1951438874895875,1.364329655773301,0.9306995175715445,1.9999961045208183,1.5919699937075535,0.1113914468960235,False,Dengue,Rondonia,negbin,lagged,1689.5610703100647,120,1.5333295335938957,1.364728408570024,1.364728408570024
Temp_Lag1,-0.00322677605376695,0.24071995380251893,0.9967784243930208,0.621861496480838,1.5977307374039178,-0.01340468873807662,0.9893049261064176,False,Dengue,Rondonia,negbin,lagged,1689.5610703100647,120,1.5333295335938957,1.364728408570024,1.364728408570024
Temp_Lag2,-0.08679971183366252,0.19945519375868462,0.9168607135953989,0.6201884524270117,1.3554485976721664,-0.43518401400306034,0.6634288651458404,False,Dengue,Rondonia,negbin,lagged,1689.5610703100647,120,1.5333295335938957,1.364728408570024,1.364728408570024
Rain_mm,-0.003271166194239769,0.005135702683187299,0.9967341782407955,0.9867514021588268,1.0068179481679056,-0.6369461777739889,0.5241599024380245,False,Dengue,Rondonia,negbin,lagged,1689.5610703100647,120,1.5333295335938957,1.364728408570024,1.364728408570024
Rain_Lag1,-4.821145856463852e-05,0.004866622969270891,0.999951789703589,0.9904590143197186,1.0095355459187567,-0.009906553038741252,0.9920958435652046,False,Dengue,Rondonia,negbin,lagged,1689.5610703100647,120,1.5333295335938957,1.364728408570024,1.364728408570024
Rain_Lag2,0.0023347044946221227,0.004729861051979325,1.002337432039418,0.9930881741418303,1.0116728341222692,0.4936095308011446,0.6215819685070199,False,Dengue,Rondonia,negbin,lagged,1689.5610703100647,120,1.5333295335938957,1.364728408570024,1.364728408570024
Intercept,-18.038099050618722,1.9533834909681127,1.4660646371731345e-08,3.187128125039646e-10,6.743831550050577e-07,-9.234284580586321,2.600177636171259e-20,True,Dengue,Roraima,negbin,lagged,1023.6355129652617,117,1.3162243640124989,0.852267499377361,0.852267499377361
Temp_Avg,0.047030626641604324,0.08572378996485615,1.048154110028355,0.8860445905672009,1.239922967833986,0.5486298104748436,0.5832595236443447,False,Dengue,Roraima,negbin,lagged,1023.6355129652617,117,1.3162243640124989,0.852267499377361,0.852267499377361
Temp_Lag1,0.011131051987560613,0.08134828205412424,1.0111932326446134,0.8621624397912716,1.185985037800779,0.13683204741994037,0.891163551704736,False,Dengue,Roraima,negbin,lagged,1023.6355129652617,117,1.3162243640124989,0.852267499377361,0.852267499377361
Temp_Lag2,0.19947174159543368,0.07967756668422135,1.2207577122782658,1.0442549983137646,1.427093377090156,2.503486864577346,0.012297624515238168,True,Dengue,Roraima,negbin,lagged,1023.6355129652617,117,1.3162243640124989,0.852267499377361,0.852267499377361
Rain_mm,0.008054354896486107,0.0029939469358860513,1.0080868784730552,1.0021886104211706,1.0140198601164236,2.6902129760367446,0.007140643139329803,True,Dengue,Roraima,negbin,lagged,1023.6355129652617,117,1.3162243640124989,0.852267499377361,0.852267499377361
Rain_Lag1,0.00526075992429914,0.003497191740002421,1.0052746220195143,0.9984075334365206,1.0121889427236883,1.5042812391794962,0.13250896758267103,False,Dengue,Roraima,negbin,lagged,1023.6355129652617,117,1.3162243640124989,0.852267499377361,0.852267499377361
Rain_Lag2,0.011739388702819403,0.003234285028985164,1.0118085657601388,1.0054147973545187,1.0182429942739375,3.6296704210089126,0.0002837833225732536,True,Dengue,Roraima,negbin,lagged,1023.6355129652617,117,1.3162243640124989,0.852267499377361,0.852267499377361
Intercept,-33.16696412211453,4.239964297131363,3.942489090885382e-15,9.697058793791874e-19,1.6028798589631242e-11,-7.822463067567417,5.1799654604394504e-15,True,Dengue,Santa Catarina,negbin,lagged,1941.9569835041534,120,1.5329126371016744,3.224406512259519,3.224406512259519
Temp_Avg,0.8741519351205026,0.4404576433750749,2.396841754488576,1.010914082872684,5.682827545279523,1.9846447173039794,0.04718401346533433,True,Dengue,Santa Catarina,negbin,lagged,1941.9569835041534,120,1.5329126371016744,3.224406512259519,3.224406512259519
Temp_Lag1,-0.051759544837347696,0.533980093896265,0.9495571653166501,0.33341726382941306,2.7042955120209657,-0.09693159993975899,0.9227807138358842,False,Dengue,Santa Catarina,negbin,lagged,1941.9569835041534,120,1.5329126371016744,3.224406512259519,3.224406512259519
Temp_Lag2,0.432576564939657,0.33947748758000384,1.541223474457654,0.7923125662104217,2.9980211087406556,1.2742422716254866,0.2025775683828306,False,Dengue,Santa Catarina,negbin,lagged,1941.9569835041534,120,1.5329126371016744,3.224406512259519,3.224406512259519
Rain_mm,0.015252389343907963,0.008120414687350263,1.0153693006703544,0.9993365967060373,1.031659222870504,1.8782771485386915,0.060343260959726995,False,Dengue,Santa Catarina,negbin,lagged,1941.9569835041534,120,1.5329126371016744,3.224406512259519,3.224406512259519
Rain_Lag1,0.014246400353882518,0.0071148015892078,1.014348363944723,1.000301434661335,1.0285925499903783,2.002360877567183,0.04524593292636337,True,Dengue,Santa Catarina,negbin,lagged,1941.9569835041534,120,1.5329126371016744,3.224406512259519,3.224406512259519
Rain_Lag2,0.009037378101326389,0.005874766611078343,1.0090783385013564,0.9975259011835975,1.0207645656363242,1.5383382353069397,0.12396593555775702,False,Dengue,Santa Catarina,negbin,lagged,1941.9569835041534,120,1.5329126371016744,3.224406512259519,3.224406512259519
Intercept,-27.340290370642926,3.99983248256592,1.3374044330174235e-12,5.266676147032243e-16,3.39616594512378e-09,-6.835358853104753,8.180000336325672e-12,True,Dengue,Sao Paulo,negbin,lagged,2677.0047966874818,120,1.4647436387439836,2.0961634681901162,2.0961634681901162
Temp_Avg,0.1403869920468588,0.35742111643367863,1.1507190318143452,0.5711185936899962,2.3185277187779607,0.39277755452064445,0.6944837839919933,False,Dengue,Sao Paulo,negbin,lagged,2677.0047966874818,120,1.4647436387439836,2.0961634681901162,2.0961634681901162
Temp_Lag1,-0.009757228629584443,0.47532795948579337,0.9902902186821962,0.39008132762685815,2.5140263010889887,-0.02052736102488006,0.983622685730746,False,Dengue,Sao Paulo,negbin,lagged,2677.0047966874818,120,1.4647436387439836,2.0961634681901162,2.0961634681901162
Temp_Lag2,0.7885437175327672,0.313622929344378,2.2001899939742464,1.1898684752531963,4.068379077405421,2.5143050579280057,0.011926721891478257,True,Dengue,Sao Paulo,negbin,lagged,2677.0047966874818,120,1.4647436387439836,2.0961634681901162,2.0961634681901162
Rain_mm,-0.0002227689397296794,0.01089156410557031,0.9997772558714282,0.9786607392227873,1.021349402604634,-0.020453346972979566,0.98368172800414,False,Dengue,Sao Paulo,negbin,lagged,2677.0047966874818,120,1.4647436387439836,2.0961634681901162,2.0961634681901162
Rain_Lag1,-0.0015330212478051734,0.011845893332112228,0.9984681532290253,0.9755528215751357,1.0219217565307381,-0.12941373054992908,0.8970302836347778,False,Dengue,Sao Paulo,negbin,lagged,2677.0047966874818,120,1.4647436387439836,2.0961634681901162,2.0961634681901162
Rain_Lag2,-0.0020750559756458177,0.011278954364665611,0.9979270954646282,0.9761082307742565,1.020233675391249,-0.18397591731964927,0.8540323476255647,False,Dengue,Sao Paulo,negbin,lagged,2677.0047966874818,120,1.4647436387439836,2.0961634681901162,2.0961634681901162
Intercept,1.7702805880288874,5.993003569615245,5.872500883681867,4.6502410480835096e-05,741601.6991862612,0.2953912120133345,0.7676950457578767,False,Dengue,Sergipe,negbin,lagged,1519.6818229837525,120,1.5183661687170205,1.1795217111582774,1.1795217111582774
Temp_Avg,0.06288761929916989,0.3967807464505599,1.0649071574937945,0.48928866644753466,2.31770595120276,0.15849463428288066,0.8740670484466222,False,Dengue,Sergipe,negbin,lagged,1519.6818229837525,120,1.5183661687170205,1.1795217111582774,1.1795217111582774
Temp_Lag1,-0.30441594224575885,0.519017348909063,0.7375540227637921,0.2666842389455589,2.039812846255612,-0.5865236352611704,0.5575236832761794,False,Dengue,Sergipe,negbin,lagged,1519.6818229837525,120,1.5183661687170205,1.1795217111582774,1.1795217111582774
Temp_Lag2,-0.18809027938850073,0.4043650896059367,0.8285399037802648,0.37506878055526127,1.8302732931808678,-0.4651496487290709,0.641824293481479,False,Dengue,Sergipe,negbin,lagged,1519.6818229837525,120,1.5183661687170205,1.1795217111582774,1.1795217111582774
Rain_mm,0.008347835159100259,0.00653465630624786,1.008382775492731,0.9955498402350924,1.0213811311247911,1.2774711886712078,0.20143594585196312,False,Dengue,Sergipe,negbin,lagged,1519.6818229837525,120,1.5183661687170205,1.1795217111582774,1.1795217111582774
Rain_Lag1,-0.0018871297844810305,0.006546024270842098,0.998114649725366,0.9853904333072345,1.0110031722682404,-0.28828640200539085,0.7731275151513639,False,Dengue,Sergipe,negbin,lagged,1519.6818229837525,120,1.5183661687170205,1.1795217111582774,1.1795217111582774
Rain_Lag2,-0.010864457929677555,0.005864053586396975,0.9891943471389741,0.9778900848335803,1.0006292850164502,-1.8527214612909013,0.06392229230159452,False,Dengue,Sergipe,negbin,lagged,1519.6818229837525,120,1.5183661687170205,1.1795217111582774,1.1795217111582774
Intercept,-39.475419776081104,12.542828758486516,7.178653982099578e-18,1.5113729273113204e-28,3.4096861246806803e-07,-3.1472501567377225,0.0016481389009900906,True,Dengue,Tocantins,negbin,lagged,1777.3428768364256,120,1.6496848224212524,1.2349608609928322,1.2349608609928322
Temp_Avg,0.9363702951240502,0.5564335462099321,2.550706284475243,0.8570667671316688,7.591126851686671,1.6828070512678526,0.09241244957115853,False,Dengue,Tocantins,negbin,lagged,1777.3428768364256,120,1.6496848224212524,1.2349608609928322,1.2349608609928322
Temp_Lag1,0.06208509881699281,0.6208706703487411,1.06405289051751,0.3151138064569751,3.5930147477471994,0.09999682990681426,0.9203468421994726,False,Dengue,Tocantins,negbin,lagged,1777.3428768364256,120,1.6496848224212524,1.2349608609928322,1.2349608609928322
Temp_Lag2,0.1817900567855973,0.46599850317269254,1.1993623694553015,0.4811544255162478,2.989622493281755,0.39010867105345276,0.6964561912371652,False,Dengue,Tocantins,negbin,lagged,1777.3428768364256,120,1.6496848224212524,1.2349608609928322,1.2349608609928322
Rain_mm,0.008939384459736813,0.009200149363963482,1.0089794600851245,0.9909483071795454,1.0273387052562124,0.9716564488346165,0.33122148976144816,False,Dengue,Tocantins,negbin,lagged,1777.3428768364256,120,1.6496848224212524,1.2349608609928322,1.2349608609928322
Rain_Lag1,0.0011361959686910046,0.009307972493626695,1.0011368416838604,0.9830380710651956,1.0195688298121506,0.12206696672868067,0.9028459829316614,False,Dengue,Tocantins,negbin,lagged,1777.3428768364256,120,1.6496848224212524,1.2349608609928322,1.2349608609928322
Rain_Lag2,0.0009480869226264658,0.008310736520443611,1.0009485364991009,0.9847761163827631,1.017386547106585,0.11407977142510334,0.909174557590081,False,Dengue,Tocantins,negbin,lagged,1777.3428768364256,120,1.6496848224212524,1.2349608609928322,1.2349608609928322
Intercept,-12.751643016587789,5.456733213369738,2.897555763343399e-06,6.563972004036418e-11,0.12790775762787643,-2.336863929016088,0.01944626044285559,True,Chikungunya,Acre,negbin,lagged,1038.3736756247733,108,1.4068367253911787,0.7404965537787255,0.7404965537787255
Temp_Avg,-0.4462955860721957,0.2208410953115917,0.6399945706190132,0.41513806269577624,0.9866429682743287,-2.0208901130584556,0.04329114160900145,True,Chikungunya,Acre,negbin,lagged,1038.3736756247733,108,1.4068367253911787,0.7404965537787255,0.7404965537787255
Temp_Lag1,0.06431529846517303,0.2822052846137083,1.0664285890559242,0.6133576571862829,1.8541709265894253,0.22790253043351008,0.8197220154859456,False,Chikungunya,Acre,negbin,lagged,1038.3736756247733,108,1.4068367253911787,0.7404965537787255,0.7404965537787255
Temp_Lag2,0.48709849853271053,0.23325422508093754,1.6275869164065773,1.0303723248643717,2.570953340392333,2.088272992112751,0.0367732162734341,True,Chikungunya,Acre,negbin,lagged,1038.3736756247733,108,1.4068367253911787,0.7404965537787255,0.7404965537787255
Rain_mm,0.0027991573818939085,0.0029559819534925986,1.0028030786808422,0.9970099119972984,1.00862990679525,0.9469467087194506,0.3436659350454193,False,Chikungunya,Acre,negbin,lagged,1038.3736756247733,108,1.4068367253911787,0.7404965537787255,0.7404965537787255
Rain_Lag1,-0.0028602978875296,0.0027657159817373383,0.9971437888670993,0.9917530926541831,1.0025637863303722,-1.0341979821560883,0.3010436172913925,False,Chikungunya,Acre,negbin,lagged,1038.3736756247733,108,1.4068367253911787,0.7404965537787255,0.7404965537787255
Rain_Lag2,0.002762032265682819,0.0027613064249586306,1.0027658501910697,0.9973533801628387,1.008207692789133,1.0002628613462192,0.31718331508135866,False,Chikungunya,Acre,negbin,lagged,1038.3736756247733,108,1.4068367253911787,0.7404965537787255,0.7404965537787255
Intercept,26.099241120657048,8.070665429865034,216150577682.61267,29165.356950689897,1.6019372679552302e+18,3.2338400529005087,0.0012213783712258484,True,Chikungunya,Alagoas,negbin,lagged,1299.7065482983876,108,1.7176342837584264,1.1268266527596702,1.1268266527596702
Temp_Avg,-0.7478464061435891,0.5088320587960948,0.47338493464387477,0.17461752970597108,1.2833379141551482,-1.4697313056748158,0.141634540485524,False,Chikungunya,Alagoas,negbin,lagged,1299.7065482983876,108,1.7176342837584264,1.1268266527596702,1.1268266527596702
Temp_Lag1,-0.2958618367525925,0.6262971838169751,0.7438901992060527,0.2179685882799842,2.538772365511697,-0.47239847854569494,0.6366423901414412,False,Chikungunya,Alagoas,negbin,lagged,1299.7065482983876,108,1.7176342837584264,1.1268266527596702,1.1268266527596702
Temp_Lag2,-0.3367481736148126,0.46731266061373183,0.7140886436239365,0.28573770955374267,1.7845827621039465,-0.7206057143252954,0.4711521370546259,False,Chikungunya,Alagoas,negbin,lagged,1299.7065482983876,108,1.7176342837584264,1.1268266527596702,1.1268266527596702
Rain_mm,-0.010445778736730102,0.014310071217779616,0.9896085889410631,0.9622379416345832,1.0177577883099393,-0.729959940643181,0.4654146714347689,False,Chikungunya,Alagoas,negbin,lagged,1299.7065482983876,108,1.7176342837584264,1.1268266527596702,1.1268266527596702
Rain_Lag1,-0.0009719290518972467,0.014930494996905103,0.9990285431181594,0.9702168272221436,1.0286958563915671,-0.0650969075103481,0.948096842661267,False,Chikungunya,Alagoas,negbin,lagged,1299.7065482983876,108,1.7176342837584264,1.1268266527596702,1.1268266527596702
Rain_Lag2,0.0014040832519274821,0.014715117832946819,1.0014050694383252,0.9729354427116466,1.0307077623792404,0.09541773758574812,0.9239830278015537,False,Chikungunya,Alagoas,negbin,lagged,1299.7065482983876,108,1.7176342837584264,1.1268266527596702,1.1268266527596702
Intercept,-29.205777290232284,6.127187507468239,2.0705803259571716e-13,1.2604475660262474e-18,3.4014131184824146e-08,-4.7665878112321955,1.8737208729812162e-06,True,Chikungunya,Amapa,negbin,lagged,923.3804077404191,104,1.0980230842903544,0.8342742536537682,0.8342742536537682
Temp_Avg,0.004044532115584353,0.3946209159946956,1.0040527222736646,0.4632851854435726,2.1760287200634956,0.010249157993538078,0.9918224982439159,False,Chikungunya,Amapa,negbin,lagged,923.3804077404191,104,1.0980230842903544,0.8342742536537682,0.8342742536537682
Temp_Lag1,0.21209247290103164,0.51192777327715,1.2362622005450008,0.4532615428947573,3.371881538273883,0.4143015557513188,0.6786532746362066,False,Chikungunya,Amapa,negbin,lagged,923.3804077404191,104,1.0980230842903544,0.8342742536537682,0.8342742536537682
Temp_Lag2,0.47954742499471115,0.41113594953946886,1.6153431727923298,0.7216038058230201,3.616019683974274,1.166396238353452,0.24345427871139325,False,Chikungunya,Amapa,negbin,lagged,923.3804077404191,104,1.0980230842903544,0.8342742536537682,0.8342742536537682
Rain_mm,0.002082141444423913,0.004017517149482012,1.0020843106061605,0.9942245502358267,1.0100062056653474,0.5182657265551109,0.6042728823171897,False,Chikungunya,Amapa,negbin,lagged,923.3804077404191,104,1.0980230842903544,0.8342742536537682,0.8342742536537682
Rain_Lag1,0.0037370105142334265,0.003939859981103086,1.0037440018442036,0.996022814984718,1.0115250434837426,0.9485135340233929,0.34286808617250364,False,Chikungunya,Amapa,negbin,lagged,923.3804077404191,104,1.0980230842903544,0.8342742536537682,0.8342742536537682
Rain_Lag2,0.003776958823932035,0.0034405068471847133,1.0037841005213792,0.997037960923143,1.0105758857231557,1.0977913986779688,0.27229558820060007,False,Chikungunya,Amapa,negbin,lagged,923.3804077404191,104,1.0980230842903544,0.8342742536537682,0.8342742536537682
Intercept,-17.673152086980686,4.963622709349499,2.1117746428856433e-08,1.257553942413029e-12,0.00035462432202133543,-3.5605349402748656,0.00037010005868033966,True,Chikungunya,Amazonas,negbin,lagged,955.8786558361483,108,1.2034248151403046,0.45250356688076027,0.45250356688076027
Temp_Avg,0.006389138826770608,0.2973916031750817,1.0064095929123722,0.5618623413010464,1.8026840281921566,0.021483924759668368,0.9828596266879456,False,Chikungunya,Amazonas,negbin,lagged,955.8786558361483,108,1.2034248151403046,0.45250356688076027,0.45250356688076027
Temp_Lag1,0.17907904553215653,0.37244565451455636,1.1961152880006611,0.5764224670921375,2.4820194629232204,0.4808192641301378,0.6306449575301512,False,Chikungunya,Amazonas,negbin,lagged,955.8786558361483,108,1.2034248151403046,0.45250356688076027,0.45250356688076027
Temp_Lag2,0.014131690033990119,0.2623491508936719,1.0142320143927874,0.6064865994580219,1.6961076797714978,0.053865964444144834,0.957041953717932,False,Chikungunya,Amazonas,negbin,lagged,955.8786558361483,108,1.2034248151403046,0.45250356688076027,0.45250356688076027
Rain_mm,-0.0004933034796134794,0.004495274371676897,0.999506818174543,0.9907391074209836,1.0083521202448096,-0.1097382359398587,0.912616975630742,False,Chikungunya,Amazonas,negbin,lagged,955.8786558361483,108,1.2034248151403046,0.45250356688076027,0.45250356688076027
Rain_Lag1,0.003893877926781912,0.0047028983802676165,1.0039014689190373,0.9946903434248959,1.0131978921477247,0.8279740729929046,0.407685183220601,False,Chikungunya,Amazonas,negbin,lagged,955.8786558361483,108,1.2034248151403046,0.45250356688076027,0.45250356688076027
Rain_Lag2,0.006758514024356739,0.0041555086064173595,1.0067814043193353,0.9986146776019729,1.015014918984814,1.6263987551173769,0.10386485549667968,False,Chikungunya,Amazonas,negbin,lagged,955.8786558361483,108,1.2034248151403046,0.45250356688076027,0.45250356688076027
Intercept,-0.622615696857054,7.164163185682065,0.5365391766894726,4.2790033065118346e-07,672760.1441310574,-0.08690696746011904,0.9307454612453445,False,Chikungunya,Bahia,negbin,lagged,1811.6518640768545,108,1.35269818024912,0.9384102525607403,0.9384102525607403
Temp_Avg,-0.7562225691246369,0.48909653567589284,0.4694363453782353,0.17999039708382183,1.2243457758440688,-1.5461621867339481,0.12206540320757721,False,Chikungunya,Bahia,negbin,lagged,1811.6518640768545,108,1.35269818024912,0.9384102525607403,0.9384102525607403
Temp_Lag1,0.35874587953144643,0.6058029891889534,1.4315329735155589,0.4366479655840505,4.693223868617407,0.5921824189275361,0.5537284409971277,False,Chikungunya,Bahia,negbin,lagged,1811.6518640768545,108,1.35269818024912,0.9384102525607403,0.9384102525607403
Temp_Lag2,0.03795940169626961,0.45505001603350076,1.0386890630084296,0.42573481364486265,2.534147866313089,0.08341808671307692,0.9335191075159835,False,Chikungunya,Bahia,negbin,lagged,1811.6518640768545,108,1.35269818024912,0.9384102525607403,0.9384102525607403
Rain_mm,0.00771295680971477,0.015472300327310926,1.007742778282361,0.977641000165114,1.0387713966668088,0.4985009757146613,0.6181309816633724,False,Chikungunya,Bahia,negbin,lagged,1811.6518640768545,108,1.35269818024912,0.9384102525607403,0.9384102525607403
Rain_Lag1,0.03051416269196621,0.017817871136990994,1.0309844914611574,0.9956008400400088,1.0676256777673139,1.7125593993446802,0.08679362803450952,False,Chikungunya,Bahia,negbin,lagged,1811.6518640768545,108,1.35269818024912,0.9384102525607403,0.9384102525607403
Rain_Lag2,-0.0195235685722272,0.01392372300772752,0.9806657820239808,0.9542648116870845,1.0077971693543502,-1.4021801899816468,0.1608614456938715,False,Chikungunya,Bahia,negbin,lagged,1811.6518640768545,108,1.35269818024912,0.9384102525607403,0.9384102525607403
Intercept,-17.325679445026235,10.564740885426954,2.98918656612338e-08,3.038533508284017e-17,29.40641037109567,-1.639953088572702,0.101014921250152,False,Chikungunya,Ceara,negbin,lagged,1864.7547802515844,108,3.4944173467260637,2.013507453644752,2.013507453644752
Temp_Avg,-0.0032613827015641654,0.7982479042921543,0.99674392983003,0.2084976987208662,4.765033224578145,-0.004085676497273355,0.9967401108718134,False,Chikungunya,Ceara,negbin,lagged,1864.7547802515844,108,3.4944173467260637,2.013507453644752,2.013507453644752
Temp_Lag1,0.5144060835254404,1.0272574351590096,1.6726447954373536,0.2233492722817222,12.526302786313668,0.5007567391768892,0.6165423350447696,False,Chikungunya,Ceara,negbin,lagged,1864.7547802515844,108,3.4944173467260637,2.013507453644752,2.013507453644752
Temp_Lag2,-0.2120730344461837,0.8395513062651812,0.8089056174352995,0.15604769290197956,4.193130226727515,-0.25260282827693936,0.8005751442389432,False,Chikungunya,Ceara,negbin,lagged,1864.7547802515844,108,3.4944173467260637,2.013507453644752,2.013507453644752
Rain_mm,-0.0008265527995444543,0.019465710095028944,0.9991737887011248,0.9617705747107852,1.038031611985607,-0.04246199062399143,0.9661304114937683,False,Chikungunya,Ceara,negbin,lagged,1864.7547802515844,108,3.4944173467260637,2.013507453644752,2.013507453644752
Rain_Lag1,0.023689483418609387,0.021865533393262526,1.0239723081389642,0.9810155562176217,1.0688100521851887,1.0834166719165825,0.27862351887994574,False,Chikungunya,Ceara,negbin,lagged,1864.7547802515844,108,3.4944173467260637,2.013507453644752,2.013507453644752
Rain_Lag2,0.029528817879043344,0.021132103388743797,1.0299691165696363,0.9881803032037642,1.0735251225387872,1.3973440000663697,0.16231015036084528,False,Chikungunya,Ceara,negbin,lagged,1864.7547802515844,108,3.4944173467260637,2.013507453644752,2.013507453644752
Intercept,-17.960885448090654,4.612216233482464,1.5837497516814815e-08,1.877970833808875e-12,0.00013356241911723006,-3.8941984804839147,9.852395631889927e-05,True,Chikungunya,Distrito Federal,negbin,lagged,1123.263709871539,108,1.4396694247898447,0.7440598979572742,0.7440598979572742
Temp_Avg,0.06234959497026139,0.2636553999426792,1.0643343656368285,0.6348192356280825,1.7844570206741823,0.2364813881445883,0.8130591478762963,False,Chikungunya,Distrito Federal,negbin,lagged,1123.263709871539,108,1.4396694247898447,0.7440598979572742,0.7440598979572742
Temp_Lag1,-0.16981671601179685,0.2916456447833154,0.8438194610201666,0.47642632740794266,1.4945254740019516,-0.5822707077898109,0.5603843527713439,False,Chikungunya,Distrito Federal,negbin,lagged,1123.263709871539,108,1.4396694247898447,0.7440598979572742,0.7440598979572742
Temp_Lag2,0.4250367270276426,0.24304004115028827,1.529646598004629,0.949972964107309,2.463037163363766,1.748834163358347,0.08031968955635606,False,Chikungunya,Distrito Federal,negbin,lagged,1123.263709871539,108,1.4396694247898447,0.7440598979572742,0.7440598979572742
Rain_mm,0.0046330228929632004,0.0034767004238316127,1.004643771937305,0.9978210673898985,1.0115131274313216,1.3325919199725653,0.182665758197478,False,Chikungunya,Distrito Federal,negbin,lagged,1123.263709871539,108,1.4396694247898447,0.7440598979572742,0.7440598979572742
Rain_Lag1,-0.0018147266045665303,0.0035022312934941727,0.9981869190161571,0.9913584547226437,1.005062417683953,-0.5181629802513641,0.6043445613638372,False,Chikungunya,Distrito Federal,negbin,lagged,1123.263709871539,108,1.4396694247898447,0.7440598979572742,0.7440598979572742
Rain_Lag2,0.0030002917776375264,0.0033798574086232854,1.0030047971577045,0.9963823308468499,1.0096712797649954,0.8876977383669072,0.37470336279463134,False,Chikungunya,Distrito Federal,negbin,lagged,1123.263709871539,108,1.4396694247898447,0.7440598979572742,0.7440598979572742
Intercept,-36.262827492818715,3.821420163410899,1.7834220079469668e-16,9.963125691152572e-20,3.1923656862564866e-13,-9.489358914265914,2.3245946666922782e-21,True,Chikungunya,Espirito Santo,negbin,lagged,1589.6246458789935,108,1.3450391286752679,0.7087698433978717,0.7087698433978717
Temp_Avg,0.3406931362512172,0.2609044152177468,1.4059217482426727,0.843091726260149,2.3444850668263086,1.305815909504176,0.19161516840491422,False,Chikungunya,Espirito Santo,negbin,lagged,1589.6246458789935,108,1.3450391286752679,0.7087698433978717,0.7087698433978717
Temp_Lag1,0.3209525864093731,0.361738534121644,1.3784402225439136,0.6783750719956163,2.8009541116204115,0.8872501990662803,0.3749442112643766,False,Chikungunya,Espirito Santo,negbin,lagged,1589.6246458789935,108,1.3450391286752679,0.7087698433978717,0.7087698433978717
Temp_Lag2,0.5300657424558207,0.2812618253531715,1.6990440042723254,0.9790158611181957,2.948624882498429,1.884598956115833,0.05948400336060112,False,Chikungunya,Espirito Santo,negbin,lagged,1589.6246458789935,108,1.3450391286752679,0.7087698433978717,0.7087698433978717
Rain_mm,-0.00902132857231112,0.0049257797846583885,0.9910192415219162,0.9814974562648415,1.0006334003189357,-1.831451864821189,0.0670331260569541,False,Chikungunya,Espirito Santo,negbin,lagged,1589.6246458789935,108,1.3450391286752679,0.7087698433978717,0.7087698433978717
Rain_Lag1,0.00014505228928363883,0.006119987010267423,1.0001450628098756,0.9882198139245122,1.012214218505216,0.023701404764468696,0.9810907854816351,False,Chikungunya,Espirito Santo,negbin,lagged,1589.6246458789935,108,1.3450391286752679,0.7087698433978717,0.7087698433978717
Rain_Lag2,-0.001597741889129399,0.00496666435277163,0.9984035338209338,0.9887315657979101,1.008170114950967,-0.3216931476832705,0.7476851694964152,False,Chikungunya,Espirito Santo,negbin,lagged,1589.6246458789935,108,1.3450391286752679,0.7087698433978717,0.7087698433978717
Intercept,-30.341811130099984,6.645281194458085,6.64842624528786e-14,1.4660247641517482e-19,3.015063088965469e-08,-4.565918317407534,4.9731240126372925e-06,True,Chikungunya,Goias,negbin,lagged,1402.2671072096325,108,1.580840031111534,1.642091143863721,1.642091143863721
Temp_Avg,0.043809917763212074,0.5688203834792458,1.0447837411820895,0.3426389418672658,3.1857822694926066,0.07701889565778991,0.938608513054681,False,Chikungunya,Goias,negbin,lagged,1402.2671072096325,108,1.580840031111534,1.642091143863721,1.642091143863721
Temp_Lag1,-0.2933311631199435,0.7278728530515515,0.7457751265808015,0.17907296059460073,3.1058878882654706,-0.4029978064028284,0.6869498382198155,False,Chikungunya,Goias,negbin,lagged,1402.2671072096325,108,1.580840031111534,1.642091143863721,1.642091143863721
Temp_Lag2,1.107890610096697,0.5234155838812345,3.02796449545924,1.0854515393177353,8.446778740140413,2.116655759237162,0.03428907411804045,True,Chikungunya,Goias,negbin,lagged,1402.2671072096325,108,1.580840031111534,1.642091143863721,1.642091143863721
Rain_mm,-0.007121076597444996,0.0125513068697462,0.9929042181908533,0.9687762149742345,1.0176331450575604,-0.5673573812946692,0.5704713990929282,False,Chikungunya,Goias,negbin,lagged,1402.2671072096325,108,1.580840031111534,1.642091143863721,1.642091143863721
Rain_Lag1,-0.013545904428925667,0.014092037804818564,0.986545428473781,0.9596695250493191,1.0141740016100833,-0.9612452518608661,0.33642886838255226,False,Chikungunya,Goias,negbin,lagged,1402.2671072096325,108,1.580840031111534,1.642091143863721,1.642091143863721
Rain_Lag2,0.004336242410281318,0.012641812808905384,1.0043456575132055,0.9797658046777507,1.029542156860029,0.3430079590505169,0.7315924725442958,False,Chikungunya,Goias,negbin,lagged,1402.2671072096325,108,1.580840031111534,1.642091143863721,1.642091143863721
Intercept,-105.74331016134275,13.042745754647711,1.1919660853887887e-46,9.42007973700234e-58,1.508249599136806e-35,-8.107442416690649,5.169635396927245e-16,True,Chikungunya,Maranhao,negbin,lagged,1325.9102655702973,108,1.4548326711671764,1.0429147627909408,1.0429147627909408
Temp_Avg,1.7910905946915823,0.6081960531266037,5.9959880946614,1.8203455224381515,19.75002700760221,2.944923081108427,0.003230349597782317,True,Chikungunya,Maranhao,negbin,lagged,1325.9102655702973,108,1.4548326711671764,1.0429147627909408,1.0429147627909408
Temp_Lag1,0.810261603634453,0.7337651709513278,2.248496124501844,0.5337017421128349,9.472959188562907,1.104251926517509,0.26948387018750053,False,Chikungunya,Maranhao,negbin,lagged,1325.9102655702973,108,1.4548326711671764,1.0429147627909408,1.0429147627909408
Temp_Lag2,0.8511066614816056,0.591356787333676,2.342237482188544,0.7349501231789098,7.464556097003944,1.4392439212866672,0.15008142527499102,False,Chikungunya,Maranhao,negbin,lagged,1325.9102655702973,108,1.4548326711671764,1.0429147627909408,1.0429147627909408
Rain_mm,0.008351825283801365,0.008030547529975387,1.0083867990737791,0.9926391766640941,1.024384248024052,1.0400069550210311,0.2983366694125421,False,Chikungunya,Maranhao,negbin,lagged,1325.9102655702973,108,1.4548326711671764,1.0429147627909408,1.0429147627909408
Rain_Lag1,0.012946851584146171,0.008338487177580017,1.013031024934816,0.9966091785796957,1.0297234658655305,1.5526619287677057,0.12050392219243698,False,Chikungunya,Maranhao,negbin,lagged,1325.9102655702973,108,1.4548326711671764,1.0429147627909408,1.0429147627909408
Rain_Lag2,0.013981944864272216,0.007383724709350985,1.014080149418466,0.9995099645405593,1.0288627286645204,1.8936167604630538,0.058275897190359575,False,Chikungunya,Maranhao,negbin,lagged,1325.9102655702973,108,1.4548326711671764,1.0429147627909408,1.0429147627909408
Intercept,-37.44069526807179,9.303603985973883,5.4917738711230285e-17,6.611881410292852e-25,4.5614218374515096e-09,-4.024321684856471,5.713976913025375e-05,True,Chikungunya,Mato Grosso,negbin,lagged,1580.9385686713063,108,2.412485036080238,2.62576127047968,2.62576127047968
Temp_Avg,-0.4394482567274759,0.8384861434975623,0.6443918618927552,0.1245707940243467,3.333372600903991,-0.5240972198949087,0.6002109221117085,False,Chikungunya,Mato Grosso,negbin,lagged,1580.9385686713063,108,2.412485036080238,2.62576127047968,2.62576127047968
Temp_Lag1,0.615246393915872,1.1197183406537121,1.8501123998418132,0.20609840011792757,16.608163334066987,0.5494653178197294,0.5826861594241092,False,Chikungunya,Mato Grosso,negbin,lagged,1580.9385686713063,108,2.412485036080238,2.62576127047968,2.62576127047968
Temp_Lag2,0.9227219092612662,0.7581078629001627,2.516129754530169,0.5694014816462925,11.118532609588035,1.2171380279995618,0.22355170412142888,False,Chikungunya,Mato Grosso,negbin,lagged,1580.9385686713063,108,2.412485036080238,2.62576127047968,2.62576127047968
Rain_mm,-0.006561463379778542,0.01879032643038814,0.9934600160166297,0.9575373956476108,1.0307302961846727,-0.34919368772472176,0.7269439047725075,False,Chikungunya,Mato Grosso,negbin,lagged,1580.9385686713063,108,2.412485036080238,2.62576127047968,2.62576127047968
Rain_Lag1,0.0009664577396775075,0.020729895751853012,1.000966924910447,0.9611121860745818,1.0424743326341788,0.046621447172068745,0.9628149382431894,False,Chikungunya,Mato Grosso,negbin,lagged,1580.9385686713063,108,2.412485036080238,2.62576127047968,2.62576127047968
Rain_Lag2,0.039439268761743265,0.01860890074020162,1.0402273226732182,1.00297022571608,1.0788684001694422,2.119376598991734,0.03405865283471996,True,Chikungunya,Mato Grosso,negbin,lagged,1580.9385686713063,108,2.412485036080238,2.62576127047968,2.62576127047968
Intercept,-16.32594056710175,6.059639037450374,8.123330066792274e-08,5.645016544483305e-13,0.011689689632272172,-2.6942100785546095,0.007055567872236636,True,Chikungunya,Mato Grosso do Sul,negbin,lagged,1605.0004249894132,108,1.563217271332781,2.378568515600328,2.378568515600328
Temp_Avg,0.3316631681383513,0.37844416919499474,1.3932834672016021,0.663592247327268,2.9253488536009753,0.8763859906835045,0.38082023165848466,False,Chikungunya,Mato Grosso do Sul,negbin,lagged,1605.0004249894132,108,1.563217271332781,2.378568515600328,2.378568515600328
Temp_Lag1,0.12380052122804833,0.589980870769809,1.1317900803843643,0.3560934845754031,3.597226126121958,0.2098381953748992,0.8337939610615185,False,Chikungunya,Mato Grosso do Sul,negbin,lagged,1605.0004249894132,108,1.563217271332781,2.378568515600328,2.378568515600328
Temp_Lag2,-0.17712237639196332,0.415757428114075,0.8376772663287354,0.37083170838761353,1.8922416466892977,-0.42602335981202166,0.6700908244153945,False,Chikungunya,Mato Grosso do Sul,negbin,lagged,1605.0004249894132,108,1.563217271332781,2.378568515600328,2.378568515600328
Rain_mm,0.014702735412937939,0.014220984789309964,1.0148113522961606,0.9869159553709472,1.0434952187616424,1.0338760381763512,0.30119411832212595,False,Chikungunya,Mato Grosso do Sul,negbin,lagged,1605.0004249894132,108,1.563217271332781,2.378568515600328,2.378568515600328
Rain_Lag1,0.017839240040374266,0.015311430419052405,1.0179993097066942,0.9879026054422321,1.049012917725223,1.1650929764325901,0.2439813595857574,False,Chikungunya,Mato Grosso do Sul,negbin,lagged,1605.0004249894132,108,1.563217271332781,2.378568515600328,2.378568515600328
Rain_Lag2,0.01592311077649384,0.015106854771506315,1.016050559064067,0.9864069073457622,1.0465850663518657,1.0540321607199865,0.291868193123321,False,Chikungunya,Mato Grosso do Sul,negbin,lagged,1605.0004249894132,108,1.563217271332781,2.378568515600328,2.378568515600328
Intercept,-45.88415195049511,7.866960370605594,1.1824043017847677e-20,2.3783411145308328e-27,5.878382727933113e-14,-5.832513421821518,5.459861145410121e-09,True,Chikungunya,Minas Gerais,negbin,lagged,1939.5777535923494,108,1.7607867715772914,1.7367322180751992,1.7367322180751992
Temp_Avg,0.8482919703387126,0.6258699398935686,2.335654076566035,0.6849474822873745,7.96452298380847,1.3553805931036849,0.17529632950812202,False,Chikungunya,Minas Gerais,negbin,lagged,1939.5777535923494,108,1.7607867715772914,1.7367322180751992,1.7367322180751992
Temp_Lag1,0.23492340579101928,0.7519546311542875,1.2648118877566261,0.2897004933408194,5.522079348095719,0.312416994400846,0.7547236366128591,False,Chikungunya,Minas Gerais,negbin,lagged,1939.5777535923494,108,1.7607867715772914,1.7367322180751992,1.7367322180751992
Temp_Lag2,0.579735965863754,0.47446389870978073,1.7855669178861933,0.7045378129640923,4.525306036926782,1.2218758211957574,0.22175459021943156,False,Chikungunya,Minas Gerais,negbin,lagged,1939.5777535923494,108,1.7607867715772914,1.7367322180751992,1.7367322180751992
Rain_mm,-0.017096302358701236,0.017324690387952504,0.9830490101378989,0.950228596423957,1.017003024293259,-0.9868171941814274,0.3237322640056456,False,Chikungunya,Minas Gerais,negbin,lagged,1939.5777535923494,108,1.7607867715772914,1.7367322180751992,1.7367322180751992
Rain_Lag1,0.003686199013497206,0.021474438161217215,1.0036930014008305,0.962324372324163,1.046839994946798,0.17165520167854603,0.8637086068217663,False,Chikungunya,Minas Gerais,negbin,lagged,1939.5777535923494,108,1.7607867715772914,1.7367322180751992,1.7367322180751992
Rain_Lag2,0.013123004127830157,0.017911998363439804,1.0132094886446459,0.9782553855032381,1.0494125389879048,0.7326376354865871,0.46377947025746713,False,Chikungunya,Minas Gerais,negbin,lagged,1939.5777535923494,108,1.7607867715772914,1.7367322180751992,1.7367322180751992
Intercept,-26.800854586250303,6.807463812566981,2.29370067769719e-12,3.680497800882081e-18,1.4294432665080422e-06,-3.9369808381168827,8.251319294498948e-05,True,Chikungunya,Para,negbin,lagged,1528.0816426238275,108,1.2588528352664832,0.8299486513775952,0.8299486513775952
Temp_Avg,-0.026576396737775815,0.39006540146538055,0.9737736478637377,0.45334376252726605,2.091646992092054,-0.06813318135352374,0.945679616817637,False,Chikungunya,Para,negbin,lagged,1528.0816426238275,108,1.2588528352664832,0.8299486513775952,0.8299486513775952
Temp_Lag1,0.008471502881016476,0.41902030976753385,1.0085074876046682,0.4436105219807926,2.292748485796101,0.02021740398625627,0.9838699443496992,False,Chikungunya,Para,negbin,lagged,1528.0816426238275,108,1.2588528352664832,0.8299486513775952,0.8299486513775952
Temp_Lag2,0.5754500974504682,0.3478654966293455,1.7779305888727686,0.8990952707899189,3.5157978042441203,1.6542316010823475,0.09808046436846492,False,Chikungunya,Para,negbin,lagged,1528.0816426238275,108,1.2588528352664832,0.8299486513775952,0.8299486513775952
Rain_mm,0.023084499998869468,0.00791792503578899,1.0233530092219447,1.00759405662082,1.0393584346813127,2.9154734219543146,0.0035514935507024357,True,Chikungunya,Para,negbin,lagged,1528.0816426238275,108,1.2588528352664832,0.8299486513775952,0.8299486513775952
Rain_Lag1,0.00669371429087399,0.009359913644484694,1.0067161672663547,0.9884159019176658,1.0253552573053208,0.7151470136498796,0.4745182060676779,False,Chikungunya,Para,negbin,lagged,1528.0816426238275,108,1.2588528352664832,0.8299486513775952,0.8299486513775952
Rain_Lag2,0.01000514708642104,0.007982686608076921,1.0100553659130471,0.9943749614427879,1.0259830363482436,1.2533558659684552,0.21007622554144834,False,Chikungunya,Para,negbin,lagged,1528.0816426238275,108,1.2588528352664832,0.8299486513775952,0.8299486513775952
Intercept,-71.984430769808,11.282283925758458,5.464606995229987e-32,1.3610841461430088e-41,2.193981150756798e-22,-6.380306615530313,1.767337733482561e-10,True,Chikungunya,Paraiba,negbin,lagged,1528.4810162218714,108,1.3317765359504308,0.8089485886993206,0.8089485886993206
Temp_Avg,1.4564639486839484,0.6418519298769495,4.2907603229104625,1.2194917409048152,15.096965015115838,2.269158790195068,0.023258671295063343,True,Chikungunya,Paraiba,negbin,lagged,1528.4810162218714,108,1.3317765359504308,0.8089485886993206,0.8089485886993206
Temp_Lag1,0.5338975489245619,0.7888022750524953,1.7055669013369903,0.363434965428722,8.00406876510834,0.6768458532767677,0.4985037618624424,False,Chikungunya,Paraiba,negbin,lagged,1528.4810162218714,108,1.3317765359504308,0.8089485886993206,0.8089485886993206
Temp_Lag2,0.35131751527895844,0.5585437749015489,1.4209384239532095,0.4754810343325661,4.246364962801931,0.6289883283380663,0.5293566974210422,False,Chikungunya,Paraiba,negbin,lagged,1528.4810162218714,108,1.3317765359504308,0.8089485886993206,0.8089485886993206
Rain_mm,0.026564133309745535,0.010414801219815637,1.026920104934998,1.0061700799245137,1.0480980531629647,2.5506135690044185,0.010753348251738088,True,Chikungunya,Paraiba,negbin,lagged,1528.4810162218714,108,1.3317765359504308,0.8089485886993206,0.8089485886993206
Rain_Lag1,0.032015884903078426,0.010051044908005083,1.0325339068758852,1.0123919891074633,1.0530765556415442,3.185329007691489,0.0014458952255530443,True,Chikungunya,Paraiba,negbin,lagged,1528.4810162218714,108,1.3317765359504308,0.8089485886993206,0.8089485886993206
Rain_Lag2,0.030113139670078712,0.009945193789637674,1.0305711258349786,1.0106771581792853,1.0508566823832108,3.027908787605013,0.0024625240253898376,True,Chikungunya,Paraiba,negbin,lagged,1528.4810162218714,108,1.3317765359504308,0.8089485886993206,0.8089485886993206
Intercept,-29.36944213576195,3.37265797122814,1.7579776276544398e-13,2.366731119347925e-16,1.305803314144538e-10,-8.708099779553747,3.0901124231929215e-18,True,Chikungunya,Parana,negbin,lagged,1323.9535609712987,108,2.1047097402587642,1.3187571263327575,1.3187571263327575
Temp_Avg,0.2706674672069354,0.2132981891832392,1.3108391009140472,0.8629513318888546,1.9911889407761634,1.2689627991844397,0.2044543324184368,False,Chikungunya,Parana,negbin,lagged,1323.9535609712987,108,2.1047097402587642,1.3187571263327575,1.3187571263327575
Temp_Lag1,0.3299413619872424,0.30312256510525226,1.3908865672482351,0.7678361878782415,2.519502822988007,1.0884750921551416,0.27638542660982046,False,Chikungunya,Parana,negbin,lagged,1323.9535609712987,108,2.1047097402587642,1.3187571263327575,1.3187571263327575
Temp_Lag2,0.2406325491055675,0.23639496861806275,1.2720535322130964,0.8003536476863496,2.0217564991344172,1.0179258488971958,0.30871319634217054,False,Chikungunya,Parana,negbin,lagged,1323.9535609712987,108,2.1047097402587642,1.3187571263327575,1.3187571263327575
Rain_mm,0.0019463074674969725,0.006657010847887147,1.0019482027532796,0.9889599597263968,1.0151070234211135,0.2923695802771159,0.7700040640481621,False,Chikungunya,Parana,negbin,lagged,1323.9535609712987,108,2.1047097402587642,1.3187571263327575,1.3187571263327575
Rain_Lag1,0.007834058277052481,0.006784729765797463,1.0078648248013669,0.9945508884987027,1.021356993210524,1.1546603250942717,0.24822955264776714,False,Chikungunya,Parana,negbin,lagged,1323.9535609712987,108,2.1047097402587642,1.3187571263327575,1.3187571263327575
Rain_Lag2,0.0032457772794936657,0.00663512732437621,1.003251050518277,0.9902883929385862,1.0163833864388698,0.4891808583038475,0.6247136600448591,False,Chikungunya,Parana,negbin,lagged,1323.9535609712987,108,2.1047097402587642,1.3187571263327575,1.3187571263327575
Intercept,-14.891844028200632,5.3496175473003715,3.408429482058191e-07,9.525064522629737e-12,0.012196653898315105,-2.783721246711486,0.005373919727456678,True,Chikungunya,Pernambuco,negbin,lagged,1744.487524591466,108,1.844494379259527,0.7633281751185543,0.7633281751185543
Temp_Avg,0.4808931957976721,0.4071049979348734,1.6175185179006888,0.7283070118174464,3.592394571655512,1.181251024274094,0.23750301693525422,False,Chikungunya,Pernambuco,negbin,lagged,1744.487524591466,108,1.844494379259527,0.7633281751185543,0.7633281751185543
Temp_Lag1,-0.41578939537243387,0.4827509587415638,0.6598192168329255,0.25615276492133887,1.6996162389100462,-0.8612917029855611,0.3890774042161801,False,Chikungunya,Pernambuco,negbin,lagged,1744.487524591466,108,1.844494379259527,0.7633281751185543,0.7633281751185543
Temp_Lag2,0.13474403877796642,0.3680557533652382,1.144243864806951,0.5561900437555756,2.354040739937684,0.36609681426241386,0.7142928346078345,False,Chikungunya,Pernambuco,negbin,lagged,1744.487524591466,108,1.844494379259527,0.7633281751185543,0.7633281751185543
Rain_mm,-0.0017848150308068364,0.012613989636503882,0.9982167768043556,0.9738400245041925,1.0232037176752813,-0.14149488641101493,0.8874789994556458,False,Chikungunya,Pernambuco,negbin,lagged,1744.487524591466,108,1.844494379259527,0.7633281751185543,0.7633281751185543
Rain_Lag1,0.02154688673980118,0.011149391205218783,1.021780697179958,0.9996941267663311,1.0443552334419128,1.9325617285467174,0.05329021087959042,False,Chikungunya,Pernambuco,negbin,lagged,1744.487524591466,108,1.844494379259527,0.7633281751185543,0.7633281751185543
Rain_Lag2,0.029978900682360386,0.01185885876410464,1.0304327922953598,1.0067582722523725,1.0546640327693713,2.527975185361256,0.011472246009743742,True,Chikungunya,Pernambuco,negbin,lagged,1744.487524591466,108,1.844494379259527,0.7633281751185543,0.7633281751185543
Intercept,-0.3146637474901065,14.041583357926463,0.7300343088714101,8.145283759170852e-13,654305126606.9222,-0.022409420609427147,0.9821213656801734,False,Chikungunya,Piaui,negbin,lagged,1405.6827673147914,108,2.085096533613575,1.8342023612379206,1.8342023612379206
Temp_Avg,-0.0871026016036614,0.6614792011925374,0.9165830479179063,0.250674038320074,3.35146187998042,-0.1316785190624737,0.895238576853657,False,Chikungunya,Piaui,negbin,lagged,1405.6827673147914,108,2.085096533613575,1.8342023612379206,1.8342023612379206
Temp_Lag1,-0.4391697221696679,0.5862907048794824,0.6445713722938272,0.20427268148739572,2.0339100214258634,-0.7490647873394878,0.45381815733222064,False,Chikungunya,Piaui,negbin,lagged,1405.6827673147914,108,2.085096533613575,1.8342023612379206,1.8342023612379206
Temp_Lag2,0.24013202067495476,0.5930738515389998,1.2714169925713457,0.3976063918126103,4.065581445081529,0.40489396059499677,0.6855554578892513,False,Chikungunya,Piaui,negbin,lagged,1405.6827673147914,108,2.085096533613575,1.8342023612379206,1.8342023612379206
Rain_mm,-0.008814251554641238,0.017272279470517054,0.991224480080265,0.9582295467597589,1.0253555353545407,-0.5103120042543742,0.6098328940757457,False,Chikungunya,Piaui,negbin,lagged,1405.6827673147914,108,2.085096533613575,1.8342023612379206,1.8342023612379206
Rain_Lag1,-0.015430813693253212,0.01747298629352133,0.9846876312955716,0.9515358964117343,1.018994380435784,-0.8831240083427914,0.3771692738150847,False,Chikungunya,Piaui,negbin,lagged,1405.6827673147914,108,2.085096533613575,1.8342023612379206,1.8342023612379206
Rain_Lag2,-0.027275523846545385,0.016964554768393116,0.9730930942331767,0.9412692475125483,1.0059928894380188,-1.6077948533823458,0.10788011600478119,False,Chikungunya,Piaui,negbin,lagged,1405.6827673147914,108,2.085096533613575,1.8342023612379206,1.8342023612379206
Intercept,0.9621160714188577,3.8163003924068453,2.617228861084573,0.001476866452351545,4638.122086385872,0.2521070074392323,0.8009583537181083,False,Chikungunya,Rio Grande do Norte,negbin,lagged,1619.9925867190154,108,1.5634846936529927,0.8716195233990943,0.8716195233990943
Temp_Avg,0.15799082741858161,0.31176784265779106,1.1711554521396628,0.6356710005672332,2.1577279628180657,0.5067579326710699,0.6123246763350456,False,Chikungunya,Rio Grande do Norte,negbin,lagged,1619.9925867190154,108,1.5634846936529927,0.8716195233990943,0.8716195233990943
Temp_Lag1,-0.35785918316949095,0.41118696339281274,0.6991715231926604,0.31230168120090174,1.5652839810653358,-0.870307706783065,0.38413226838681336,False,Chikungunya,Rio Grande do Norte,negbin,lagged,1619.9925867190154,108,1.5634846936529927,0.8716195233990943,0.8716195233990943
Temp_Lag2,-0.1327594229345378,0.3054092669714325,0.8756757342683656,0.48125327596729384,1.5933564089412118,-0.43469349915618605,0.6637849176934638,False,Chikungunya,Rio Grande do Norte,negbin,lagged,1619.9925867190154,108,1.5634846936529927,0.8716195233990943,0.8716195233990943
Rain_mm,-0.006369691180631562,0.012151105370877924,0.9936505522978627,0.9702651855263926,1.0175995540293354,-0.5242067273893904,0.6001347622944586,False,Chikungunya,Rio Grande do Norte,negbin,lagged,1619.9925867190154,108,1.5634846936529927,0.8716195233990943,0.8716195233990943
Rain_Lag1,-0.0066836263820198305,0.013650838797132414,0.9933386593712634,0.9671136418490692,1.0202748151860832,-0.4896128715126163,0.6244078665076028,False,Chikungunya,Rio Grande do Norte,negbin,lagged,1619.9925867190154,108,1.5634846936529927,0.8716195233990943,0.8716195233990943
Rain_Lag2,-0.0038892478264313554,0.011764777281821927,0.9961183055024675,0.9734116519441653,1.019354634368012,-0.33058405894693277,0.7409586889399536,False,Chikungunya,Rio Grande do Norte,negbin,lagged,1619.9925867190154,108,1.5634846936529927,0.8716195233990943,0.8716195233990943
Intercept,-17.36645024488589,2.280374066574189,2.869766016415048e-08,3.286645745859936e-10,2.505763512646507e-06,-7.615614692099856,2.6243948548499594e-14,True,Chikungunya,Rio Grande do Sul,negbin,lagged,1083.0755809348927,108,1.9002405401269993,0.9252920188764149,0.9252920188764149
Temp_Avg,0.17013338555661967,0.1895128844031496,1.1854629644124899,0.8176573907146669,1.718717956875969,0.8977404681082051,0.36932392935881486,False,Chikungunya,Rio Grande do Sul,negbin,lagged,1083.0755809348927,108,1.9002405401269993,0.9252920188764149,0.9252920188764149
Temp_Lag1,0.16257256321658653,0.25023371163185687,1.1765336884201474,0.7204454976492136,1.921354945660999,0.6496828990642269,0.5158970723940022,False,Chikungunya,Rio Grande do Sul,negbin,lagged,1083.0755809348927,108,1.9002405401269993,0.9252920188764149,0.9252920188764149
Temp_Lag2,-0.08009797333793056,0.1794293632676468,0.9230259100271304,0.6493525266799991,1.3120405258718062,-0.4464039323288016,0.6553054928236226,False,Chikungunya,Rio Grande do Sul,negbin,lagged,1083.0755809348927,108,1.9002405401269993,0.9252920188764149,0.9252920188764149
Rain_mm,0.0007004667064633269,0.003559418073998625,1.0007007120905578,0.9937436601884007,1.0077064692807167,0.19679247896733512,0.8439899369459898,False,Chikungunya,Rio Grande do Sul,negbin,lagged,1083.0755809348927,108,1.9002405401269993,0.9252920188764149,0.9252920188764149
Rain_Lag1,0.00507513020810361,0.003638566239489247,1.0050880304957317,0.9979456534430663,1.0122815261136082,1.3948159450894086,0.16307134931190193,False,Chikungunya,Rio Grande do Sul,negbin,lagged,1083.0755809348927,108,1.9002405401269993,0.9252920188764149,0.9252920188764149
Rain_Lag2,0.0005491188207127163,0.0033237092076901964,1.0005492696140523,0.9940524061540507,1.0070885948542947,0.1652126544169985,0.8687766053514792,False,Chikungunya,Rio Grande do Sul,negbin,lagged,1083.0755809348927,108,1.9002405401269993,0.9252920188764149,0.9252920188764149
Intercept,-29.411085056092624,5.417501160337217,1.6862736486250783e-13,4.125323098132464e-18,6.8928390586778195e-09,-5.428902400874041,5.670167925128046e-08,True,Chikungunya,Rio de Janeiro,negbin,lagged,1736.029380871422,108,1.430159642120072,1.5426947588819788,1.5426947588819788
Temp_Avg,0.17083959265923704,0.3858291953111159,1.1863004424595143,0.5568910664132637,2.5270808326009093,0.4427855505374066,0.6579208557507379,False,Chikungunya,Rio de Janeiro,negbin,lagged,1736.029380871422,108,1.430159642120072,1.5426947588819788,1.5426947588819788
Temp_Lag1,0.24414714055967646,0.4906699308237308,1.2765321463259076,0.48793849112248794,3.339630609699868,0.49757917741118796,0.6187806832120963,False,Chikungunya,Rio de Janeiro,negbin,lagged,1736.029380871422,108,1.430159642120072,1.5426947588819788,1.5426947588819788
Temp_Lag2,0.38390005176024494,0.34622092161585855,1.4679987104622745,0.744760227559552,2.893575857266872,1.1088297320928295,0.2675036415903582,False,Chikungunya,Rio de Janeiro,negbin,lagged,1736.029380871422,108,1.430159642120072,1.5426947588819788,1.5426947588819788
Rain_mm,0.020299059908309117,0.005661832634997454,1.0205064869722955,1.0092443352902318,1.0318943129396385,3.58524548797763,0.00033676128203624005,True,Chikungunya,Rio de Janeiro,negbin,lagged,1736.029380871422,108,1.430159642120072,1.5426947588819788,1.5426947588819788
Rain_Lag1,0.009128829555660252,0.006269166491441791,1.0091706244027248,0.996846246792785,1.02164737283611,1.456147251492246,0.14535191768442846,False,Chikungunya,Rio de Janeiro,negbin,lagged,1736.029380871422,108,1.430159642120072,1.5426947588819788,1.5426947588819788
Rain_Lag2,0.01622881873113776,0.005585596735377806,1.01636122128583,1.0052950184498155,1.0275492399499948,2.9054762633235556,0.003666946611549709,True,Chikungunya,Rio de Janeiro,negbin,lagged,1736.029380871422,108,1.430159642120072,1.5426947588819788,1.5426947588819788
Intercept,-32.888606941411176,6.309214820749949,5.207862242895543e-15,2.2189494647352306e-20,1.2222824166125488e-09,-5.212789210037051,1.860222317674224e-07,True,Chikungunya,Rondonia,negbin,lagged,1287.5217815415622,108,2.5627475427433195,1.1971832387861407,1.1971832387861407
Temp_Avg,0.21242439419543468,0.2074996087314664,1.2366726104029448,0.8234315621264078,1.8572996417230565,1.0237339506039342,0.30596095488982156,False,Chikungunya,Rondonia,negbin,lagged,1287.5217815415622,108,2.5627475427433195,1.1971832387861407,1.1971832387861407
Temp_Lag1,0.2575567268943839,0.20249478749925287,1.2937652001805937,0.8699382415266601,1.924077265830871,1.2719178111946916,0.20340232275351022,False,Chikungunya,Rondonia,negbin,lagged,1287.5217815415622,108,2.5627475427433195,1.1971832387861407,1.1971832387861407
Temp_Lag2,0.47459255010280677,0.18604335714720216,1.6073591457257805,1.1162195456391304,2.31460148986101,2.550978209489615,0.010742104183299775,True,Chikungunya,Rondonia,negbin,lagged,1287.5217815415622,108,2.5627475427433195,1.1971832387861407,1.1971832387861407
Rain_mm,-0.013978134222235636,0.004507857204561469,0.9861191062883531,0.9774447266546944,0.9948704671159114,-3.100837845549158,0.0019297393504141547,True,Chikungunya,Rondonia,negbin,lagged,1287.5217815415622,108,2.5627475427433195,1.1971832387861407,1.1971832387861407
Rain_Lag1,-0.00813876846876564,0.004663271790911832,0.9918942616384547,0.9828696408803225,1.0010017456537685,-1.7452914678117502,0.08093414637140453,False,Chikungunya,Rondonia,negbin,lagged,1287.5217815415622,108,2.5627475427433195,1.1971832387861407,1.1971832387861407
Rain_Lag2,-0.00723128333918337,0.004039243567820206,0.9927947994815587,0.9849659561100997,1.0006858691545,-1.7902568185769892,0.07341263467574412,False,Chikungunya,Rondonia,negbin,lagged,1287.5217815415622,108,2.5627475427433195,1.1971832387861407,1.1971832387861407
Intercept,6.281572354585522,1.983481515194303,534.6286290673733,10.956671989380144,26087.097550743547,3.166942724933928,0.0015405065608641443,True,Chikungunya,Roraima,negbin,lagged,1133.1230718829906,105,2.1136517914417294,1.1395815920761136,1.1395815920761136
Temp_Avg,-0.4450900968496896,0.15427470252831554,0.6407665423846926,0.47356385698835357,0.8670040075497814,-2.8850491334961275,0.003913525786551563,True,Chikungunya,Roraima,negbin,lagged,1133.1230718829906,105,2.1136517914417294,1.1395815920761136,1.1395815920761136
Temp_Lag1,-0.01687076164413323,0.13621355432280494,0.9832707527191509,0.7528800740192305,1.2841638482893234,-0.12385523399640648,0.9014298980414381,False,Chikungunya,Roraima,negbin,lagged,1133.1230718829906,105,2.1136517914417294,1.1395815920761136,1.1395815920761136
Temp_Lag2,-0.08446202342614535,0.14718428160246752,0.9190065554344605,0.688704339556795,1.2263216599956728,-0.5738521974396033,0.5660678232971628,False,Chikungunya,Roraima,negbin,lagged,1133.1230718829906,105,2.1136517914417294,1.1395815920761136,1.1395815920761136
Rain_mm,-0.001111476482787021,0.004325536315981142,0.9988891409784132,0.9904563052359983,1.007393774657075,-0.2569569185399175,0.7972120306427886,False,Chikungunya,Roraima,negbin,lagged,1133.1230718829906,105,2.1136517914417294,1.1395815920761136,1.1395815920761136
Rain_Lag1,-0.004892781368887167,0.0045261304516270775,0.9951191687880955,0.9863302936519666,1.003986358791623,-1.0810075894141062,0.2796937376777733,False,Chikungunya,Roraima,negbin,lagged,1133.1230718829906,105,2.1136517914417294,1.1395815920761136,1.1395815920761136
Rain_Lag2,-0.0031979702992908205,0.004336431736456987,0.996807137761134,0.9883707718280669,1.0053155133814415,-0.73746584603305,0.46083910567358033,False,Chikungunya,Roraima,negbin,lagged,1133.1230718829906,105,2.1136517914417294,1.1395815920761136,1.1395815920761136
Intercept,-19.232432435013532,2.2409675853929962,4.440794944325556e-09,5.494277634644402e-11,3.589308922650351e-07,-8.582200189049482,9.307547589238022e-18,True,Chikungunya,Santa Catarina,negbin,lagged,1152.5457287205777,108,1.8776175975076341,0.662171732628988,0.662171732628988
Temp_Avg,0.2687791609214875,0.16238979771937379,1.3083661707601677,0.9517005494121472,1.7986981701828308,1.6551480739323627,0.09789446525222677,False,Chikungunya,Santa Catarina,negbin,lagged,1152.5457287205777,108,1.8776175975076341,0.662171732628988,0.662171732628988
Temp_Lag1,0.05772171788542906,0.20235092273491537,1.059420137009293,0.7125636121065628,1.5751169546571517,0.28525552097949125,0.7754483868534717,False,Chikungunya,Santa Catarina,negbin,lagged,1152.5457287205777,108,1.8776175975076341,0.662171732628988,0.662171732628988
Temp_Lag2,0.09932859181615418,0.1519125020843357,1.104429146320382,0.8200254420875362,1.4874706035178844,0.6538539649686695,0.5132058949708411,False,Chikungunya,Santa Catarina,negbin,lagged,1152.5457287205777,108,1.8776175975076341,0.662171732628988,0.662171732628988
Rain_mm,-0.00042520290481410625,0.002843377312996294,0.9995748874811298,0.9940197309837808,1.0051610894021743,-0.14954149872077158,0.8811263662421454,False,Chikungunya,Santa Catarina,negbin,lagged,1152.5457287205777,108,1.8776175975076341,0.662171732628988,0.662171732628988
Rain_Lag1,0.001265578870199689,0.003039778884011202,1.0012663800530892,0.9953186043091902,1.0072496982214405,0.4163391215250725,0.6771618692918466,False,Chikungunya,Santa Catarina,negbin,lagged,1152.5457287205777,108,1.8776175975076341,0.662171732628988,0.662171732628988
Rain_Lag2,-0.005003817246116902,0.0029920520438619105,0.9950086809924091,0.9891906066832947,1.0008609751863848,-1.6723697224391725,0.0944514387308302,False,Chikungunya,Santa Catarina,negbin,lagged,1152.5457287205777,108,1.8776175975076341,0.662171732628988,0.662171732628988
Intercept,-28.471960163996023,2.841776592442804,4.313053167803815e-13,1.643674213008953e-15,1.1317588048210865e-10,-10.019070548934812,1.2567925250523504e-23,True,Chikungunya,Sao Paulo,negbin,lagged,1678.8395323787838,108,1.2864641836438204,0.7100521553826863,0.7100521553826863
Temp_Avg,0.3180585225927891,0.2268236452139592,1.3744566956434283,0.8811602076930023,2.143913435611278,1.402228247821207,0.16084709891299298,False,Chikungunya,Sao Paulo,negbin,lagged,1678.8395323787838,108,1.2864641836438204,0.7100521553826863,0.7100521553826863
Temp_Lag1,0.07145998608990449,0.31827177288128583,1.0740751718940806,0.5755940225467817,2.0042554816238316,0.22452505116298452,0.8223487764382655,False,Chikungunya,Sao Paulo,negbin,lagged,1678.8395323787838,108,1.2864641836438204,0.7100521553826863,0.7100521553826863
Temp_Lag2,0.44440731685865215,0.21394917472545572,1.5595655936264938,1.0253837516703754,2.3720337257747364,2.077163033832336,0.037786514418264146,True,Chikungunya,Sao Paulo,negbin,lagged,1678.8395323787838,108,1.2864641836438204,0.7100521553826863,0.7100521553826863
Rain_mm,-0.011758373532070297,0.0063351967127418165,0.9883104859857622,0.9761145241951101,1.0006588289574254,-1.8560392147604485,0.06344796873729996,False,Chikungunya,Sao Paulo,negbin,lagged,1678.8395323787838,108,1.2864641836438204,0.7100521553826863,0.7100521553826863
Rain_Lag1,-0.002897988387406453,0.0072293651849120785,0.9971062067274971,0.9830772812731707,1.0113353308367534,-0.40086346633237585,0.6885206489400457,False,Chikungunya,Sao Paulo,negbin,lagged,1678.8395323787838,108,1.2864641836438204,0.7100521553826863,0.7100521553826863
Rain_Lag2,-0.0071756705197997765,0.0060776426914529785,0.9928500131347064,0.9810931692305482,1.0047477441461463,-1.1806667295349496,0.23773514338479973,False,Chikungunya,Sao Paulo,negbin,lagged,1678.8395323787838,108,1.2864641836438204,0.7100521553826863,0.7100521553826863
Intercept,-11.794068267895483,5.9312534527366445,7.5492052292340884e-06,6.747087887196204e-11,0.8446681078698396,-1.9884613533845483,0.04676068911918314,True,Chikungunya,Sergipe,negbin,lagged,1403.9083238262874,108,0.8119913376823464,1.2792834224320877,1.2792834224320877
Temp_Avg,-0.12789518101708602,0.4154433476552697,0.8799456093146111,0.38978337518466566,1.9864989751941673,-0.3078522781479511,0.7581947398228692,False,Chikungunya,Sergipe,negbin,lagged,1403.9083238262874,108,0.8119913376823464,1.2792834224320877,1.2792834224320877
Temp_Lag1,-0.16058460361848437,0.5491984187747634,0.8516457682102644,0.29024975444486417,2.4988841623575926,-0.29239815361584853,0.7699822197801103,False,Chikungunya,Sergipe,negbin,lagged,1403.9083238262874,108,0.8119913376823464,1.2792834224320877,1.2792834224320877
Temp_Lag2,0.4263568858816965,0.40377767205804144,1.531667308040203,0.6941637805061954,3.3796127202263095,1.0559199167912618,0.2910048039169134,False,Chikungunya,Sergipe,negbin,lagged,1403.9083238262874,108,0.8119913376823464,1.2792834224320877,1.2792834224320877
Rain_mm,-0.011139413193212318,0.006388690027116481,0.9889224003348853,0.9766164868154067,1.001383375241913,-1.7436145979741742,0.08122631608294005,False,Chikungunya,Sergipe,negbin,lagged,1403.9083238262874,108,0.8119913376823464,1.2792834224320877,1.2792834224320877
Rain_Lag1,-0.011476299783877063,0.007044562714393637,0.9885893017503781,0.975033311717245,1.0023337621296726,-1.6291003784278026,0.10329177114278139,False,Chikungunya,Sergipe,negbin,lagged,1403.9083238262874,108,0.8119913376823464,1.2792834224320877,1.2792834224320877
Rain_Lag2,-0.01362408241178564,0.0066620378279666475,0.9864683053568873,0.9736711345488482,0.9994336721552142,-2.0450322804522276,0.040851675738937485,True,Chikungunya,Sergipe,negbin,lagged,1403.9083238262874,108,0.8119913376823464,1.2792834224320877,1.2792834224320877
Intercept,-63.39128513467735,12.45255483694873,2.947913020038613e-28,7.407744534539747e-39,1.1731224171127697e-17,-5.090624852868363,3.56885488396757e-07,True,Chikungunya,Tocantins,negbin,lagged,1468.498957325655,108,1.6936712095816897,1.2104742979763226,1.2104742979763226
Temp_Avg,1.0326413860851986,0.5723951691276123,2.808474311034369,0.9146140139316552,8.623887055736029,1.8040707570244656,0.07122021534557864,False,Chikungunya,Tocantins,negbin,lagged,1468.498957325655,108,1.6936712095816897,1.2104742979763226,1.2104742979763226
Temp_Lag1,0.32024509005627083,0.629432224642137,1.3774653260220269,0.4011410891695535,4.730033336452788,0.5087840716104833,0.61090358544832,False,Chikungunya,Tocantins,negbin,lagged,1468.498957325655,108,1.6936712095816897,1.2104742979763226,1.2104742979763226
Temp_Lag2,0.6845872806138478,0.4747688051233834,1.9829532633748506,0.7819538328717585,5.028562402831575,1.441938209137259,0.1493198059449031,False,Chikungunya,Tocantins,negbin,lagged,1468.498957325655,108,1.6936712095816897,1.2104742979763226,1.2104742979763226
Rain_mm,0.005063061754278057,0.009955549493673527,1.005075900710439,0.9856540822916458,1.024880416302074,0.5085667805172875,0.6110559187964355,False,Chikungunya,Tocantins,negbin,lagged,1468.498957325655,108,1.6936712095816897,1.2104742979763226,1.2104742979763226
Rain_Lag1,0.009514506666883669,0.009738499313911528,1.0095599134789937,0.990472722852621,1.0290149293241753,0.9769992644854547,0.32856951649861055,False,Chikungunya,Tocantins,negbin,lagged,1468.498957325655,108,1.6936712095816897,1.2104742979763226,1.2104742979763226
Rain_Lag2,0.015981686828235156,0.00858494752702033,1.0161100770373335,0.9991555464270481,1.0333523067043302,1.8615940025182767,0.06266033931298193,False,Chikungunya,Tocantins,negbin,lagged,1468.498957325655,108,1.6936712095816897,1.2104742979763226,1.2104742979763226
Intercept,-17.068114494955864,7.495993772827676,3.867337357762696e-08,1.6095087564470957e-14,0.09292461553152513,-2.276964871132403,0.022788323457962455,True,Zika,Acre,negbin,lagged,1200.5411061043692,120,1.9986012286994537,1.2243167705853772,1.2243167705853772
Temp_Avg,-0.17818721362646933,0.2837496892680334,0.8367857511285787,0.47982366623152417,1.4593077469295868,-0.6279732467236344,0.5300214659263842,False,Zika,Acre,negbin,lagged,1200.5411061043692,120,1.9986012286994537,1.2243167705853772,1.2243167705853772
Temp_Lag1,0.013561305655117463,0.32745670845001873,1.0136536772481413,0.5335226023841495,1.9258673818262309,0.04141404132261773,0.9669658190442992,False,Zika,Acre,negbin,lagged,1200.5411061043692,120,1.9986012286994537,1.2243167705853772,1.2243167705853772
Temp_Lag2,0.45366663071723445,0.3010133062697516,1.5740731623567705,0.8725638478149955,2.8395702236074967,1.5071314831201625,0.13177695835785272,False,Zika,Acre,negbin,lagged,1200.5411061043692,120,1.9986012286994537,1.2243167705853772,1.2243167705853772
Rain_mm,-7.082105743713e-06,0.0033411303064717628,0.9999929179193343,0.9934657441977744,1.0065629758541046,-0.0021196736116502178,0.9983087464177948,False,Zika,Acre,negbin,lagged,1200.5411061043692,120,1.9986012286994537,1.2243167705853772,1.2243167705853772
Rain_Lag1,-0.005267772876698023,0.0033604033170865563,0.994746077507943,0.9882158204104663,1.0013194873832627,-1.5676013798442328,0.11697418989928765,False,Zika,Acre,negbin,lagged,1200.5411061043692,120,1.9986012286994537,1.2243167705853772,1.2243167705853772
Rain_Lag2,0.0044106449141473394,0.0033918366458769843,1.0044203861248349,0.9977651461011635,1.0111200175766353,1.3003706766093197,0.19347395512203824,False,Zika,Acre,negbin,lagged,1200.5411061043692,120,1.9986012286994537,1.2243167705853772,1.2243167705853772
Intercept,-61.67484703078152,8.167851591462322,1.640417003690325e-27,1.8295261735132383e-34,1.4708551235585107e-20,-7.5509265000907835,4.3217269763249845e-14,True,Zika,Alagoas,negbin,lagged,1283.3533559936288,120,2.172534618625391,1.4031436759429254,1.4031436759429254
Temp_Avg,0.8956217790439808,0.5431546037277121,2.44885796474909,0.8445416335857873,7.100781172922361,1.6489260569592141,0.09916278416170453,False,Zika,Alagoas,negbin,lagged,1283.3533559936288,120,2.172534618625391,1.4031436759429254,1.4031436759429254
Temp_Lag1,0.7979643262857568,0.6448419611178531,2.2210150614815376,0.6275537730744163,7.86053421232938,1.2374571978883964,0.2159173952714074,False,Zika,Alagoas,negbin,lagged,1283.3533559936288,120,2.172534618625391,1.4031436759429254,1.4031436759429254
Temp_Lag2,0.1720836165030472,0.5081343375148584,1.1877771468331368,0.43873500341976324,3.2156416505232865,0.3386577206032948,0.73486759446841,False,Zika,Alagoas,negbin,lagged,1283.3533559936288,120,2.172534618625391,1.4031436759429254,1.4031436759429254
Rain_mm,0.030815267123023488,0.013786601794483863,1.0312949722011053,1.003800732139001,1.059542283278591,2.2351604537786054,0.02540681669711869,True,Zika,Alagoas,negbin,lagged,1283.3533559936288,120,2.172534618625391,1.4031436759429254,1.4031436759429254
Rain_Lag1,0.05691805407635804,0.012358182247531936,1.0585690614217091,1.0332364050627734,1.0845228181164979,4.60569790413353,4.110848143497594e-06,True,Zika,Alagoas,negbin,lagged,1283.3533559936288,120,2.172534618625391,1.4031436759429254,1.4031436759429254
Rain_Lag2,0.04673119266995461,0.012641319743921268,1.047840304064716,1.022196972881669,1.0741269363449177,3.696702054579853,0.0002184184302338186,True,Zika,Alagoas,negbin,lagged,1283.3533559936288,120,2.172534618625391,1.4031436759429254,1.4031436759429254
Intercept,-42.924642243959326,5.9184948307963,2.280682004293344e-19,2.0899708521442868e-24,2.4887956687868705e-14,-7.252628154814838,4.087611676907732e-13,True,Zika,Amapa,negbin,lagged,915.7064925676299,116,1.2441235671421655,0.9921784143033526,0.9921784143033526
Temp_Avg,0.4542096366979219,0.43157804346150014,1.57492812560204,0.6759181240886593,3.669673163678926,1.0524391673285869,0.29259810669947417,False,Zika,Amapa,negbin,lagged,915.7064925676299,116,1.2441235671421655,0.9921784143033526,0.9921784143033526
Temp_Lag1,0.024272717042538125,0.5740469506680901,1.0245696974108638,0.33258516835179974,3.156313524306648,0.04228350488455506,0.9662726947208561,False,Zika,Amapa,negbin,lagged,915.7064925676299,116,1.2441235671421655,0.9921784143033526,0.9921784143033526
Temp_Lag2,0.7531142250093946,0.47445407666942885,2.1236031074279613,0.83793414688054,5.381914765815857,1.5873279671156024,0.11243838426886577,False,Zika,Amapa,negbin,lagged,915.7064925676299,116,1.2441235671421655,0.9921784143033526,0.9921784143033526
Rain_mm,3.4534164101687326e-06,0.0039393404085463785,1.0000034534223732,0.9923120508398372,1.007754472003361,0.0008766483857745738,0.9993005358773288,False,Zika,Amapa,negbin,lagged,915.7064925676299,116,1.2441235671421655,0.9921784143033526,0.9921784143033526
Rain_Lag1,-0.003925893084117595,0.004141249998467345,0.9960818031592993,0.988029480535138,1.0041997512540777,-0.947997122987153,0.3431309188421099,False,Zika,Amapa,negbin,lagged,915.7064925676299,116,1.2441235671421655,0.9921784143033526,0.9921784143033526
Rain_Lag2,-0.0046603875134008065,0.0035681788721278296,0.9953504552421331,0.9884136269323732,1.0023359672058691,-1.3060969420015804,0.1915195927751795,False,Zika,Amapa,negbin,lagged,915.7064925676299,116,1.2441235671421655,0.9921784143033526,0.9921784143033526
Intercept,-21.787898394780623,11.929868261017784,3.448545455911334e-10,2.4139433943675277e-20,4.9265719275917945,-1.8263318519597642,0.06780029015296776,False,Zika,Amazonas,negbin,lagged,1229.8365292208473,120,2.62564714930361,1.6050626526501413,1.6050626526501413
Temp_Avg,0.06328091630647902,0.6507351031727407,1.0653260646639673,0.29755390238764573,3.814164811637626,0.09724527845193068,0.922531611406314,False,Zika,Amazonas,negbin,lagged,1229.8365292208473,120,2.62564714930361,1.6050626526501413,1.6050626526501413
Temp_Lag1,0.2914000295406114,0.8170841862659964,1.3382998363532477,0.26979712925362914,6.638493363283396,0.35663403409174294,0.7213657951934093,False,Zika,Amazonas,negbin,lagged,1229.8365292208473,120,2.62564714930361,1.6050626526501413,1.6050626526501413
Temp_Lag2,-0.05335143467695563,0.6100736035685712,0.9480467774175887,0.28676400099694693,3.134259143571664,-0.08745081636851876,0.9303131784374785,False,Zika,Amazonas,negbin,lagged,1229.8365292208473,120,2.62564714930361,1.6050626526501413,1.6050626526501413
Rain_mm,0.004662661820098238,0.00774302978013424,1.0046735489421352,0.9895413989639572,1.020037101025573,0.6021753696545129,0.5470574089903344,False,Zika,Amazonas,negbin,lagged,1229.8365292208473,120,2.62564714930361,1.6050626526501413,1.6050626526501413
Rain_Lag1,0.02338961323341461,0.006325659490194609,1.0236652954075713,1.0110519471153614,1.0364360011487177,3.697577030453631,0.0002176671789121078,True,Zika,Amazonas,negbin,lagged,1229.8365292208473,120,2.62564714930361,1.6050626526501413,1.6050626526501413
Rain_Lag2,0.02146449850672278,0.007911033438564691,1.0216965179414605,1.0059766623680286,1.0376620192326251,2.7132357198855566,0.006662969180744237,True,Zika,Amazonas,negbin,lagged,1229.8365292208473,120,2.62564714930361,1.6050626526501413,1.6050626526501413
Intercept,-6.103930236611415,11.301694322109624,0.0022340700185080197,5.356737428138277e-13,9317366.98793366,-0.5400898363239424,0.5891350795708513,False,Zika,Bahia,negbin,lagged,1750.2720969112588,120,3.0799691726287737,1.4725035461205307,1.4725035461205307
Temp_Avg,-0.3823645644036602,0.7813616881824599,0.682246285152061,0.14751381106579936,3.155365523002902,-0.4893566835777239,0.6245891971770208,False,Zika,Bahia,negbin,lagged,1750.2720969112588,120,3.0799691726287737,1.4725035461205307,1.4725035461205307
Temp_Lag1,-0.4593214684447778,0.9840110470675162,0.6317121367366685,0.09181467638151466,4.346366391819592,-0.4667848697569167,0.6406538019215975,False,Zika,Bahia,negbin,lagged,1750.2720969112588,120,3.0799691726287737,1.4725035461205307,1.4725035461205307
Temp_Lag2,0.7345867632019689,0.7572482754928314,2.0846203726428714,0.472546153825867,9.196227845373746,0.970073867416715,0.33200967384042357,False,Zika,Bahia,negbin,lagged,1750.2720969112588,120,3.0799691726287737,1.4725035461205307,1.4725035461205307
Rain_mm,0.015926087861265197,0.020604743437614943,1.016053583937216,0.9758374932239846,1.0579270550682784,0.7729330825925919,0.4395619846011892,False,Zika,Bahia,negbin,lagged,1750.2720969112588,120,3.0799691726287737,1.4725035461205307,1.4725035461205307
Rain_Lag1,-0.01507221246491447,0.019080299322494734,0.9850408048101276,0.9488831674844946,1.0225762458335939,-0.7899358500705004,0.42956523332031515,False,Zika,Bahia,negbin,lagged,1750.2720969112588,120,3.0799691726287737,1.4725035461205307,1.4725035461205307
Rain_Lag2,-0.06192630382746471,0.014340503347026839,0.9399521551148506,0.913900395093992,0.9667465498952825,-4.318279653712689,1.5725010574722568e-05,True,Zika,Bahia,negbin,lagged,1750.2720969112588,120,3.0799691726287737,1.4725035461205307,1.4725035461205307
Intercept,-26.269847290686016,6.386040059248726,3.900769437108777e-12,1.429694484274189e-17,1.0642834793621426e-06,-4.113636470638815,3.894746134768317e-05,True,Zika,Ceara,negbin,lagged,1507.9524549599446,120,1.8047032850150522,1.034476453285586,1.034476453285586
Temp_Avg,0.219198600754762,0.4380824467676914,1.2450785256697372,0.5275862104198626,2.938326484784795,0.5003592414443387,0.6168221472608695,False,Zika,Ceara,negbin,lagged,1507.9524549599446,120,1.8047032850150522,1.034476453285586,1.034476453285586
Temp_Lag1,0.43870344011599993,0.5724669718261934,1.5506953451591983,0.5049318422468346,4.762337908415954,0.7663384294757088,0.4434749578122116,False,Zika,Ceara,negbin,lagged,1507.9524549599446,120,1.8047032850150522,1.034476453285586,1.034476453285586
Temp_Lag2,-0.08024413356741861,0.4446521989420261,0.9228910102070319,0.3860600145500682,2.2062057312866186,-0.18046494261885088,0.8567875742531869,False,Zika,Ceara,negbin,lagged,1507.9524549599446,120,1.8047032850150522,1.034476453285586,1.034476453285586
Rain_mm,-0.013659343210814308,0.011958564680381758,0.9864335223094666,0.963581574464666,1.009827418583067,-1.1422226308833459,0.25336149136861685,False,Zika,Ceara,negbin,lagged,1507.9524549599446,120,1.8047032850150522,1.034476453285586,1.034476453285586
Rain_Lag1,-0.0050801937233138994,0.012588507805002208,0.9949326886366258,0.9706846137919649,1.0197864897133893,-0.4035580548550177,0.6865377355809841,False,Zika,Ceara,negbin,lagged,1507.9524549599446,120,1.8047032850150522,1.034476453285586,1.034476453285586
Rain_Lag2,0.002303924278496082,0.012164935856760494,1.002306580351442,0.9786909652212042,1.0264920355004372,0.18939058171981302,0.8497867055916472,False,Zika,Ceara,negbin,lagged,1507.9524549599446,120,1.8047032850150522,1.034476453285586,1.034476453285586
Intercept,-16.70558960375933,7.2546379815747715,5.55718197191932e-08,3.7117789174393226e-14,0.08320072977387936,-2.3027461392543573,0.021293130555501,True,Zika,Distrito Federal,negbin,lagged,1067.4637496549265,117,1.7480712302774166,1.5897491183807733,1.5897491183807733
Temp_Avg,-0.985602216680804,0.363907519091764,0.37321440330799743,0.18289172752582905,0.7615926248871664,-2.70838651298181,0.006761123100721472,True,Zika,Distrito Federal,negbin,lagged,1067.4637496549265,117,1.7480712302774166,1.5897491183807733,1.5897491183807733
Temp_Lag1,0.47947938776254845,0.3465218809287297,1.6152332730525396,0.8189735436735208,3.1856688735919345,1.3836915189236334,0.16645293156788876,False,Zika,Distrito Federal,negbin,lagged,1067.4637496549265,117,1.7480712302774166,1.5897491183807733,1.5897491183807733
Temp_Lag2,0.7189425686268374,0.3056980654934058,2.052261936701798,1.127242472182796,3.7363558957100977,2.351806078544994,0.01868251198453063,True,Zika,Distrito Federal,negbin,lagged,1067.4637496549265,117,1.7480712302774166,1.5897491183807733,1.5897491183807733
Rain_mm,0.013935869299244612,0.0046516550772656385,1.0140334261790063,1.0048302535928082,1.0233208900028021,2.995894809001288,0.0027364081156060643,True,Zika,Distrito Federal,negbin,lagged,1067.4637496549265,117,1.7480712302774166,1.5897491183807733,1.5897491183807733
Rain_Lag1,0.004067049132895734,0.004787960501164542,1.0040753308007309,0.994696758650379,1.0135423295140673,0.8494324737863927,0.3956406897651964,False,Zika,Distrito Federal,negbin,lagged,1067.4637496549265,117,1.7480712302774166,1.5897491183807733,1.5897491183807733
Rain_Lag2,-0.0031020398448829995,0.004512507328980876,0.9969027665095977,0.9881245225467269,1.0057589941327396,-0.6874315361131119,0.49181083040051843,False,Zika,Distrito Federal,negbin,lagged,1067.4637496549265,117,1.7480712302774166,1.5897491183807733,1.5897491183807733
Intercept,-23.135711261146504,4.72392984793677,8.959592641078785e-11,8.534891397610167e-15,9.405427269590191e-07,-4.897556061559909,9.70359547638969e-07,True,Zika,Espirito Santo,negbin,lagged,1525.8931823560788,120,1.8257199011353447,1.0446580930391134,1.0446580930391134
Temp_Avg,0.2796809567649654,0.2775575386183429,1.3227077440543336,0.7677187537745498,2.278901964527342,1.00765037100845,0.3136223381987582,False,Zika,Espirito Santo,negbin,lagged,1525.8931823560788,120,1.8257199011353447,1.0446580930391134,1.0446580930391134
Temp_Lag1,-0.14581725380958288,0.3919097104626473,0.8643156391434772,0.4009332652626778,1.8632565286857936,-0.3720684890339829,0.7098418569015028,False,Zika,Espirito Santo,negbin,lagged,1525.8931823560788,120,1.8257199011353447,1.0446580930391134,1.0446580930391134
Temp_Lag2,0.4847475500868502,0.31162029555197,1.6237650377550668,0.8815899598572522,2.990747419880594,1.5555711775069772,0.11981009690768872,False,Zika,Espirito Santo,negbin,lagged,1525.8931823560788,120,1.8257199011353447,1.0446580930391134,1.0446580930391134
Rain_mm,-0.015315662820794773,0.005578309382124229,0.9848010254640077,0.9740923650297076,0.9956274112931616,-2.7455742899226836,0.006040508956202299,True,Zika,Espirito Santo,negbin,lagged,1525.8931823560788,120,1.8257199011353447,1.0446580930391134,1.0446580930391134
Rain_Lag1,-0.006440759481521415,0.006992369772476908,0.9935799377506903,0.9800557666069353,1.0072907341981856,-0.9211125399679634,0.3569916738740475,False,Zika,Espirito Santo,negbin,lagged,1525.8931823560788,120,1.8257199011353447,1.0446580930391134,1.0446580930391134
Rain_Lag2,-0.01040738406715793,0.005612464645205112,0.9896465853652666,0.9788197060282195,1.0005932225243692,-1.8543340092216447,0.0636913894303543,False,Zika,Espirito Santo,negbin,lagged,1525.8931823560788,120,1.8257199011353447,1.0446580930391134,1.0446580930391134
Intercept,11.064081329679318,6.881112836644569,63836.55896069234,0.08866413338309642,45961158187.09234,1.6078912804276129,0.10785899188090846,False,Zika,Goias,negbin,lagged,1445.3005372475463,120,1.9731949529939765,2.048481010370564,2.048481010370564
Temp_Avg,-0.9912453490795438,0.45913370800430775,0.37111423635041946,0.1508985659196628,0.912704342699182,-2.1589470165197358,0.030854277684348976,True,Zika,Goias,negbin,lagged,1445.3005372475463,120,1.9731949529939765,2.048481010370564,2.048481010370564
Temp_Lag1,-0.0439963275792051,0.5812343840111353,0.9569574718171129,0.30629220320283274,2.9898495400490535,-0.07569464021653995,0.9396620402488263,False,Zika,Goias,negbin,lagged,1445.3005372475463,120,1.9731949529939765,2.048481010370564,2.048481010370564
Temp_Lag2,0.18380304193313962,0.4636758431203595,1.2017790996965056,0.4843237889111872,2.9820401919844306,0.3964041790407197,0.6918068836402762,False,Zika,Goias,negbin,lagged,1445.3005372475463,120,1.9731949529939765,2.048481010370564,2.048481010370564
Rain_mm,0.004168964997922379,0.012453742909127586,1.0041776672213851,0.9799630901843668,1.0289905787742182,0.3347559868822139,0.7378091641097646,False,Zika,Goias,negbin,lagged,1445.3005372475463,120,1.9731949529939765,2.048481010370564,2.048481010370564
Rain_Lag1,-0.014392244578145875,0.012112650673623751,0.9857108286961022,0.9625848701787546,1.009392384931547,-1.1881994260336524,0.23475484978095074,False,Zika,Goias,negbin,lagged,1445.3005372475463,120,1.9731949529939765,2.048481010370564,2.048481010370564
Rain_Lag2,-0.017765728464406067,0.01232641581654233,0.9823911516857035,0.9589412157096194,1.006414532090157,-1.441272850828548,0.14950761412453614,False,Zika,Goias,negbin,lagged,1445.3005372475463,120,1.9731949529939765,2.048481010370564,2.048481010370564
Intercept,-95.78463837979751,7.965066191905177,2.5191852253074805e-42,4.1807950875309834e-49,1.51796346545063e-35,-12.02559226402193,2.607118874802717e-33,True,Zika,Maranhao,negbin,lagged,1259.4093379830056,120,1.2986780941606926,0.7073648587863659,0.7073648587863659
Temp_Avg,1.9330100107099577,0.44830805277066776,6.910278982580555,2.870040747136981,16.63807584081503,4.311789624931833,1.619384755769799e-05,True,Zika,Maranhao,negbin,lagged,1259.4093379830056,120,1.2986780941606926,0.7073648587863659,0.7073648587863659
Temp_Lag1,0.5503888894656506,0.5731046448679503,1.7339271927886168,0.5638899252797462,5.3317205630164155,0.9603636864476405,0.3368722076140991,False,Zika,Maranhao,negbin,lagged,1259.4093379830056,120,1.2986780941606926,0.7073648587863659,0.7073648587863659
Temp_Lag2,0.5961836655241435,0.4749061347388929,1.8151782377714387,0.7156011226223433,4.604341623731473,1.2553715816956752,0.20934390070620068,False,Zika,Maranhao,negbin,lagged,1259.4093379830056,120,1.2986780941606926,0.7073648587863659,0.7073648587863659
Rain_mm,0.006813385343005418,0.006228908115753799,1.0068366492582488,0.9946192537900418,1.0192041169791872,1.093833014774033,0.27402822155117856,False,Zika,Maranhao,negbin,lagged,1259.4093379830056,120,1.2986780941606926,0.7073648587863659,0.7073648587863659
Rain_Lag1,0.0027427928137908966,0.006912099999372474,1.002746557711325,0.9892532403249662,1.016423922626332,0.3968103491037319,0.6915073184891369,False,Zika,Maranhao,negbin,lagged,1259.4093379830056,120,1.2986780941606926,0.7073648587863659,0.7073648587863659
Rain_Lag2,0.0011101635142757612,0.005981611837855628,1.0011107799738925,0.989442331890469,1.0129168335309118,0.18559604741482993,0.8527615534199466,False,Zika,Maranhao,negbin,lagged,1259.4093379830056,120,1.2986780941606926,0.7073648587863659,0.7073648587863659
Intercept,-2.948843652733945,11.332531898461685,0.05240026383053482,1.1827353501784784e-11,232155709.99000815,-0.2602104877493644,0.7947014147917116,False,Zika,Mato Grosso,negbin,lagged,1536.3382153601099,120,4.132368978211443,2.1605126763054474,2.1605126763054474
Temp_Avg,-0.017732235193957342,0.7207291575985856,0.9824240557292623,0.23922245543214019,4.03455864346864,-0.02460318832255905,0.9803714761570006,False,Zika,Mato Grosso,negbin,lagged,1536.3382153601099,120,4.132368978211443,2.1605126763054474,2.1605126763054474
Temp_Lag1,-1.6505273782646797,0.8517279586912311,0.19194865237573205,0.036155934620844855,1.0190383829164777,-1.9378574595589033,0.05264061524145632,False,Zika,Mato Grosso,negbin,lagged,1536.3382153601099,120,4.132368978211443,2.1605126763054474,2.1605126763054474
Temp_Lag2,1.3778698668245997,0.5204226047149121,3.9664435692624687,1.4302389977252978,11.000031891988252,2.647598037328524,0.008106585072222805,True,Zika,Mato Grosso,negbin,lagged,1536.3382153601099,120,4.132368978211443,2.1605126763054474,2.1605126763054474
Rain_mm,0.05493819702860749,0.019184033486359237,1.056475319343854,1.0174886580525073,1.096955815231407,2.8637458888753073,0.004186637278632579,True,Zika,Mato Grosso,negbin,lagged,1536.3382153601099,120,4.132368978211443,2.1605126763054474,2.1605126763054474
Rain_Lag1,-0.008974761448137643,0.017277917932511516,0.9910653915125224,0.9580651657742452,1.0252022986976166,-0.5194353557641347,0.6034571814316971,False,Zika,Mato Grosso,negbin,lagged,1536.3382153601099,120,4.132368978211443,2.1605126763054474,2.1605126763054474
Rain_Lag2,-0.020548015983090674,0.014925914969835273,0.9796616559276722,0.9514170165690885,1.008744791590824,-1.3766670937505312,0.1686151968955074,False,Zika,Mato Grosso,negbin,lagged,1536.3382153601099,120,4.132368978211443,2.1605126763054474,2.1605126763054474
Intercept,-0.9657341985636974,3.1605093506081134,0.3807035850801968,0.000776796205521143,186.58075137697074,-0.30556283542647344,0.7599375208376591,False,Zika,Mato Grosso do Sul,negbin,lagged,1367.2368617626776,120,1.6174920831056114,1.1814065442721309,1.1814065442721309
Temp_Avg,-0.23365721821588098,0.23756836074816148,0.791633126808283,0.49693740560084576,1.2610904319076932,-0.9835367701323385,0.3253433274548069,False,Zika,Mato Grosso do Sul,negbin,lagged,1367.2368617626776,120,1.6174920831056114,1.1814065442721309,1.1814065442721309
Temp_Lag1,0.2730114669772029,0.3378019633059035,1.3139153113752773,0.6776797951756379,2.5474766368369566,0.8081997638657055,0.4189755936638332,False,Zika,Mato Grosso do Sul,negbin,lagged,1367.2368617626776,120,1.6174920831056114,1.1814065442721309,1.1814065442721309
Temp_Lag2,-0.45258396009898993,0.2273897901588322,0.6359826727614005,0.4072744694104594,0.9931237787583923,-1.9903442444925041,0.04655302726951663,True,Zika,Mato Grosso do Sul,negbin,lagged,1367.2368617626776,120,1.6174920831056114,1.1814065442721309,1.1814065442721309
Rain_mm,0.0008752568945192516,0.008394574311856825,1.0008756400436114,0.9845426023497109,1.0174796341386607,0.10426459544029582,0.9169593734831331,False,Zika,Mato Grosso do Sul,negbin,lagged,1367.2368617626776,120,1.6174920831056114,1.1814065442721309,1.1814065442721309
Rain_Lag1,0.011424948350242521,0.008589878252295022,1.0114904623328789,0.9946034012168016,1.0286642435956892,1.3300477625733558,0.18350253501491043,False,Zika,Mato Grosso do Sul,negbin,lagged,1367.2368617626776,120,1.6174920831056114,1.1814065442721309,1.1814065442721309
Rain_Lag2,0.014468936398103309,0.00859682660668888,1.0145741181353878,0.9976219882095454,1.0318143077796595,1.6830555110702772,0.09236434578563706,False,Zika,Mato Grosso do Sul,negbin,lagged,1367.2368617626776,120,1.6174920831056114,1.1814065442721309,1.1814065442721309
Intercept,-7.478181034758559,7.915505678678652,0.0005652847142258512,1.0338386970904601e-10,3090.8768363643744,-0.9447508900033919,0.3447860693791138,False,Zika,Minas Gerais,negbin,lagged,1504.1426300238772,120,3.1061127135766515,1.5271033585944358,1.5271033585944358
Temp_Avg,-0.22516676716949016,0.5503296046790002,0.7983830635730479,0.27149466433564257,2.3478012643823583,-0.4091489268523486,0.6824303724542486,False,Zika,Minas Gerais,negbin,lagged,1504.1426300238772,120,3.1061127135766515,1.5271033585944358,1.5271033585944358
Temp_Lag1,-1.2802875018836768,0.6263472332732488,0.2779573756953912,0.08143679516131089,0.9487149211904865,-2.044053895142124,0.04094822314336547,True,Zika,Minas Gerais,negbin,lagged,1504.1426300238772,120,3.1061127135766515,1.5271033585944358,1.5271033585944358
Temp_Lag2,1.392529811622798,0.3999529830677411,4.025019725576227,1.8378969662190812,8.81484875869073,3.4817337801602086,0.0004981787071008408,True,Zika,Minas Gerais,negbin,lagged,1504.1426300238772,120,3.1061127135766515,1.5271033585944358,1.5271033585944358
Rain_mm,0.015401135469221441,0.011939259514758804,1.0155203441528793,0.9920321001687721,1.0395647169208868,1.289957342009629,0.19706546955297877,False,Zika,Minas Gerais,negbin,lagged,1504.1426300238772,120,3.1061127135766515,1.5271033585944358,1.5271033585944358
Rain_Lag1,-0.028899101010567987,0.01185843300492239,0.9715144843511576,0.9491944232009034,0.994359395961522,-2.437008414060448,0.014809334766878048,True,Zika,Minas Gerais,negbin,lagged,1504.1426300238772,120,3.1061127135766515,1.5271033585944358,1.5271033585944358
Rain_Lag2,-0.027402098422200087,0.010856349851992905,0.9729699331823949,0.9524853581388778,0.9938950586355618,-2.524061843601132,0.011600751839505059,True,Zika,Minas Gerais,negbin,lagged,1504.1426300238772,120,3.1061127135766515,1.5271033585944358,1.5271033585944358
Intercept,-42.28827827036707,7.916264262532549,4.309571574556563e-19,7.869985286930797e-26,2.3599036693331635e-12,-5.341948786439113,9.195263643501903e-08,True,Zika,Para,negbin,lagged,1327.093543565463,120,2.4127352581372006,1.0834986083456135,1.0834986083456135
Temp_Avg,0.5237752607824746,0.5041503058114498,1.6883897444468696,0.6285376560361404,4.535384478204525,1.0389267937454438,0.29883878412176446,False,Zika,Para,negbin,lagged,1327.093543565463,120,2.4127352581372006,1.0834986083456135,1.0834986083456135
Temp_Lag1,0.015793678997177398,0.5548458878060548,1.0159190583427016,0.34242443919684734,3.0140708867763073,0.028464983420221444,0.9772912958881387,False,Zika,Para,negbin,lagged,1327.093543565463,120,2.4127352581372006,1.0834986083456135,1.0834986083456135
Temp_Lag2,0.6700980619413572,0.44711650115902074,1.954428966337895,0.8136294153589853,4.694757235117002,1.4987102023842132,0.1339488288195728,False,Zika,Para,negbin,lagged,1327.093543565463,120,2.4127352581372006,1.0834986083456135,1.0834986083456135
Rain_mm,-0.002446431232865506,0.00914653064642497,0.9975565588411892,0.979832508811846,1.0156012166750474,-0.267470949088409,0.7891065788802799,False,Zika,Para,negbin,lagged,1327.093543565463,120,2.4127352581372006,1.0834986083456135,1.0834986083456135
Rain_Lag1,0.00282744823134143,0.010757877804186019,1.0028314492330783,0.9819076750926149,1.024201094543904,0.26282583635977314,0.7926848208762337,False,Zika,Para,negbin,lagged,1327.093543565463,120,2.4127352581372006,1.0834986083456135,1.0834986083456135
Rain_Lag2,-0.028293420288358358,0.008860871040827896,0.9721030901812846,0.9553660366093828,0.9891333601242255,-3.19307437812737,0.0014076668355689783,True,Zika,Para,negbin,lagged,1327.093543565463,120,2.4127352581372006,1.0834986083456135,1.0834986083456135
Intercept,9.182683873841404,10.048155628871768,9727.224413933001,2.7216118759003467e-05,3476575614504.651,0.9138676004834588,0.3607864199933193,False,Zika,Paraiba,negbin,lagged,1368.7416100066353,120,1.9808161157209774,1.5302073668820502,1.5302073668820502
Temp_Avg,0.745420312930521,0.8377378512152464,2.107326985644395,0.40797643016448987,10.885008780126388,0.8898014001028999,0.3735725346673856,False,Zika,Paraiba,negbin,lagged,1368.7416100066353,120,1.9808161157209774,1.5302073668820502,1.5302073668820502
Temp_Lag1,0.09173985289636535,1.041462525556137,1.0960796430436843,0.14234142624218085,8.440203359004673,0.08808752177364867,0.9298071140074015,False,Zika,Paraiba,negbin,lagged,1368.7416100066353,120,1.9808161157209774,1.5302073668820502,1.5302073668820502
Temp_Lag2,-1.5924507294640196,0.7659821852519615,0.20342645712535168,0.045330471501155926,0.912903000744594,-2.0789657515862463,0.037620498453828186,True,Zika,Paraiba,negbin,lagged,1368.7416100066353,120,1.9808161157209774,1.5302073668820502,1.5302073668820502
Rain_mm,0.009782117025991329,0.013213367151114656,1.0098301183231755,0.9840130866372768,1.0363244978351571,0.7403197772466443,0.45910598330906593,False,Zika,Paraiba,negbin,lagged,1368.7416100066353,120,1.9808161157209774,1.5302073668820502,1.5302073668820502
Rain_Lag1,0.0006033346637404843,0.014931935662238566,1.0006035167067078,0.9717436350734631,1.030320509966747,0.04040565653294769,0.9677697206725415,False,Zika,Paraiba,negbin,lagged,1368.7416100066353,120,1.9808161157209774,1.5302073668820502,1.5302073668820502
Rain_Lag2,-0.014059884956481264,0.015108502485010947,0.9860384936224776,0.957267363521508,1.0156743538488344,-0.9305942114666883,0.3520635099231211,False,Zika,Paraiba,negbin,lagged,1368.7416100066353,120,1.9808161157209774,1.5302073668820502,1.5302073668820502
Intercept,7.236165585459707,2.3150206712588473,1388.7586720845998,14.860773193385556,129781.31246553244,3.125745560416474,0.0017735492924942703,True,Zika,Parana,negbin,lagged,1082.5894903440862,120,2.648808918444742,1.0301973853967297,1.0301973853967297
Temp_Avg,-0.743433763138543,0.18845809061157268,0.4754784288888526,0.3286336676627181,0.6879384511834036,-3.9448227493231904,7.98590275176528e-05,True,Zika,Parana,negbin,lagged,1082.5894903440862,120,2.648808918444742,1.0301973853967297,1.0301973853967297
Temp_Lag1,-0.08165689443661295,0.2515810608646135,0.9215881064636974,0.5628423129005147,1.5089921608744892,-0.3245748871396802,0.7455028361853004,False,Zika,Parana,negbin,lagged,1082.5894903440862,120,2.648808918444742,1.0301973853967297,1.0301973853967297
Temp_Lag2,-0.1495213829131306,0.18853428997744484,0.8611200245681547,0.5950864491693223,1.2460839895570697,-0.7930726178830306,0.42773551518838904,False,Zika,Parana,negbin,lagged,1082.5894903440862,120,2.648808918444742,1.0301973853967297,1.0301973853967297
Rain_mm,0.0006032838135367322,0.005727172537808198,1.0006034658258165,0.9894342395986265,1.0118987758385893,0.1053371117343027,0.9161083158640938,False,Zika,Parana,negbin,lagged,1082.5894903440862,120,2.648808918444742,1.0301973853967297,1.0301973853967297
Rain_Lag1,-0.0005661227991288927,0.005730088004267411,0.9994340374181473,0.9882722176097563,1.0107219219071142,-0.0987982730295381,0.9212984397089892,False,Zika,Parana,negbin,lagged,1082.5894903440862,120,2.648808918444742,1.0301973853967297,1.0301973853967297
Rain_Lag2,0.006711913508614062,0.005338385234905321,1.0067344888798042,0.9962557058647794,1.0173234894753453,1.2572928354304316,0.20864761737264148,False,Zika,Parana,negbin,lagged,1082.5894903440862,120,2.648808918444742,1.0301973853967297,1.0301973853967297
Intercept,-6.255503964811975,5.8599192235579265,0.0019198581712491474,1.973354923176501e-08,186.7811691866875,-1.06750685908156,0.2857430179872452,False,Zika,Pernambuco,negbin,lagged,1521.0481710881295,120,1.3015333853097177,0.8333461482611382,0.8333461482611382
Temp_Avg,0.09160226590040726,0.45294720575477004,1.0959288471122846,0.45105127354171975,2.6628015668860976,0.2022360768243741,0.8397321705554737,False,Zika,Pernambuco,negbin,lagged,1521.0481710881295,120,1.3015333853097177,0.8333461482611382,0.8333461482611382
Temp_Lag1,-0.8327991151602431,0.6140376747048086,0.4348304407938861,0.13050901716173777,1.448769719924291,-1.3562671306131198,0.17501418963863613,False,Zika,Pernambuco,negbin,lagged,1521.0481710881295,120,1.3015333853097177,0.8333461482611382,0.8333461482611382
Temp_Lag2,0.5541592232169246,0.4603860718586534,1.74047701675799,0.7059594512516713,4.290983342587016,1.2036837278323684,0.22871184395430733,False,Zika,Pernambuco,negbin,lagged,1521.0481710881295,120,1.3015333853097177,0.8333461482611382,0.8333461482611382
Rain_mm,-0.01227848833418822,0.013197808468006106,0.9877965847283231,0.9625722093514255,1.0136819693333836,-0.9303429704979818,0.3521935360310977,False,Zika,Pernambuco,negbin,lagged,1521.0481710881295,120,1.3015333853097177,0.8333461482611382,0.8333461482611382
Rain_Lag1,0.010060890089519487,0.012692324811012769,1.0101116710017315,0.9852931513154743,1.0355553436372351,0.7926751197534702,0.42796712969669803,False,Zika,Pernambuco,negbin,lagged,1521.0481710881295,120,1.3015333853097177,0.8333461482611382,0.8333461482611382
Rain_Lag2,0.01769967631344696,0.01197301063984896,1.0178572438428732,0.9942491751244885,1.0420258771788171,1.4782978856243831,0.139328063375847,False,Zika,Pernambuco,negbin,lagged,1521.0481710881295,120,1.3015333853097177,0.8333461482611382,0.8333461482611382
Intercept,-30.01357270816157,8.40967981593987,9.231472720047678e-14,6.409247090614181e-21,1.3296427392506467e-06,-3.568931679333768,0.0003584398747300955,True,Zika,Piaui,negbin,lagged,904.032986050694,116,1.942760890734746,1.0840089458914297,1.0840089458914297
Temp_Avg,0.21594923892443857,0.5155994400843218,1.2410393809079707,0.4517503098414122,3.4093584695163184,0.4188314069718965,0.6753393498603304,False,Zika,Piaui,negbin,lagged,904.032986050694,116,1.942760890734746,1.0840089458914297,1.0840089458914297
Temp_Lag1,0.07242920982441846,0.5243275002094863,1.0751166956965936,0.38471491843118455,3.0044998360839963,0.13813734697394392,0.8901318700819033,False,Zika,Piaui,negbin,lagged,904.032986050694,116,1.942760890734746,1.0840089458914297,1.0840089458914297
Temp_Lag2,0.37307823235528964,0.49654508628060484,1.4521979442544724,0.5487292454811284,3.843204798475505,0.7513481507789158,0.4524431580240894,False,Zika,Piaui,negbin,lagged,904.032986050694,116,1.942760890734746,1.0840089458914297,1.0840089458914297
Rain_mm,-0.007131810258400471,0.012732231341117903,0.9928935607508107,0.9684223414696452,1.0179831471921121,-0.560138287416186,0.5753851166687354,False,Zika,Piaui,negbin,lagged,904.032986050694,116,1.942760890734746,1.0840089458914297,1.0840089458914297
Rain_Lag1,-0.010852339911697768,0.011249744988242799,0.9892063342864884,0.9676335377497131,1.0112600830973026,-0.964674303554404,0.33470796978686224,False,Zika,Piaui,negbin,lagged,904.032986050694,116,1.942760890734746,1.0840089458914297,1.0840089458914297
Rain_Lag2,-0.005787137567441997,0.012719611953431544,0.9942295756570514,0.9697494139471765,1.0193277097098044,-0.45497752515010664,0.6491254078736124,False,Zika,Piaui,negbin,lagged,904.032986050694,116,1.942760890734746,1.0840089458914297,1.0840089458914297
Intercept,8.547324264269772,4.260932794029212,5152.948037108794,1.2164003784846773,21829057.22721115,2.005974906773236,0.04485892531069398,True,Zika,Rio Grande do Norte,negbin,lagged,1515.484884735388,120,2.0286321070267426,0.9553042857325372,0.9553042857325372
Temp_Avg,0.25632985150242027,0.3381480032820672,1.2921788847981466,0.666016898972929,2.5070328889448334,0.758040411342018,0.4484267907373918,False,Zika,Rio Grande do Norte,negbin,lagged,1515.484884735388,120,2.0286321070267426,0.9553042857325372,0.9553042857325372
Temp_Lag1,-0.5617753672414358,0.42008900367782054,0.5701958576615128,0.25028630047835704,1.2990056406321868,-1.337277011117099,0.1811322321056298,False,Zika,Rio Grande do Norte,negbin,lagged,1515.484884735388,120,2.0286321070267426,0.9553042857325372,0.9553042857325372
Temp_Lag2,-0.33727895626045035,0.2978445891001682,0.7137097183368333,0.39809908360633867,1.2795346259881002,-1.132399139025554,0.2574666666781972,False,Zika,Rio Grande do Norte,negbin,lagged,1515.484884735388,120,2.0286321070267426,0.9553042857325372,0.9553042857325372
Rain_mm,0.0012038183819659573,0.008696285038777354,1.00120454326216,0.9842839068786639,1.0184160590693887,0.13842903913545213,0.8899013480299611,False,Zika,Rio Grande do Norte,negbin,lagged,1515.484884735388,120,2.0286321070267426,0.9553042857325372,0.9553042857325372
Rain_Lag1,-0.016435812368817478,0.009024975849295968,0.9836985186419807,0.9664509178340754,1.0012539258041862,-1.821147518095533,0.06858443571709646,False,Zika,Rio Grande do Norte,negbin,lagged,1515.484884735388,120,2.0286321070267426,0.9553042857325372,0.9553042857325372
Rain_Lag2,-0.007677931211527991,0.010093074318643017,0.992351468810416,0.9729132511095484,1.0121780503319588,-0.760712838242557,0.44682860494955146,False,Zika,Rio Grande do Norte,negbin,lagged,1515.484884735388,120,2.0286321070267426,0.9553042857325372,0.9553042857325372
Intercept,3.869826268437575,2.596011492004984,47.93405769865142,0.29571584883037305,7769.870625958993,1.4906814859470372,0.13604513911654476,False,Zika,Rio Grande do Sul,negbin,lagged,943.1439262812646,118,1.471583960314106,0.7535616374589262,0.7535616374589262
Temp_Avg,-0.34372288703380083,0.15893890934360072,0.7091254086699934,0.5193157759424715,0.9683103585843897,-2.162610077377129,0.030571182520011408,True,Zika,Rio Grande do Sul,negbin,lagged,943.1439262812646,118,1.471583960314106,0.7535616374589262,0.7535616374589262
Temp_Lag1,-0.35450300361789344,0.21348245595225096,0.7015220104842389,0.46165906388464784,1.0660098971149305,-1.6605720691970312,0.09679942244062194,False,Zika,Rio Grande do Sul,negbin,lagged,943.1439262812646,118,1.471583960314106,0.7535616374589262,0.7535616374589262
Temp_Lag2,-0.25505230048981864,0.16731396685216718,0.7748759705084811,0.5582280683189325,1.0756047639804727,-1.5243933623017498,0.1274104772328631,False,Zika,Rio Grande do Sul,negbin,lagged,943.1439262812646,118,1.471583960314106,0.7535616374589262,0.7535616374589262
Rain_mm,0.006864802585250002,0.003228129060052991,1.0068884193530707,1.0005378141977694,1.0132793330157228,2.126557661587828,0.033456853469462616,True,Zika,Rio Grande do Sul,negbin,lagged,943.1439262812646,118,1.471583960314106,0.7535616374589262,0.7535616374589262
Rain_Lag1,0.008056840565132443,0.0033272819468761344,1.008089384246116,1.0015365472300912,1.0146850950574882,2.4214481050205925,0.015458808102476103,True,Zika,Rio Grande do Sul,negbin,lagged,943.1439262812646,118,1.471583960314106,0.7535616374589262,0.7535616374589262
Rain_Lag2,-0.0007349267140532487,0.0032508395721839414,0.9992653432784386,0.9929186196977027,1.0056526350380879,-0.22607289524272609,0.8211447253412751,False,Zika,Rio Grande do Sul,negbin,lagged,943.1439262812646,118,1.471583960314106,0.7535616374589262,0.7535616374589262
Intercept,-5.747992918640772,15.46879517554862,0.0031891753115261693,2.1695722432366373e-16,46879467597.14651,-0.37158633580762457,0.7102008642247277,False,Zika,Rio de Janeiro,negbin,lagged,1602.8442284139414,120,6.429349567776229,3.2096003995235383,3.2096003995235383
Temp_Avg,-0.625308252335471,0.6128529165546133,0.5350964583610862,0.16097600396804704,1.7787012516934664,-1.0203235318694088,0.3075750465756022,False,Zika,Rio de Janeiro,negbin,lagged,1602.8442284139414,120,6.429349567776229,3.2096003995235383,3.2096003995235383
Temp_Lag1,-0.722784932022366,0.5637189654369683,0.4853985698521997,0.16078710724460896,1.4653648271445014,-1.2821724588636065,0.19978215521219644,False,Zika,Rio de Janeiro,negbin,lagged,1602.8442284139414,120,6.429349567776229,3.2096003995235383,3.2096003995235383
Temp_Lag2,1.1284093083388624,0.4228664902312948,3.090736179538171,1.3493068113253122,7.079672355706432,2.6684765390647476,0.007619609980896134,True,Zika,Rio de Janeiro,negbin,lagged,1602.8442284139414,120,6.429349567776229,3.2096003995235383,3.2096003995235383
Rain_mm,0.016052869707434754,0.010213346952179814,1.0161824092525777,0.9960425610637199,1.036729482494788,1.571754076562397,0.11600759563276833,False,Zika,Rio de Janeiro,negbin,lagged,1602.8442284139414,120,6.429349567776229,3.2096003995235383,3.2096003995235383
Rain_Lag1,-0.012032373365724255,0.010784984955352179,0.9880397261727695,0.967373178931142,1.009147784698969,-1.115659726512001,0.2645678157341066,False,Zika,Rio de Janeiro,negbin,lagged,1602.8442284139414,120,6.429349567776229,3.2096003995235383,3.2096003995235383
Rain_Lag2,0.0022555028839733836,0.012261114841205602,1.0022580484440828,0.978459109281899,1.0266358462421281,0.1839557750811839,0.8540481491427122,False,Zika,Rio de Janeiro,negbin,lagged,1602.8442284139414,120,6.429349567776229,3.2096003995235383,3.2096003995235383
Intercept,-35.989034737628145,5.129991373123621,2.345096963951851e-16,1.0079151917394215e-20,5.456292171611581e-12,-7.015418179098153,2.292622018287569e-12,True,Zika,Rondonia,negbin,lagged,1282.99507487668,120,1.720677992554262,0.9740924824145909,0.9740924824145909
Temp_Avg,0.1696018024280509,0.19238060825047554,1.1848329597658211,0.8126423421832673,1.7274870747884858,0.8815951044672491,0.3779958034469276,False,Zika,Rondonia,negbin,lagged,1282.99507487668,120,1.720677992554262,0.9740924824145909,0.9740924824145909
Temp_Lag1,0.20394734373888104,0.1947952688451397,1.22623358288047,0.8370668164387582,1.7963306754663175,1.0469830450605921,0.29510739809468356,False,Zika,Rondonia,negbin,lagged,1282.99507487668,120,1.720677992554262,0.9740924824145909,0.9740924824145909
Temp_Lag2,0.6167966650563359,0.17859474216291799,1.8529828000763457,1.3057152441171118,2.6296279168437238,3.453610434363631,0.0005531357766984697,True,Zika,Rondonia,negbin,lagged,1282.99507487668,120,1.720677992554262,0.9740924824145909,0.9740924824145909
Rain_mm,-0.002090796287507196,0.0037952052927910274,0.997911387904552,0.9905158621744329,1.005362131125792,-0.5509046615946316,0.5816990317344615,False,Zika,Rondonia,negbin,lagged,1282.99507487668,120,1.720677992554262,0.9740924824145909,0.9740924824145909
Rain_Lag1,0.0031628077225257863,0.003931093878310297,1.0031678146761562,0.9954681636216077,1.0109270202483964,0.804561737885857,0.421072629242221,False,Zika,Rondonia,negbin,lagged,1282.99507487668,120,1.720677992554262,0.9740924824145909,0.9740924824145909
Rain_Lag2,-3.096089797256382e-05,0.0035803687504944496,0.9999690395813111,0.9929762986518681,1.0070110248137376,-0.00864740481501748,0.9931004551957708,False,Zika,Rondonia,negbin,lagged,1282.99507487668,120,1.720677992554262,0.9740924824145909,0.9740924824145909
Intercept,-7.261668350987544,1.8037175415303333,0.0007019359825906888,2.0461720043297437e-05,0.024079799870830133,-4.025945406522191,5.674685476661308e-05,True,Zika,Roraima,negbin,lagged,963.2586159955101,111,1.5526076971779021,0.8367260780110231,0.8367260780110231
Temp_Avg,-0.12979230884427373,0.10546796866713659,0.8782778225153521,0.7142590784890323,1.0799609788007098,-1.2306324895087934,0.21846034809766846,False,Zika,Roraima,negbin,lagged,963.2586159955101,111,1.5526076971779021,0.8367260780110231,0.8367260780110231
Temp_Lag1,0.024819444037245158,0.09050448016985518,1.0251300104775798,0.8584993660399954,1.224102870604571,0.2742344245352829,0.7839044748264552,False,Zika,Roraima,negbin,lagged,963.2586159955101,111,1.5526076971779021,0.8367260780110231,0.8367260780110231
Temp_Lag2,-0.0006208069642993292,0.08974573905559934,0.9993793856964737,0.8381799571827021,1.1915808150699514,-0.0069173976484245845,0.9944807592317272,False,Zika,Roraima,negbin,lagged,963.2586159955101,111,1.5526076971779021,0.8367260780110231,0.8367260780110231
Rain_mm,0.0037841755397196837,0.0035746224706316608,1.0037913445720839,0.9967831008408529,1.0108488622929672,1.0586224337841734,0.2897717658803217,False,Zika,Roraima,negbin,lagged,963.2586159955101,111,1.5526076971779021,0.8367260780110231,0.8367260780110231
Rain_Lag1,-0.0027608720453826505,0.003683085266820624,0.9972429356568439,0.9900699129867815,1.0044679266309122,-0.7496085062852584,0.45349052619092156,False,Zika,Roraima,negbin,lagged,963.2586159955101,111,1.5526076971779021,0.8367260780110231,0.8367260780110231
Rain_Lag2,0.0008413029869045049,0.003370972930771444,1.0008416569815277,0.9942507863893532,1.0074762183363926,0.24957275071086776,0.8029177736265846,False,Zika,Roraima,negbin,lagged,963.2586159955101,111,1.5526076971779021,0.8367260780110231,0.8367260780110231
Intercept,-9.650541845079553,2.2085722059228883,6.439066781369978e-05,8.488839343070235e-07,0.004884246165971909,-4.369584032253505,1.2448343123894706e-05,True,Zika,Santa Catarina,negbin,lagged,949.1959035792731,120,1.6282398332823,0.6447459824781792,0.6447459824781792
Temp_Avg,-0.09039083738995131,0.1582015895641905,0.9135740565863493,0.6700077811982956,1.2456833790421675,-0.5713649125710909,0.567752308326898,False,Zika,Santa Catarina,negbin,lagged,949.1959035792731,120,1.6282398332823,0.6447459824781792,0.6447459824781792
Temp_Lag1,-0.23673404078319432,0.1812967386243015,0.7892011554294865,0.5531778894277197,1.125927980193827,-1.305782125919952,0.1916266601403669,False,Zika,Santa Catarina,negbin,lagged,949.1959035792731,120,1.6282398332823,0.6447459824781792,0.6447459824781792
Temp_Lag2,0.12266717411789901,0.1366740343114298,1.1305080959713532,0.8648372559753836,1.4777908169732596,0.8975163039263603,0.3694434774856473,False,Zika,Santa Catarina,negbin,lagged,949.1959035792731,120,1.6282398332823,0.6447459824781792,0.6447459824781792
Rain_mm,0.007514858189919043,0.002935113202755988,1.0075431656010252,1.0017635896106893,1.0133560862836362,2.5603299330543043,0.010457283192364197,True,Zika,Santa Catarina,negbin,lagged,949.1959035792731,120,1.6282398332823,0.6447459824781792,0.6447459824781792
Rain_Lag1,0.0021900831534111794,0.0029894034771397343,1.0021924831372555,0.9963375754353071,1.0080817967926112,0.7326154432343988,0.46379300934739587,False,Zika,Santa Catarina,negbin,lagged,949.1959035792731,120,1.6282398332823,0.6447459824781792,0.6447459824781792
Rain_Lag2,-0.0003406996610425631,0.0029419306549664827,0.9996593583704964,0.9939117253692571,1.0054402290167634,-0.11580818890730947,0.9078045603778966,False,Zika,Santa Catarina,negbin,lagged,949.1959035792731,120,1.6282398332823,0.6447459824781792,0.6447459824781792
Intercept,-15.369535037387791,3.442199822849119,2.1139550275012993e-07,2.4833395318529007e-10,0.0001799514645894473,-4.465032777982767,8.005649450952304e-06,True,Zika,Sao Paulo,negbin,lagged,1518.6327516472386,120,2.9014253730130717,0.8728740776964921,0.8728740776964921
Temp_Avg,0.10933093254954149,0.20188078497198764,1.115531454932192,0.7509956601505979,1.6570141386617203,0.541561855749233,0.5881203750046372,False,Zika,Sao Paulo,negbin,lagged,1518.6327516472386,120,2.9014253730130717,0.8728740776964921,0.8728740776964921
Temp_Lag1,-0.2311562931404711,0.23433108698369,0.7936154196954288,0.5013528052534658,1.2562519403076535,-0.9864516744914861,0.3239115182293999,False,Zika,Sao Paulo,negbin,lagged,1518.6327516472386,120,2.9014253730130717,0.8728740776964921,0.8728740776964921
Temp_Lag2,0.20340397242074706,0.1860588426540339,1.2255674637136145,0.8510610965277617,1.7648740075671236,1.093223893684889,0.27429550868575825,False,Zika,Sao Paulo,negbin,lagged,1518.6327516472386,120,2.9014253730130717,0.8728740776964921,0.8728740776964921
Rain_mm,0.026521919300865983,0.0072516877432009024,1.0268767554355542,1.0123846740356441,1.0415762880431803,3.6573443645215726,0.000254841901441888,True,Zika,Sao Paulo,negbin,lagged,1518.6327516472386,120,2.9014253730130717,0.8728740776964921,0.8728740776964921
Rain_Lag1,0.005360181985683741,0.00739869349270349,1.0053745734633,0.9909003970113667,1.020060175588887,0.7244768270195128,0.4687730486557583,False,Zika,Sao Paulo,negbin,lagged,1518.6327516472386,120,2.9014253730130717,0.8728740776964921,0.8728740776964921
Rain_Lag2,0.001681025841849134,0.0065467924372935955,1.001682439557843,0.9889112511461322,1.0146185601141304,0.25677090849455125,0.7973556289388355,False,Zika,Sao Paulo,negbin,lagged,1518.6327516472386,120,2.9014253730130717,0.8728740776964921,0.8728740776964921
Intercept,-19.830428103346463,6.322589025601153,2.442049714525764e-09,1.0135800914364365e-14,0.0005883705548876554,-3.136441103960728,0.0017101178089300251,True,Zika,Sergipe,negbin,lagged,1160.6471918233135,117,1.0261886640890823,1.2610681683908316,1.2610681683908316
Temp_Avg,0.10356279722079134,0.3933774223292358,1.1091154405454233,0.5130115340455585,2.3978740804432377,0.26326573753924,0.7923457659202117,False,Zika,Sergipe,negbin,lagged,1160.6471918233135,117,1.0261886640890823,1.2610681683908316,1.2610681683908316
Temp_Lag1,-0.11951680969491213,0.5296615365613934,0.8873490916261717,0.3142226646306588,2.5058294612048377,-0.2256475153374836,0.8214755818881674,False,Zika,Sergipe,negbin,lagged,1160.6471918233135,117,1.0261886640890823,1.2610681683908316,1.2610681683908316
Temp_Lag2,0.3983083530510161,0.44231177354492274,1.4893031902945015,0.6258636625241412,3.5439411575293773,0.9005149238030908,0.3678462869345891,False,Zika,Sergipe,negbin,lagged,1160.6471918233135,117,1.0261886640890823,1.2610681683908316,1.2610681683908316
Rain_mm,-0.011171482197920468,0.006197743242667633,0.9888906870862818,0.9769507291645559,1.000976571093036,-1.8025080679386192,0.07146550650558292,False,Zika,Sergipe,negbin,lagged,1160.6471918233135,117,1.0261886640890823,1.2610681683908316,1.2610681683908316
Rain_Lag1,-0.007451017420842138,0.006948691061203699,0.9925766725938523,0.9791499791622099,1.0061874809214184,-1.0722907890441489,0.28358944263591224,False,Zika,Sergipe,negbin,lagged,1160.6471918233135,117,1.0261886640890823,1.2610681683908316,1.2610681683908316
Rain_Lag2,-0.010078325815310691,0.006681460643137595,0.989972290325607,0.9770924659587734,1.0030218937885855,-1.5084015836659839,0.13145177795319088,False,Zika,Sergipe,negbin,lagged,1160.6471918233135,117,1.0261886640890823,1.2610681683908316,1.2610681683908316
Intercept,-46.3061934782894,12.001490627455333,7.753105513998738e-21,4.716291420256878e-31,1.2745320370369142e-10,-3.858370173814623,0.00011414567416720523,True,Zika,Tocantins,negbin,lagged,1493.0989867951548,120,1.5602772716231819,1.1152395298310558,1.1152395298310558
Temp_Avg,1.1426755122257473,0.5306671427162186,3.1351452734374305,1.1080125472590119,8.8709608116553,2.1532810687636794,0.031296595695406264,True,Zika,Tocantins,negbin,lagged,1493.0989867951548,120,1.5602772716231819,1.1152395298310558,1.1152395298310558
Temp_Lag1,-0.006652346215242945,0.5680508608650924,0.993369731656165,0.32626934290311027,3.0244442060977783,-0.01171082850770087,0.9906563243107215,False,Zika,Tocantins,negbin,lagged,1493.0989867951548,120,1.5602772716231819,1.1152395298310558,1.1152395298310558
Temp_Lag2,0.24704660199560133,0.4017940106126731,1.2802387730697862,0.5824746237870926,2.8138759168851384,0.6148588467480982,0.538647942611844,False,Zika,Tocantins,negbin,lagged,1493.0989867951548,120,1.5602772716231819,1.1152395298310558,1.1152395298310558
Rain_mm,0.001781677044411375,0.008194240292303258,1.0017832651739946,0.9858224279763732,1.0180025143501017,0.21743041219878317,0.8278729325564177,False,Zika,Tocantins,negbin,lagged,1493.0989867951548,120,1.5602772716231819,1.1152395298310558,1.1152395298310558
Rain_Lag1,0.004787305473461596,0.008681424835777454,1.0047987829283616,0.9878461744773387,1.0220423181863294,0.551442368507574,0.5813304633913736,False,Zika,Tocantins,negbin,lagged,1493.0989867951548,120,1.5602772716231819,1.1152395298310558,1.1152395298310558
Rain_Lag2,0.011819707455575285,0.00739231419441375,1.011889836225896,0.997334330857061,1.0266577705967086,1.5989184367335525,0.1098387268772263,False,Zika,Tocantins,negbin,lagged,1493.0989867951548,120,1.5602772716231819,1.1152395298310558,1.1152395298310558
